Date,Close,High,Low,Open,Volume,Returns,SMA_20,SMA_50,SMA_200,EMA_12,EMA_26,EMA_50,RSI_14,MACD,MACD_Signal,MACD_Hist,ROC,Momentum,ATR,Rolling_Vol,BB_Upper,BB_Middle,BB_Lower,BB_Width,Vol_Change,Vol_SMA_20,Vol_Ratio,OBV
2022-10-21,1123.084228515625,1143.6229813098248,1120.994103570685,1139.4879233106462,8243452,-0.0115974439041117,1092.9193054199218,1142.367292480469,1139.2487963867188,1108.0269813658,1112.346224514068,1125.038164007617,53.17785804846477,-4.319243148268015,-12.465388891054692,8.146145742786677,2.4200154114731984,17.8348388671875,23.58510855092658,0.0150309291288541,1136.1042572360311,1092.9193054199218,1049.7343536038122,7.902678926422116,-0.0543304027175238,11753079.55,0.7013865570236866,28060151
2022-10-24,1126.8331298828125,1137.1252236758137,1115.6778227953112,1117.8133802746593,3370033,0.0033380411477619,1093.8360473632813,1141.5107470703124,1139.4392291259765,1110.920234983802,1113.4193286154566,1125.1085548262522,54.25556453423951,-2.4990936316546595,-10.472129839174686,7.973036207520027,2.384292985130514,33.6478271484375,23.432415145896293,0.0143933943718273,1139.0363453678142,1093.8360473632813,1048.6357493587484,8.264547161979042,-0.5911866776200068,11445178.65,0.2944500128008049,31430184
2022-10-25,1109.4296875,1135.5347355693707,1107.8166013928017,1135.5347355693707,12233241,-0.0154445604422568,1095.2946533203126,1140.2282299804688,1139.4197900390625,1110.690919986294,1113.1237996439413,1124.4936972840462,48.65661052446583,-2.4328796576473906,-8.864279802869227,6.431400145221836,0.3782221361725599,38.0101318359375,23.73853793380149,0.0135767381398307,1140.5308569461458,1095.2946533203126,1050.0584496944794,8.26009758902825,2.6300062937069164,11432864.55,1.0700066415113787,19196943
2022-10-27,1113.7919921875,1121.6530982836084,1105.453847178534,1116.904583955269,12513059,0.0039320244776666,1096.541973876953,1138.6534130859377,1139.3961193847656,1111.168008017249,1113.1732953879086,1124.0740225743778,50.048100682461886,-2.005287370659971,-7.492481316427376,5.487193945767405,1.885013400892023,34.4886474609375,23.200017446035268,0.0135045770862465,1142.3699466295182,1096.541973876953,1050.714001124388,8.358635390952687,0.0228735786370921,11250776.4,1.11219515481616,31710002
2022-10-28,1147.8717041015625,1151.893061521459,1117.5634478847232,1120.0852998000876,17609592,0.0305979142901984,1100.942803955078,1137.594423828125,1139.6630975341798,1116.8147304917584,1115.7435478852162,1125.0072649872086,59.322998562296355,1.071182606542152,-5.779748531833471,6.850931138375623,7.135593898145269,65.1376953125,24.26437829517268,0.013355649169923,1148.6973513864737,1100.942803955078,1053.1882565236824,8.675209513126381,0.4072971285438675,11281403.05,1.560939886816649,49319594
2022-10-31,1158.5272216796875,1163.6846262416873,1150.62068370947,1154.6194450652783,12419943,0.0092828471509933,1106.0388488769531,1136.6230834960938,1139.939193725586,1123.2320368283629,1118.912708907029,1126.321773092796,61.716491657885214,4.319327921333979,-3.759933241199981,8.07926116253396,7.3402790179619135,81.29150390625,23.6607028555264,0.0132931636600832,1155.5026379911117,1106.0388488769531,1056.5750597627946,8.944313152179593,-0.2947058057903897,11168808.85,1.1120203744914123,61739537
2022-11-01,1149.5528564453125,1181.428644108962,1139.6243422706675,1181.428644108962,13963166,-0.0077463568109893,1109.4945251464844,1135.4284741210938,1140.1658880615234,1127.281393692509,1121.1823494654202,1127.2327959693655,58.58956704641039,6.099044227088825,-1.78813774754222,7.887181974631045,6.171307737066528,55.02734375,24.956674211438415,0.0128708665778529,1160.938925696944,1109.4945251464844,1058.0501245960247,9.273484345254898,0.1242536298274477,10936315.95,1.2767705380713696,47776371
2022-11-02,1156.732421875,1158.7999512079832,1142.805264482869,1150.666250908543,8981896,0.0062455287631475,1113.4966186523438,1134.808681640625,1140.3887371826172,1131.8123211052,1123.815688162426,1128.3896440440965,60.32157432865273,7.996632942773886,0.1688163905210011,7.827816552252885,7.379694415060429,42.89501953125,24.31653224812954,0.0127896301027475,1166.5392711286995,1113.4966186523438,1060.4539661759882,9.527222909855402,-0.3567435923915822,10792774.6,0.8322138034829338,56758267
2022-11-03,1161.0491943359375,1163.04857522189,1147.371914666693,1149.5530246719463,6693449,0.0037318677848938,1116.721697998047,1134.341110839844,1140.4847259521484,1136.3103016022364,1126.5737256567602,1129.6704107222076,61.367822737959216,9.73657594547626,2.0823683015120533,7.654207643964208,6.077855734655997,27.8316650390625,23.699398555777204,0.0123092731853412,1172.9952630981347,1116.721697998047,1060.448132897959,10.078350801452096,-0.2547844018679353,10680004.55,0.6267271674523771,63451716
2022-11-04,1178.1343994140625,1181.428720196316,1159.2088516372305,1160.4810755593053,12575815,0.0147153153901431,1120.598828125,1133.8499072265624,1140.6339837646483,1142.7447781886713,1130.3930348239678,1131.5709592983587,65.27100083769415,12.351743364703452,4.136243314150334,8.215500050553118,5.772565810325456,41.8724365234375,23.59371784172779,0.0125886420613248,1182.3147483886016,1120.598828125,1058.8829078613985,11.014810780565517,0.878824354977531,10641187.2,1.1818056353712112,76027531
2022-11-07,1184.427734375,1186.1090891689405,1169.6145286927683,1177.3392175630618,11789748,0.0053417801602835,1124.5577453613282,1133.548642578125,1140.8063299560547,1149.1575406788756,1134.3956051610812,1133.6437740072467,66.60926099696601,14.761935517794427,6.261381754879153,8.500553762915274,4.519009259404881,61.343505859375,23.086635172759536,0.0125945527467602,1191.743067519907,1124.5577453613282,1057.3724232027494,11.948754510065951,-0.0625062471100282,10844957.6,1.0871179431812623,87817279
2022-11-09,1183.2464599609375,1191.4028762322173,1176.9075752515669,1186.109174333478,11254205,-0.0009973376845028,1129.0608032226562,1133.2937280273438,1140.942763671875,1154.401989799193,1138.0141869981076,1135.5889773779795,66.09442636651029,16.3878028010854,8.286665964120402,8.101136836964997,4.135005712132173,56.413330078125,22.47296844475174,0.0121839775647488,1199.2376114012616,1129.0608032226562,1058.8839950440508,12.431006014609856,-0.045424465391457,11091191.5,1.0146975642788243,76563074
2022-11-10,1168.9329833984375,1179.8611290593667,1164.616195791804,1176.8848340514855,5966242,-0.0120967837613243,1133.936474609375,1132.8802319335937,1141.0765863037109,1156.637527276,1140.3044682129469,1136.8965854572134,60.038988898453375,16.333059063053042,9.895944583906932,6.437114479146111,4.082396824627354,59.5032958984375,22.198489567921857,0.0114806816469723,1200.8928125216555,1133.936474609375,1066.9801366970942,11.809539495648783,-0.4698655302617999,10928744.75,0.545921982485683,70596832
2022-11-11,1195.8785400390625,1197.7869359415272,1175.9759587388326,1181.4286729917058,12310132,0.0230514127185343,1139.765234375,1133.1905834960935,1141.3455895996094,1162.674606162625,1144.4210661259924,1139.209603283953,66.2986971008587,18.25354003663256,11.567463674452055,6.686076362180501,6.127385530760045,82.0865478515625,22.673879780433847,0.0122049924114543,1206.9787861542568,1139.765234375,1072.5516825957434,11.794280041558528,1.06329746597607,11173396.2,1.101735925197032,82906964
2022-11-14,1190.0849609375,1200.5133505404451,1183.7687931045675,1195.4013783558953,9043112,-0.0048446216798683,1145.132781982422,1133.0188208007812,1141.6856066894532,1166.891583820298,1147.803576852771,1141.2047153487977,63.97813259649266,19.088006967527463,13.071572333067138,6.016434634460325,7.269976127937356,42.2132568359375,22.250356755822686,0.0124055444557615,1210.3886024998994,1145.132781982422,1079.8769614649443,11.397074914667714,-0.2653927675186586,11259127.2,0.8031805520413696,73863852
2022-11-15,1184.7459716796875,1193.4248592098502,1176.8848651845096,1191.561895358841,7086433,-0.0044862252973995,1150.5082946777345,1133.4450463867188,1141.998023071289,1169.6384127217427,1150.5400505436537,1142.912215597068,61.83036516682476,19.098362178089246,14.27693030207156,4.8214318760176855,6.370487486881019,26.21875,21.842473703645393,0.0123813933402675,1209.9605970588698,1150.5082946777345,1091.0559922965988,10.334962843147258,-0.2163723063476378,11158144.4,0.6350906338871184,66777419
2022-11-16,1177.9527587890625,1188.6764594316192,1172.954366703904,1185.9727580356148,9716161,-0.0057338982811596,1154.679656982422,1134.0071362304689,1142.5028198242187,1170.9175428859455,1152.570621524795,1144.2863545457735,59.11125541830027,18.346921361150866,15.09092851388742,3.2559928472634407,2.6205937980712224,28.39990234375,21.40530363393609,0.0123012612935873,1209.349580623154,1154.679656982422,1100.0097333416898,9.469279779918107,0.3710933272070731,10807484.7,0.8990214901715291,57061258
2022-11-17,1180.9970703125,1187.3358341262497,1172.340779737592,1174.5900378958909,6661451,0.002584408840442,1158.037640380859,1134.2729565429688,1143.0333679199218,1172.468239413108,1154.6762843979582,1145.7259904581942,59.96103505013329,17.791955015149824,15.631133814139902,2.160821201009922,1.9395183999418375,24.2646484375,20.94742868784478,0.0118590463058018,1210.4647291513604,1158.037640380859,1105.6105516103582,9.05447058754648,-0.3143947491195339,10519766.25,0.6332318458121634,63722709
2022-11-18,1180.3609619140625,1185.518366679259,1168.2967693410817,1184.495900066872,5303197,-0.0005386197937554,1160.3948120117188,1134.2802270507811,1143.640336303711,1173.6825044132547,1156.5788531028547,1147.084224632934,59.681927168510654,17.103651310399982,15.92563731339192,1.1780139970080636,2.680007734834908,19.311767578125,20.681297877154257,0.0113812413506932,1212.3835911719514,1160.3948120117188,1108.4060328514863,8.960532850039577,-0.2038976193024613,9822569.0,0.5398991852335168,58419512
2022-11-21,1159.117919921875,1175.9759375856167,1155.5736016352212,1175.9759375856167,6390268,-0.017997072656266,1161.5376098632812,1133.99986328125,1144.1461840820311,1171.4417991068883,1156.766932126486,1147.5561342521082,51.12350235643159,14.674866980402612,15.67548324679406,-1.0006162663914466,0.2062273004337717,-19.0164794921875,20.974588048703332,0.0122330942568609,1212.3456448596753,1161.5376098632812,1110.729574866887,8.748409791461588,0.2049840879001854,9706229.75,0.6583676839093985,52029244
2022-11-22,1165.547607421875,1167.1152613187112,1152.5746494360667,1156.4369938334312,6611488,0.0055470521070308,1163.6607788085937,1133.814921875,1144.569252319336,1170.5350003861172,1157.417352518737,1148.26168221955,53.30607748024872,13.117647867380128,15.163916170911271,-2.0462683035311446,0.3874437972036464,-18.880126953125,20.515018322556273,0.0118949622201748,1211.3148294589196,1163.6607788085937,1116.0067281582678,8.190368106952295,0.0346182664013465,9624631.55,0.6869341403515856,58640732
2022-11-23,1161.912353515625,1171.3865449235016,1159.731243837616,1170.0687686238546,6413408,-0.003118923571291,1165.4147399902345,1133.7035913085938,1144.9920343017577,1169.2084393291184,1157.7503155555437,1148.7970026625335,51.895084307426565,11.458123773574926,14.422757691444003,-2.9646339178690795,-1.37692659738188,-21.3341064453125,19.8821813770798,0.0119420995647257,1210.0012769402815,1165.4147399902345,1120.8282030401872,7.651617131669518,-0.0299599727020604,9776800.3,0.655982305376535,52227324
2022-11-24,1171.9320068359375,1178.7024981272689,1157.8911489931052,1165.9794167577484,9389439,0.0086234157765823,1168.5398559570312,1133.531376953125,1145.4539318847656,1169.6274497147829,1158.800811205943,1149.7042577281572,55.39931241686424,10.826638508839778,13.70353385492316,-2.8768953460833817,-1.0550012614873676,2.9990234375,19.948550502585793,0.0113310172202325,1205.0161991253783,1168.5398559570312,1132.0635127886842,6.243063594689806,0.4640326952534439,9634610.2,0.9745530753283616,61616763
2022-11-25,1189.4261474609375,1192.7431844497548,1173.295044904841,1176.430472976704,7349922,0.0149276071674429,1172.3215637207031,1133.5118383789063,1146.073049926758,1172.6734032141912,1161.069354632239,1151.2619788941486,60.77234919425016,11.604048581952156,13.28363680032896,-1.6795882183768036,0.5222654543334961,-6.452392578125,20.010166724816617,0.0116508329239206,1199.9096059417018,1172.3215637207031,1144.7335214997045,4.706565685517204,-0.2172139357846618,9376453.35,0.7838701613121127,68966685
2022-11-28,1230.299072265625,1236.4333911015242,1136.8980043426527,1185.472920181286,31527484,0.0343635667434576,1176.4429321289062,1134.5951196289063,1146.9451080322265,1181.5388907605657,1166.197481864342,1154.3614727518536,69.89699308209697,15.341408896223813,13.695191219507931,1.6462176767158798,5.249752529762479,40.214111328125,25.690539584391964,0.0121346526404715,1211.7399084257406,1176.4429321289062,1141.145955832072,6.0006270313444805,3.2894991266573985,10072347.95,3.130102748287206,100494169
2022-11-29,1232.4119873046875,1241.2500078770877,1224.1419904117938,1228.6632233258863,11058913,0.0017173995223547,1180.1371704101562,1135.9537646484375,1147.8598876953124,1189.365520998123,1171.102260045108,1157.4222772441217,70.28182996471128,18.26326095301488,14.608805166209322,3.654455786805556,3.054946304532872,47.666015625,25.07750229017067,0.0120640122954346,1222.0131711869567,1180.1371704101562,1138.2611696333556,7.096802274645167,-0.6492294469168551,10004296.45,1.1054163633865528,111553082
2022-11-30,1241.1136474609375,1247.5206802015884,1226.0504438987869,1232.54834119291,26164986,0.0070606747142087,1184.7152099609375,1138.063525390625,1148.729970092773,1197.3267712231714,1176.288288742577,1160.7042917624285,71.87639614390703,21.03848248059444,15.894740629086346,5.143741851508093,4.2878187859158565,63.160888671875,24.81984043393003,0.0118108762321245,1231.8990181488048,1184.7152099609375,1137.5314017730702,7.9654262545380865,1.365963634943145,10614387.45,2.4650490782678185,137718068
2022-12-01,1237.4556884765625,1251.860003139314,1234.1386516701657,1245.8619813701127,9485801,-0.0029473199266307,1188.7513732910156,1140.0705883789062,1149.5195989990234,1203.500450800616,1180.8192072413906,1163.7141504571002,70.1718651505874,22.68124355922555,17.25204121511419,5.42920234411136,4.4490311051359965,56.4586181640625,24.312805507874184,0.0118935780235654,1239.3562507871638,1188.7513732910156,1138.1464957948674,8.513954832464323,-0.6374620265418831,10639582.7,0.891557617198652,128232267
2022-12-02,1236.9332275390625,1248.6793948058917,1227.1410088571656,1240.50026242272,11589592,-0.0004222057746109,1192.5455749511718,1142.0635693359377,1150.312163696289,1208.6439549142233,1184.9758013375144,1166.5854868132556,69.91683001552008,23.668153576708846,18.53526368743312,5.132889889275724,5.007031759969053,56.572265625,24.114632682220748,0.0119245400952036,1245.5935328141531,1192.5455749511718,1139.4976170881905,8.896592126494344,0.2217831683376026,10884389.85,1.064790232591678,116642675
2022-12-05,1218.8936767578125,1234.479471928364,1216.871700030192,1232.3210781772725,14828536,-0.0145840942579742,1194.583538818359,1143.6330517578126,1151.0250610351563,1210.2208351978525,1187.4882365538328,1168.6367883797088,61.59297084291999,22.732598644019617,19.374730678750424,3.357867965269193,3.2088654068620848,59.7757568359375,23.825125169838593,0.0122359340922175,1248.3867054930745,1194.583538818359,1140.7803721436442,9.007853352463805,0.2794700624491353,10997025.9,1.3484133014545323,101814139
2022-12-06,1222.415283203125,1225.5051588426245,1209.146894711336,1211.009978665276,8594245,0.0028891826354204,1196.4829162597655,1145.4878955078125,1151.8412823486328,1212.0969041217406,1190.0754251945211,1170.7457489610192,62.530786241649295,22.021478927219505,19.90408032844424,2.1173985987752637,3.562835661801929,56.86767578125,23.291777952799297,0.0122105435228273,1251.3886840067787,1196.4829162597655,1141.5771485127527,9.17786071173498,-0.4204252530391402,10837250.75,0.7930281579947756,110408384
2022-12-07,1204.375732421875,1224.5963402295367,1200.5815364526634,1220.0523915216042,8462111,-0.0147573014090436,1197.5393798828125,1147.4054443359375,1152.3874969482422,1210.9090315525305,1191.1347072113622,1172.064571841837,55.10763966351658,19.774324341168267,19.87812913098905,-0.1038047898207814,3.904504599760686,42.46337890625,23.34342265451887,0.0127435662275134,1252.1982988683292,1197.5393798828125,1142.8804608972955,9.128538051227254,-0.0153747071441412,10697646.05,0.7910255172445156,101946273
2022-12-08,1203.8077392578125,1210.9645247591304,1199.6500849785011,1208.6925503476532,7757008,-0.0004716079449063,1199.283117675781,1149.8764477539062,1152.9421942138672,1209.816525045651,1192.073450325914,1173.3094019365813,54.88670524299361,17.74307471973657,19.451118248738553,-1.7080435290019835,3.2825885096677205,31.875732421875,22.484209592098185,0.0123764207349508,1252.383289244142,1199.283117675781,1146.1829461074203,8.855318779316978,-0.0833247164921376,10787184.35,0.7190947839878161,94189265
2022-12-09,1185.5638427734375,1208.6925984914808,1182.269401621288,1202.3309977712286,12655763,-0.015155157995265,1198.7673828125,1151.8108129882812,1153.336488647461,1206.085343157618,1191.5912571738788,1173.789968243909,48.20208729186494,14.494085983739067,18.459711795738656,-3.965625811999587,2.035565693595532,-3.8623046875,22.76556582624781,0.0118178731399702,1252.1891926076096,1198.7673828125,1145.3455730173905,8.912790014318446,0.6315263565539704,10804465.9,1.1713455451786838,81533502
2022-12-12,1187.3812255859375,1191.8797417479038,1174.612713657261,1174.839995212842,9479842,0.0015329269896158,1198.6321960449218,1154.3613354492188,1153.7831231689454,1203.2077866081286,1191.2794029821794,1174.3229587279102,48.87011996408371,11.928383625949207,17.153446161780767,-5.225062535831558,1.318269205029297,-42.9178466796875,22.372813130847444,0.0117766712786343,1252.154795806993,1198.6321960449218,1145.1095962828506,8.93061273319331,-0.2509466240794806,10826302.4,0.8756306308236873,91013344
2022-12-13,1192.7886962890625,1196.4237590933476,1184.473147579326,1187.381293975718,8333348,0.0045541150446071,1199.0343322753906,1157.0849829101562,1154.3122778320312,1201.6048496359645,1191.391202486393,1175.0471052989358,50.89923264759344,10.213647149571443,15.765486359338905,-5.55183920976746,0.2827034562257621,-39.623291015625,21.628370158217027,0.0117708618189702,1252.253555151664,1199.0343322753906,1145.815109399117,8.87701401765201,-0.1209402013240305,10888648.15,0.765324389694785,99346692
2022-12-14,1188.471923828125,1199.127475241392,1186.4271108317469,1198.5367354613884,7268947,-0.0036190588277433,1199.5602905273438,1159.245634765625,1154.8445330810546,1199.5843995116816,1191.1749596228176,1175.5735687706688,49.21995588823872,8.409439888863972,14.294277065243918,-5.884837176379946,-3.3997545296424807,-52.6417236328125,20.990655461890466,0.0117222222354521,1252.1398065153478,1199.5602905273438,1146.9807745393398,8.766464912720528,-0.1277278951989044,10766287.45,0.6751581762755183,92077745
2022-12-15,1171.5911865234375,1188.2447615787812,1168.251433132731,1182.5648851623062,8688551,-0.0142037325125139,1199.0899963378906,1161.1436474609377,1155.326240234375,1195.277751359644,1189.7243097636042,1175.4173969178362,43.2155744913836,5.553441596039875,12.54610997140311,-6.992668375363236,-4.935102985671735,-65.864501953125,20.935643692854992,0.0121587732422691,1252.4871528337335,1199.0899963378906,1145.6928398420478,8.906280038849749,0.1952970629721195,10867642.45,0.7994881171306847,83389194
2022-12-16,1165.797607421875,1189.9715469866571,1162.4124217557498,1168.2514313366491,15837349,-0.0049450517963985,1198.3618286132812,1162.5286474609377,1156.046880493164,1190.7423445999873,1187.9519614419946,1175.0401502709358,41.351108691125695,2.790383157992665,10.59496460872102,-7.804581450728357,-6.068424128051737,-71.1356201171875,21.408749517001585,0.0122025974152498,1253.1400788113126,1198.3618286132812,1143.5835784152498,9.142188759703677,0.8227836839537455,11394350.05,1.389930003072005,67551845
2022-12-19,1181.1107177734375,1183.2463953663826,1166.297391645052,1172.7952889779006,7729933,0.0131353077533131,1199.461468505859,1164.1390258789063,1156.7802239990235,1189.2605558574412,1187.445202651731,1175.278211741622,47.76572727011237,1.815353205710153,8.839042328118849,-7.023689122408696,-4.553291986761284,-37.782958984375,21.125895118966294,0.0118401807616144,1251.8763819785588,1199.461468505859,1147.0465550331598,8.739741100310875,-0.5119174932622877,11461333.3,0.674435756963808,75281778
2022-12-20,1191.334716796875,1193.2431129001116,1165.9794185762812,1174.1131186326063,7467588,0.008656257935506,1200.7508239746094,1165.860732421875,1157.3934857177735,1189.579657540431,1187.7333148106306,1175.907878606534,51.57402972526635,1.8463427298004265,7.440502408455164,-5.594159678654738,-3.686416511981646,-31.08056640625,21.56430934788516,0.0119230593710645,1250.9887800257322,1200.7508239746094,1150.5128679234865,8.367757081328502,-0.0339388452655411,11504138.3,0.649121890337497,82749366
2022-12-21,1174.3856201171875,1196.4237592798247,1170.5687080191292,1190.9710448813423,8527550,-0.0142269812511284,1201.3744873046876,1167.4847387695313,1157.833682861328,1187.2421133214705,1186.7445966851903,1175.848182195187,45.634166508761446,0.4975166362801246,6.0519052540201566,-5.554388617740032,-3.651512637182095,-29.9901123046875,21.8707909130859,0.0123828151243624,1249.9505703267614,1201.3744873046876,1152.7984042826138,8.08675122293556,0.1419416818389016,11609845.4,0.7345102114796463,74221816
2022-12-22,1171.3411865234375,1183.541675654874,1166.3200787009305,1180.519948544436,7451122,-0.0025923627994067,1201.3449462890626,1169.4831713867188,1158.3045153808594,1184.7958168910038,1185.6036033398752,1175.6714372668832,44.639652701645126,-0.8077864488714113,4.679966913441843,-5.487753362313255,-4.178129755205349,-32.466552734375,21.538705630290025,0.0122539314643275,1249.9932787477796,1201.3449462890626,1152.6966138303455,8.098978167593089,-0.1262294562916663,11512929.55,0.6471960040787359,66770694
2022-12-23,1136.9888916015625,1177.112082738486,1132.4676588679465,1164.7524600759673,10257115,-0.0293273175374574,1198.7230834960938,1170.6368823242187,1158.7230432128906,1177.4409053080128,1182.0025135814817,1174.1544746917727,35.29321952696401,-4.561608273468892,2.8316518760596967,-7.393260149528588,-5.595167604780987,-48.574951171875,23.18911407602212,0.013370013276853,1254.7506873613338,1198.7230834960938,1142.6954796308537,9.34788103051035,0.3765866402402216,11658289.2,0.8798130518155272,56513579
2022-12-26,1146.9173583984375,1155.0737739248264,1132.5357596211306,1142.6915558359974,5990242,0.0087322460845591,1194.5539978027343,1171.9205493164063,1159.385968017578,1172.744975014232,1179.4036131975524,1173.086352484191,39.25205800871933,-6.658638183320363,0.9335938641836848,-7.592232047504048,-4.725869339770968,-40.4638671875,23.14260694942738,0.0106322344982606,1252.9228705863509,1194.5539978027343,1136.185125019118,9.772496327663744,-0.4159915336817419,10381427.1,0.5770152737478647,62503821
2022-12-27,1156.30078125,1158.1637450751375,1142.918811616,1149.6211545027727,5763271,0.0081814289258517,1190.7484375,1173.5018505859375,1160.1049822998048,1170.215099050504,1177.6922923125485,1172.4280947887326,42.81310953052724,-7.477193262044466,-0.7485635610619452,-6.728629700982521,-2.468282218777964,-36.4879150390625,22.57848741440667,0.0108926000507148,1248.670906323929,1190.7484375,1132.8259686760707,9.728749918923022,-0.0378901219683611,10116645.0,0.5696820438000938,68267092
2022-12-28,1156.1871337890625,1158.6181211536698,1145.75874366298,1153.2562711921107,7459393,-9.828537935829829e-05,1186.5021118164063,1174.7350830078126,1160.5548480224609,1168.0569505487438,1176.0993176071051,1171.791194357373,42.780399973603366,-8.042367058361378,-2.207324260521832,-5.835042797839547,-2.6271336555352423,-32.2847900390625,21.884265276998327,0.0106552909560684,1241.406147509354,1186.5021118164063,1131.598076123459,9.254772519350269,0.294298498196597,9181365.35,0.8124492072412738,60807699
2022-12-29,1155.66455078125,1158.209118855438,1147.5762834083114,1148.2578877514563,6930648,-0.0004519882573852,1182.412554931641,1175.5716259765625,1160.9157067871097,1166.1504275075908,1174.5856311755604,1171.1587769622308,42.61915619511615,-8.435203667969517,-3.452900142011369,-4.982303525958148,-3.112382404638061,-15.9266357421875,21.080591717721777,0.0106764873871972,1233.5837662964736,1182.412554931641,1131.2413435668077,8.655390396762382,-0.0708831134115067,9053607.7,0.7655122940659336,53877051
2022-12-30,1157.4365234375,1170.977503884203,1154.6647942823151,1156.4823255378851,7289476,0.0015332932511014,1178.4377197265626,1176.056005859375,1161.269800415039,1164.809826881423,1173.315326898667,1170.6206493730258,43.39818744598186,-8.505500017244003,-4.463420117057896,-4.042079900186107,-2.611370093679495,-8.361083984375,20.740028709447927,0.0107136843482356,1224.1056000631886,1178.4377197265626,1132.7698393899366,7.750580208383435,0.0517740909652315,8838601.9,0.8247317938372131,61166527
2023-01-02,1170.477783203125,1171.88642405352,1157.8910002870923,1158.708901395193,5316175,0.0112673649928494,1176.0169250488282,1176.740322265625,1161.6444873046876,1165.681820161685,1173.105138476775,1170.615046778128,48.8971445298425,-7.42331831509,-5.055399756664317,-2.367918558425683,-0.0950334325761187,-10.6329345703125,20.29073384563164,0.0108344454136366,1217.819431349072,1176.0169250488282,1134.2144187485842,7.109167463471384,-0.2707054663462778,8362983.85,0.6356792139446736,66482702
2023-01-03,1161.912353515625,1169.160002972484,1157.7092673063355,1165.5475363123066,7658932,-0.0073178917279914,1172.9917785644532,1177.516884765625,1162.1018048095702,1165.1019022161372,1172.2760432944676,1170.2737646894022,45.753126281260734,-7.174141078330422,-5.479148020997538,-1.6949930573328835,-0.3332700188707813,-29.42236328125,19.75343256357149,0.0108339912937296,1209.3245426723263,1172.9917785644532,1136.65901445658,6.194888109503782,0.4406847028173453,8316218.2,0.9209633292209672,58823770
2023-01-04,1144.4183349609375,1163.7301788455284,1142.350805656606,1161.8898109401732,9264891,-0.0150562290707689,1169.9939086914062,1177.8685888671876,1162.381294555664,1161.9198149461065,1170.2125093438358,1169.259826268678,40.084210490219,-8.292694397729292,-6.041857296343889,-2.250837101385403,-3.106599767519711,-29.96728515625,19.869571179667975,0.0108520134024701,1205.3551682354769,1169.9939086914062,1134.6326491473355,6.04469122127668,0.2096844573107581,8356357.2,1.1087236672936862,49558879
2023-01-05,1142.37353515625,1152.5293324862785,1137.806869836127,1146.6676067944138,13637099,-0.001786759039261,1166.9221984863282,1178.5274658203125,1162.4731298828126,1158.9126949784363,1168.1503631077182,1168.205461911328,39.46864070245039,-9.237668129281928,-6.681019462931498,-2.556648666350431,-4.10977544348462,-28.9676513671875,19.501920570416804,0.0108430970007363,1200.6353864331354,1166.9221984863282,1133.209010539521,5.778138078192062,0.4719114342521677,8650361.75,1.5764773074374607,35921780
2023-01-06,1152.7562255859375,1157.7773327318898,1144.304501308931,1148.0986967891931,6349597,0.0090887000706536,1165.2818176269532,1179.3067504882813,1162.649262084961,1157.965545841129,1167.0100566246233,1167.5996095064108,44.157952294598765,-9.044510783494388,-7.153717727044076,-1.8907930564503124,-1.8417625489225324,15.767333984375,19.209197499361306,0.0107152593586593,1198.3944801804084,1165.2818176269532,1132.169155073498,5.683202475584455,-0.5343879955700256,8335053.45,0.7617943949717563,42271377
2023-01-09,1179.9747314453125,1182.3376907366148,1155.687332011369,1156.57338165,10722753,0.0236116754394799,1164.9114929199218,1179.9488110351565,1162.817119140625,1161.3515743956186,1167.9704029076372,1168.0849084059755,54.17936272580594,-6.618828512018581,-7.046739884038978,0.4279113720203966,0.7370649150910097,33.057373046875,19.950073760169595,0.0120782442351679,1197.182213963798,1164.9114929199218,1132.6407718760456,5.5404588657611455,0.6887296941837411,8397199.0,1.276944014307628,52994130
2023-01-10,1162.52587890625,1184.155127696438,1156.891435377878,1184.155127696438,8047142,-0.0147874798282248,1163.398352050781,1180.0287841796876,1162.8795025634763,1161.5322366280234,1167.5671048334605,1167.866907249124,48.20677096812945,-6.034868205437078,-6.844365548318598,0.80949734288152,2.2460190678482443,6.22509765625,20.472475085768913,0.0124427324336341,1193.0285999883156,1163.398352050781,1133.768104113247,5.09374074414039,-0.249526497532863,8382888.7,0.9599485676101128,44946988
2023-01-11,1147.8717041015625,1162.344167776754,1145.5768933771294,1159.8450319996036,11509553,-0.0126054611519484,1161.368341064453,1179.9951611328124,1162.7792779541016,1159.430616239337,1166.1081862607273,1167.082781635494,43.836174010221505,-6.677570021390238,-6.811006442932927,0.1334364215426884,0.0832096311156763,-8.3154296875,20.22079726029403,0.012694008634608,1189.367383430119,1161.368341064453,1133.3692986987871,4.821733359806133,0.4302659254677001,8594919.0,1.3391112819096955,33437435
2023-01-12,1123.084228515625,1150.7569299071174,1120.0852177263123,1147.280880250268,17688773,-0.0215942909798779,1158.9429931640625,1179.322197265625,1162.5161639404296,1153.838864281843,1162.921226427757,1165.357348179813,37.622653271706014,-9.082362145913748,-7.265277583529092,-1.8170845623846563,-2.872656775209197,-32.580322265625,20.967291183187683,0.0131767816927184,1191.0778724156985,1158.9429931640625,1126.8081139124267,5.545549598415266,0.5368774964588112,9044930.1,1.9556561304990072,15748662
2023-01-13,1121.266845703125,1123.675117069892,1106.2717897707075,1117.0863548772086,20618583,-0.0016182070465916,1156.716455078125,1178.5265502929688,1162.184856567383,1148.8277845005016,1159.8357167444506,1163.6283088670018,37.2062446169457,-11.007932243948972,-8.013808515613068,-2.9941237283359037,-3.020297239556416,-36.169677734375,20.712722334330305,0.013159021740261,1192.5957227309025,1156.716455078125,1120.8371874253476,6.203640917402536,0.1656310474446136,9283991.8,2.220874753465422,-4869921
2023-01-16,1110.58837890625,1126.7420752597088,1102.818138463134,1123.5840516608462,13623855,-0.0095235731242715,1153.1903381347656,1177.1756298828125,1161.7987994384766,1142.9447990244628,1156.1877657934726,1161.548311613639,34.77104147822109,-13.242966769009854,-9.059640166292423,-4.183326602717429,-3.900454664333841,-59.889404296875,20.942094795919207,0.0127694288602083,1192.4857795533408,1153.1903381347656,1113.8948967161905,6.815083359462372,-0.3392438752944371,9578687.9,1.4223091035255464,-18493776
2023-01-17,1126.3560791015625,1128.2644751675343,1113.5421334042796,1116.9046027544262,10751000,0.0141976095687594,1149.94140625,1176.0141967773438,1161.3774450683593,1140.3926882670935,1153.9780112237015,1160.168224064146,40.92003098792267,-13.585322956608024,-9.964776724355543,-3.620546232252479,-2.685282838978582,-35.5562744140625,20.70880918630243,0.0130916112698325,1186.7507291123095,1149.94140625,1113.1320833876905,6.401947553544705,-0.210869463892562,9742858.5,1.1034749196039335,-7742776
2023-01-18,1124.492919921875,1131.9450149571076,1117.9724269094495,1123.947732620178,13448286,-0.0016541475775349,1147.4467712402345,1174.8391259765624,1161.0332824707032,1137.9465700601368,1151.7939303865292,1158.769192529155,40.43498062122867,-13.84736032639239,-10.741293444762915,-3.1060668816294754,-3.928725853762726,-19.9254150390625,20.22765053354212,0.0128087243995426,1184.053527545806,1147.4467712402345,1110.8400149346626,6.380558510091892,0.2508869872569994,9988895.3,1.346323652025865,-21191062
2023-01-19,1123.2889404296875,1127.423878776926,1116.2911675478767,1123.6751148013898,11940054,-0.0010706865920251,1145.0441589355469,1173.9262451171876,1160.6353173828124,1135.6915501169908,1149.6824496489853,1157.3778100938816,40.10415883120637,-13.9908995319945,-11.391214662209231,-2.5996848697852677,-3.324124489172849,-19.0845947265625,19.578012011792623,0.0128101031376595,1181.3690259720263,1145.0441589355469,1108.7192918990677,6.3447102459782245,-0.1121505000711614,10213341.9,1.169064358846148,-33131116
2023-01-20,1109.9296875,1124.6293134044963,1107.475983857866,1124.6293134044963,14930286,-0.0118929800239796,1143.6911987304688,1172.2072680664062,1160.1527783203126,1131.7281866374535,1146.7378006009124,1155.5170994039256,36.53254450572416,-15.009613963458603,-12.114894522459108,-2.8947194409994967,-3.0136398908808726,-42.8265380859375,19.40482040713818,0.0113653564765874,1183.0078836673624,1143.6911987304688,1104.3745137935753,6.875402203066049,0.2504370583248618,10447000.45,1.4291457219186778,-48061402
2023-01-23,1104.3177490234375,1120.6305800710877,1101.9094778576764,1112.8150268033935,10954118,-0.005056120707252,1141.5612182617188,1170.491923828125,1159.72744140625,1127.5111962352971,1143.5955745581364,1153.5092817419456,35.117675232858446,-16.08437832283903,-12.908791282535091,-3.1755870403039363,-3.331290944831575,-75.656982421875,19.355983393300544,0.0111510232595242,1184.4054306405649,1141.5612182617188,1098.7170058828726,7.506248757133845,-0.26631559502611,10695194.25,1.0242093545893287,-59015520
2023-01-24,1097.7972412109375,1110.3839043654414,1084.8014472016189,1108.7253859560433,16488755,-0.0059045576495226,1138.6360412597655,1168.75294921875,1159.2853533935547,1122.939818539242,1140.2031054213069,1151.3244958387688,33.49450824749414,-17.263286882064904,-13.779690402441055,-3.4835964796238468,-4.767615490175709,-64.7286376953125,19.8007315197664,0.0109279113977108,1184.9070482342822,1138.6360412597655,1092.3650342852488,8.127444643913313,0.505256288091839,11231468.45,1.468085413176761,-75504275
2023-01-25,1082.6204833984375,1097.229365511981,1081.4618400458698,1096.207019001925,12385018,-0.0138247367025253,1134.9577087402345,1166.8463037109375,1158.872006225586,1116.7368439021952,1135.9377260122055,1148.630220841109,30.01686489891831,-19.200882110010298,-14.863928743954906,-4.336953366055392,-8.250536681207484,-65.251220703125,19.5532079230022,0.0111945429208266,1186.46330009348,1134.9577087402345,1083.452117386989,9.076213317307667,-0.2488809494713215,11477749.7,1.079045834219577,-87889293
2023-01-27,1062.0816650390625,1084.8014072954272,1050.403647808396,1083.4610350495243,25830975,-0.0189713927219462,1130.278564453125,1164.4679956054688,1158.2590405273438,1108.3283548463287,1130.4669066808617,1145.236159829264,26.071725579426,-22.13855183453302,-16.31885336207053,-5.819698472462488,-8.640170140701672,-61.0025634765625,20.613533034718557,0.0117075055704308,1189.7905570533885,1130.278564453125,1070.7665718528615,10.530500085889509,1.0856630971388173,12422766.05,2.079325562119879,-113720268
2023-01-30,1072.26025390625,1077.781116815708,1045.564464693845,1059.5144571522903,21772103,0.0095836216764113,1126.0197509765626,1162.3059814453125,1157.7093096923827,1102.7794162401628,1126.155302771631,1142.3743595969888,30.917486118541632,-23.375886531468268,-17.730259995950078,-5.64562653551819,-6.587099405372439,-49.006591796875,21.44232725522888,0.0120466040737097,1189.224507275788,1126.0197509765626,1062.8149946773372,11.226225160688324,-0.1571319704347203,13146897.4,1.6560639622851243,-91948165
2023-01-31,1069.5792236328125,1084.9378563899695,1063.7402148448057,1082.370452122445,22691594,-0.0025003540545968,1120.9748229980469,1160.5152075195313,1157.2574786376954,1097.6716943005706,1121.9644820946817,1139.5196483827074,30.353129422940924,-24.292787794111064,-19.042765555582275,-5.250022238528789,-4.764113280580015,-41.0091552734375,21.424849704509946,0.0115256507131516,1185.277539309936,1120.9748229980469,1056.6721066861578,11.472642381014673,0.0422325303164328,14015668.35,1.6190161919748909,-114639759
2023-02-01,1063.240478515625,1081.438989315294,1047.3819702702858,1081.438989315294,19347800,-0.00592639140433,1116.0412292480469,1158.4690649414065,1156.7952404785156,1092.3745841798095,1117.6145559036404,1136.52830838792,29.00506809170749,-25.23997172383065,-20.28220678923195,-4.9577649345987,-5.175072054423653,-63.1156005859375,22.32714751454554,0.0115115180388562,1182.1392818783213,1116.0412292480469,1049.9431766177725,11.845091542865168,-0.1473582684407274,14600111.75,1.3251816377364372,-133987559
2023-02-02,1057.3560791015625,1066.9210156997124,1050.1084290116537,1053.2891691648742,13662663,-0.0055344012318621,1111.6881164550782,1156.377939453125,1156.3212451171876,1086.9871218600797,1113.1509650294124,1133.4235150825723,27.771973324109453,-26.16384316933295,-21.458534065252152,-4.705309104080797,-4.793161968533536,-67.1368408203125,21.933250312653623,0.0112397553785806,1181.1207567719796,1111.6881164550782,1042.2554761381768,12.49138841895807,-0.2938389377603655,14820000.35,0.9219070632478088,-147650222
2023-02-03,1058.2874755859375,1067.3753725425988,1041.929212987467,1067.3753725425988,24699575,0.000880873059496,1107.4838134765623,1154.105048828125,1155.632354736328,1082.5717916640576,1109.0870028484144,1130.4770037297633,28.291621731321968,-26.51521118435676,-22.469869489073076,-4.045341695283682,-6.043257969533036,-65.00146484375,22.184172401402066,0.0112817591289949,1179.1231434016065,1107.4838134765623,1035.8444835515188,12.937314126543631,0.8078155773878051,15373124.15,1.6066724472526943,-122950647
2023-02-06,1050.3128662109375,1054.6523697762398,1047.7455820077842,1051.9259524136774,14837879,-0.0075353904860158,1102.3616455078125,1151.322783203125,1154.7277459716795,1077.6088800558853,1104.7333630974902,1127.3333120623583,26.53156667089533,-27.12448304160489,-23.40079219957944,-3.723690842025451,-6.596755959663242,-59.6168212890625,21.352581056884297,0.0108913112836159,1174.9635212130477,1102.3616455078125,1029.7597698025772,13.172061274281823,-0.3992658173268163,15797538.25,0.9392526079181988,-137788526
2023-02-07,1047.7911376953125,1057.5606408068884,1041.9294117901225,1050.5629876609778,15135435,-0.0024009308052392,1095.7524658203124,1147.6726245117188,1153.66638671875,1073.0215350773356,1100.5154204751066,1124.214011106788,25.981139082843725,-27.49388539777101,-24.219410839217755,-3.274474558553255,-6.721138259003522,-56.526611328125,20.9439130540187,0.0086742473813133,1162.7385626926198,1095.7524658203124,1028.766368948005,12.226501689349996,0.0200538095775009,16018172.35,0.9448915063022156,-152923961
2023-02-08,1068.7159423828125,1072.3284093286718,1048.290888887822,1051.017186057536,21160332,0.0199703967085707,1091.061968994141,1144.3987036132812,1152.762416381836,1072.359136201255,1098.159903579381,1122.037616254867,37.55734908392045,-25.80076737812601,-24.53568214699941,-1.265085231126605,-3.7131852207698968,-29.081298828125,21.2005815239716,0.0101530037707889,1151.5069118195663,1091.061968994141,1030.6170261687148,11.08002011675846,0.3980656651097243,16673831.85,1.269074330985292,-131763629
2023-02-09,1070.578857421875,1077.3039157739506,1060.559478401166,1069.3974980927496,13172763,0.0017431339471822,1087.1973266601562,1140.9880078125,1152.012241821289,1072.0852471582734,1096.1168631232697,1120.019625712397,38.47983095174787,-24.031615964996035,-24.434868910598738,0.4032529456026985,-3.0551796918412513,-12.0416259765625,20.88228551317253,0.010030215490222,1142.2635744262038,1087.1973266601562,1032.131078894109,10.129945395507873,-0.3774784346483788,16756992.35,0.7861054492872642,-118590866
2023-02-10,1061.7635498046875,1070.0562610401787,1054.788494567728,1070.0562610401787,10790445,-0.0082341506709895,1084.1312927246097,1137.4741650390624,1151.0353521728516,1070.49729371926,1093.572173247819,1117.7350737160164,35.78572060494005,-23.074879528558768,-24.162871034190744,1.087991505631976,-3.2823630861471864,-0.318115234375,20.518576751813555,0.0091644519680772,1137.6709120987323,1084.1312927246097,1030.5916733504866,9.876962270790743,-0.1808518076276024,16412075.95,0.6574698431126869,-129381311
2023-02-13,1055.72021484375,1067.8298390073717,1051.267130813873,1063.3767549774948,10352493,-0.0056917898170917,1080.853961181641,1133.8499047851562,1150.022130126953,1068.2238969691816,1090.7683244771472,1115.3031184661236,34.026873267343404,-22.544427507965565,-23.83918232894571,1.2947548209801454,-2.4847367075713622,-16.5400390625,20.23601471193391,0.009182904388654,1132.9035072394322,1080.853961181641,1028.8044151238491,9.6311893978514,-0.0405870193490629,15898771.45,0.6511505013175091,-139733804
2023-02-14,1080.5985107421875,1082.325177803188,1055.8566674193971,1058.7193818882065,14321920,0.0235652358917077,1079.3544677734376,1131.0840014648438,1149.039319458008,1070.1276837034902,1090.0150049412243,1113.942153457342,45.830196156306584,-19.887321237734113,-23.048810110703393,3.1614888729692794,1.7434483912726209,11.019287109375,20.690939586755626,0.0107811631605708,1129.5873977536633,1079.3544677734376,1029.121537793212,9.307957947095806,0.383427160974656,15933674.7,0.8988460144727318,-125411884
2023-02-15,1105.0675048828125,1107.4531801088635,1078.2809718116707,1079.6440602664363,33503591,0.0226439273211833,1078.2900390625,1128.7370458984376,1148.2458856201172,1075.5030408080013,1091.1300049368974,1113.5941280230466,54.46015859395738,-15.626964128896134,-21.564440914341944,5.93747678544581,3.0596350892468043,41.8270263671875,21.296744494643995,0.0115581414618786,1125.2923473299156,1078.2900390625,1031.2877307950844,8.717934241195614,1.339322590825811,17071304.25,1.9625677399546084,-91908293
2023-02-16,1104.2041015625,1119.5400175721072,1101.9321273600988,1113.0194047366483,17264487,-0.0007813127401696,1077.2755981445312,1126.73361328125,1147.4703271484375,1079.9185886163857,1092.098456538794,1113.2258916912604,54.13244716774947,-12.17986792240822,-19.6875263159552,7.507658393546979,3.237242942330586,46.8480224609375,21.03325490302717,0.0115567542171673,1121.007361292964,1077.2755981445312,1033.5438349960984,8.11895548803947,-0.4846974164649992,17262114.3,1.0001374512970291,-109172780
2023-02-17,1108.8162841796875,1112.1334412904273,1095.3661670147735,1099.6375221146495,11809520,0.0041769294378286,1076.5519653320312,1124.8337841796874,1146.9143969726565,1084.3643879338167,1093.336814141823,1113.0529659064928,55.66712097747436,-8.972426208006254,-17.544506294365412,8.572080086359158,4.286500240067067,50.52880859375,20.72854200107193,0.0116108495188563,1117.6115558285858,1076.5519653320312,1035.4923748354763,7.6279811507085,-0.3159646156876831,17255587.6,0.6843881688503033,-97363260
2023-02-20,1097.0928955078125,1113.1557282640592,1095.1389471665602,1110.9973346913089,8836937,-0.0105728864548089,1075.910125732422,1123.064365234375,1146.419306640625,1086.3226198682776,1093.6150423911556,1112.427080792819,50.996425033263975,-7.2924225228780415,-15.49408954006794,8.201667017189898,3.758130036951643,46.780029296875,20.534844793673862,0.0115467556783608,1115.2269622599335,1075.910125732422,1036.5932892049102,7.3085726376535165,-0.2517107384550769,16950920.15,0.5213249146241775,-106200197
2023-02-21,1106.044677734375,1111.8154187780797,1096.1614739086865,1101.4552961916092,13311592,0.0081595480776666,1075.9964721679687,1121.4376342773437,1146.0148333740235,1089.356782616908,1094.535756120283,1112.1767904768017,54.15925285931928,-5.178973503374891,-13.43106633272933,8.252092829354439,4.512687077015248,58.2535400390625,20.18620908479667,0.0116510898111053,1115.569233562218,1075.9964721679687,1036.4237107737194,7.355555973992402,0.506358141967064,17068793.85,0.7798788899193365,-92888605
2023-02-22,1080.9617919921875,1104.181409716533,1079.2124090771258,1102.34116225432,11024335,-0.0226780041051933,1075.154699707031,1119.2010961914064,1145.7167260742187,1088.06524559772,1093.5302772959797,1110.9526728891697,45.33064273892887,-5.465031698259509,-11.837859405835369,6.372827707575858,2.9180758198095504,12.245849609375,20.660927625686135,0.0126685339455291,1113.5349719166,1075.154699707031,1036.7744274974627,7.139488339682994,-0.1718244519513518,16795572.85,0.6563833873638909,-103912940
2023-02-23,1075.78173828125,1088.1640768500556,1072.9872927091903,1080.5529686414245,9851910,-0.0047920784520891,1074.812762451172,1116.9472924804688,1145.4915686035156,1086.17547524134,1092.215570702296,1109.5734205516042,43.74470331298898,-6.040095460955854,-10.678306616859466,4.638211155903612,2.6713912323695275,5.202880859375,20.26920309105607,0.0123324246852255,1113.0424454315753,1074.812762451172,1036.5830794707686,7.1137381906813975,-0.1063488183187466,16668917.45,0.5910347825257243,-113764850
2023-02-24,1083.1429443359375,1088.800224148405,1076.0089953829322,1077.8265267799054,9434053,0.0068426575695998,1075.8658264160156,1115.178327636719,1145.360623779297,1085.7089320251243,1091.543524304788,1108.536931288245,46.6036476767029,-5.834592279663639,-9.7095637494203,3.8749714697566624,1.3499379377609462,21.37939453125,19.751294717920285,0.0115983489943731,1113.7938517232903,1075.8658264160156,1037.9378011087408,7.050698028698007,-0.0424138060538514,15849071.35,0.5952432664138395,-104330797
2023-02-27,1075.9407958984375,1085.8467152410444,1068.6024012348664,1082.3705449963545,11199715,-0.0066493055927309,1076.049853515625,1113.38119140625,1145.306671142578,1084.2061418517878,1090.3877666450585,1107.2586514690363,44.23497087444198,-6.18162479327043,-9.003975958190328,2.8223511649198976,0.5008447943269593,20.2205810546875,19.57222466708155,0.0115372655204942,1113.941814843534,1076.049853515625,1038.157892187716,7.042789180094212,0.187158371910779,15320451.95,0.731030327078569,-115530512
2023-02-28,1055.356689453125,1075.55458156191,1051.3126158801915,1070.6016220746749,21994038,-0.0191312630990297,1075.3387268066406,1110.8661108398437,1145.0882012939453,1079.767764559686,1087.7928720382483,1105.223280409589,38.25107323589388,-8.025107478562404,-8.808202262264743,0.7830947837023388,-0.6034168674128103,-25.2418212890625,19.933364335021867,0.0123176772290456,1114.2108958490062,1075.3387268066406,1036.466557764275,7.229753392738234,0.9638033646391896,15285574.15,1.4388754903262826,-137524550
2023-03-01,1065.05810546875,1065.7851421281152,1055.6747773158893,1065.103537748009,11551145,0.0091925470436466,1075.4296081542968,1108.3405786132812,1144.9168804931642,1077.5047400841574,1086.1088152553225,1103.6481755099485,42.21838114500603,-8.60407517116505,-8.767376844044804,0.1633016728797542,0.8845042932498964,-40.0093994140625,19.254442073591036,0.0124367660456298,1114.1965683273263,1075.4296081542968,1036.6626479812674,7.209576503954204,-0.4748056268703364,14895741.4,0.7754662685000694,-125973405
2023-03-02,1056.9468994140625,1068.5794835194731,1054.9248028382913,1061.9225742858987,9333535,-0.0076157404117568,1075.409149169922,1105.991804199219,1144.4741290283202,1074.3419953656812,1083.948673341155,1101.8167529179527,39.90961964134999,-9.606677975473758,-8.935237070330595,-0.6714409051431627,-2.1887510572155393,-47.2572021484375,18.854459116990377,0.0124954806824229,1114.2146531708795,1075.409149169922,1036.6036451689642,7.216881878103884,-0.1919818338355202,14679285.0,0.63583035549756,-135306940
2023-03-03,1083.9154052734375,1087.5733043694927,1063.9902277008234,1067.443561368033,14643807,0.0255154784732567,1076.6905456542968,1104.2432885742187,1144.1453851318358,1075.814827659182,1083.9462090398426,1101.1147392848345,49.74920064905465,-8.131381380660514,-8.774465932396579,0.6430845517360648,-1.91410022608692,-24.90087890625,19.695312391164652,0.0137340015097153,1114.8368452164314,1076.6905456542968,1038.5442460921622,7.085842764404206,0.5689454210007248,14176496.6,1.032963743665695,-120663133
2023-03-06,1094.5028076171875,1101.727741256493,1090.5495987349282,1090.5495987349282,10171916,0.0097677386004852,1078.9000427246094,1103.3935668945312,1144.0020574951172,1078.689901498875,1084.7281793048312,1100.8554478468875,53.00277743267617,-6.038277805955886,-8.22722830710844,2.1889505011525543,-0.8785779668436948,-2.590087890625,19.560814076299703,0.0136939750146071,1115.777022017291,1078.9000427246094,1042.0230634319278,6.836032594744192,-0.3053776248211958,13943198.45,0.7295252976909327,-110491217
2023-03-08,1098.433349609375,1099.1831022898905,1083.7336057675889,1094.5027369272827,15782657,0.0035911666601793,1081.4321533203124,1102.42388671875,1143.5509222412109,1081.7273550543368,1085.7433771051678,1100.7604636022793,54.18865228782741,-4.016022050830998,-7.384987055852952,3.3689650050219546,-0.936398095739899,-7.611328125,19.26714853672841,0.0136546247344172,1116.3180026954378,1081.4321533203124,1046.546303945187,6.451786969347208,0.5515913619420372,13975559.55,1.129304121494012,-94708560
2023-03-09,1072.0330810546875,1098.2289976932168,1070.1474010143947,1097.8201071650074,16235128,-0.0240344747035183,1081.5980102539063,1100.7385327148438,1143.0075286865235,1080.23592828516,1084.727799619947,1099.633899580805,45.82477590826969,-4.4918713347869925,-6.80636391163976,2.314492576852768,-2.2842016893679307,-8.9287109375,19.911348540889257,0.0142168658844391,1116.271351026087,1081.5980102539063,1046.924669481726,6.411502322205785,0.0286688736883782,13729299.35,1.182516863105618,-110943688
2023-03-10,1055.4246826171875,1065.103318593771,1051.9485130130206,1063.967391654798,13334091,-0.0154924309062928,1080.840301513672,1098.7232836914063,1142.360825805664,1076.4188135670104,1082.5571983604834,1097.900204797918,41.486563511263576,-6.138384793473051,-6.672768088006419,0.5343832945333675,-4.576668206647641,-20.3570556640625,19.923721362373374,0.01463779822158,1117.0710666208608,1080.840301513672,1044.609536406483,6.704184708221796,-0.1786888899182069,13737365.75,0.9706439533358132,-124277779
2023-03-13,1038.06689453125,1065.10342470485,1033.750107312473,1058.287501818403,12771592,-0.0164462593795841,1079.65546875,1096.3713305664062,1141.6360522460936,1070.5185183307397,1079.261620299059,1095.553800473735,37.491741905069176,-8.743101968319024,-7.0868348640689405,-1.6562671042500838,-3.968215877629051,-45.0760498046875,20.740121078802225,0.014974206151425,1119.6577362277858,1079.65546875,1039.653201272214,7.410191238895781,-0.0421850278357932,13836423.1,0.9230414470340966,-137049371
2023-03-14,1034.181884765625,1047.359288248378,1031.0465769110588,1036.0221323528851,16027522,-0.0037425427841808,1078.5785522460938,1093.9062377929688,1140.9482421875,1064.9282670130297,1075.9223806299156,1093.1470586812602,36.64130274388248,-10.994113616885896,-7.868290614632333,-3.125823002253565,-3.8669417815260614,-41.7589111328125,20.423877525839156,0.0149485304643187,1122.1047799588675,1078.5785522460938,1035.05232453332,8.071035275480359,0.2549353283443443,14120174.55,1.1350795943241367,-153076893
2023-03-15,1016.5057983398438,1044.3375136051593,1012.120862693993,1037.8851690827282,21728555,-0.0170918546207055,1075.3739166259766,1090.8267980957032,1140.1992263793943,1057.478656447924,1071.5211523121325,1090.1415190600285,32.97619414120979,-14.042495864208377,-9.103131664547542,-4.939364199660835,-6.152202379617421,-38.85089111328125,21.26621848193395,0.0141880884943486,1126.5915215105208,1075.3739166259766,1024.1563117414323,9.525543458454203,0.3557027093770328,14490506.3,1.4995028158539911,-174805448
2023-03-16,1011.4392700195312,1024.2077825786946,1000.670138139256,1019.2095111682804,18363159,-0.004984259144008,1070.6925048828125,1087.8173364257811,1139.2217443847655,1050.395673920479,1067.0706425126805,1087.0551563525578,31.988507982969637,-16.674968592201367,-10.617499050078306,-6.05746954212306,-5.994895455659887,-53.61883544921875,21.428463193184285,0.0128457996336176,1127.0553167102755,1070.6925048828125,1014.3296930553496,10.528291095795415,-0.1548835622065065,13733484.7,1.3371084907532609,-193168607
2023-03-17,1010.1670532226562,1023.2763079373278,1005.4413153341552,1020.0047033408912,34014213,-0.0012578281609042,1065.9906524658204,1085.1323107910157,1138.3107083129885,1044.206655351583,1062.8555618245305,1084.0399366219735,31.731501315315313,-18.648906472947147,-12.223780534652075,-6.425125938295071,-4.281930145710788,-46.77984619140625,21.171786722469164,0.012839295305385,1125.960624366948,1065.9906524658204,1006.0206805646928,11.251500519710312,0.8523072745816773,14570971.0,2.3343820394673767,-227182820
2023-03-20,1000.2384643554688,1008.758398079038,990.5825434751304,1006.4864237654998,19524589,-0.0098286603542583,1060.5617614746093,1082.289609375,1137.3481036376952,1037.442318275258,1058.2172583083036,1080.7536043762284,29.724377083323105,-20.774940033045596,-13.93401243433078,-6.840927598714815,-6.086019230354858,-83.67694091796875,21.058409795687503,0.0127305306432574,1123.6202200837888,1060.5617614746093,997.5033028654298,11.891520305522384,-0.4259873365289974,14956724.45,1.3054054091368916,-246707409
2023-03-21,1031.341796875,1033.2957451749278,1007.3951430408976,1008.2811925498517,21400360,0.031095917251666,1057.2742065429688,1079.8613208007812,1136.335390625,1036.5037765213722,1056.2264833873182,1078.8158864350037,42.08355559381842,-19.722706865946066,-15.091751320653838,-4.6309555452922275,-2.422553351853073,-63.1610107421875,21.91547201167118,0.0149903612302787,1119.2176779337576,1057.2742065429688,995.33073515218,11.717579225417586,0.0960722399841553,15584895.6,1.3731474723513708,-225307049
2023-03-22,1034.477294921875,1041.2250703817986,1031.4782836063534,1038.2942074878824,10920094,0.0030402123295842,1053.6958374023438,1076.9513720703126,1135.2133502197266,1036.1920101214496,1054.615432389878,1077.077118140371,43.168624609845935,-18.42342226842834,-15.75808551020874,-2.665336758219601,-4.561067230065877,-63.9560546875,21.056029261323136,0.014833037681787,1112.125306071507,1053.6958374023438,995.2663687331805,11.090386161761536,-0.489723817730169,15465320.7,0.7061020079590073,-214386955
2023-03-23,1021.3906860351562,1031.4327819622354,1019.232292255806,1030.5694484887376,16249370,-0.0126504554048303,1050.717282104492,1074.1286682128907,1134.0529385375976,1033.914883338943,1052.154340067306,1074.893336489186,39.81576188317966,-18.23945672836317,-16.254359753839626,-1.9850969745235396,-6.679939153486656,-50.64239501953125,20.6409559330907,0.0143011830881631,1109.3564648012484,1050.717282104492,992.0780994077356,11.16174325776908,0.4880247367834014,15726572.45,1.033242942902031,-230636325
2023-03-24,1001.1699829101562,1022.3902814688944,998.7617116838696,1020.231887763167,12375945,-0.0197972268608527,1046.9866943359375,1071.1946337890624,1132.7796472167968,1028.8772063498989,1048.3777210186283,1072.0022245841262,35.258860342858156,-19.500514668729465,-16.903590736817595,-2.5969239319118707,-8.854735404183382,-54.25469970703125,20.85435692251456,0.0147997618553653,1108.2094530597262,1046.9866943359375,985.7639356121488,11.695040453712734,-0.238373856955685,15852774.2,0.7806800780648223,-243012270
2023-03-27,1016.7329711914062,1024.207782359069,999.7613722312702,1007.6224178329716,14054323,0.0155448011295866,1043.666195678711,1069.067608642578,1131.6944564819337,1027.0088624793616,1046.0336654758712,1069.834802882451,40.868263661264486,-19.024802996509607,-17.327833188756,-1.6969698077536073,-5.158433152909414,-21.33392333984375,21.110932151463427,0.0152406867958682,1103.8801974592714,1043.666195678711,983.4521938981504,11.53893879669111,0.1356161489082248,16083787.7,0.873819231026035,-228957947
2023-03-28,1021.4815673828124,1025.3439120336418,1016.4831753805086,1020.1183586375284,12576424,0.0046704457571016,1040.9432342529296,1067.0719030761718,1130.4638442993164,1026.158509387585,1044.214991543052,1067.9385975687396,42.50516348938945,-18.056482155467393,-17.47356298209828,-0.5829191733691133,-3.216062291645931,-12.700317382812614,20.235918187296985,0.0153099669225704,1099.9870274693292,1040.9432342529296,981.8994410365302,11.344286849373566,-0.1051561857515299,16152623.15,0.7785994809146526,-216381523
2023-03-29,1015.4380493164062,1020.0274303318192,1004.7142894261992,1017.3918775634876,18804065,-0.0059164240054674,1038.9473022460938,1065.168896484375,1129.3943719482422,1024.5092078381726,1042.08336619293,1065.8797525392365,40.95141867864525,-17.5741583547574,-17.493682056630103,-0.0804762981272979,-2.179902406488172,-1.0677490234375,19.988158170819567,0.0148313178157021,1098.6028794593344,1038.9473022460938,979.2917250328532,11.48385044828964,0.4951837660689557,15993124.5,1.1757593083202722,-235185588
2023-03-31,1059.2191162109375,1064.8536804760474,1024.5260415402947,1024.6623383806666,28171201,0.04311544847468,1038.6553527832032,1063.8261572265626,1128.660092163086,1029.849193741675,1043.3526810090789,1065.618551114597,54.05423578482908,-13.50348726740367,-16.695643098784817,3.1921558313811467,2.420969832689213,47.77984619140625,22.09012052716397,0.0177999218375709,1097.8523242765823,1038.6553527832032,979.4583812898238,11.398770792400748,0.4981442044579192,16824127.3,1.674452439503355,-207014387
2023-04-03,1059.40087890625,1067.375566424132,1051.9260666767912,1065.5580347791372,10293043,0.000171600656116,1038.7780517578126,1062.52431640625,1128.005529174805,1034.3956068439172,1044.5414364088692,1065.3747208319169,54.099773699056605,-10.14582956495201,-15.385680392018257,5.239850827066247,4.219855965058188,49.23382568359375,21.61579047146233,0.0177124175518176,1098.1361215464194,1038.7780517578126,979.4199819692058,11.428441270618212,-0.6346253395444518,16872102.7,0.6100628465235693,-196721344
2023-04-05,1056.856201171875,1066.9210129823457,1048.995215362799,1066.9210129823457,16262928,-0.0024019970013637,1037.4250915527343,1061.1956616210937,1127.4102563476563,1037.8510828943722,1045.4536412061289,1065.0406612374054,53.30325838125741,-7.602558311756638,-13.829055975965934,6.226497664209296,4.490327051614946,56.61773681640625,21.352219553468355,0.0166880657922687,1093.762878201941,1037.4250915527343,981.0873049035276,10.861080401455268,0.5799922335892311,16953058.75,0.9592916676467012,-212984272
2023-04-06,1063.9447021484375,1069.6474143387793,1053.3572991214214,1053.3572991214214,18435046,0.0067071574815027,1035.8971862792969,1060.2759619140625,1126.9326300048829,1041.8654858565362,1046.8233494240776,1064.9976824496027,55.27850485609456,-4.957863567541381,-12.054817494281023,7.096953926739644,5.323639169800545,32.6029052734375,20.990640672317607,0.0165966338071277,1087.41119448518,1035.8971862792969,984.3831780734138,9.945776258145754,0.1335625417513992,17366215.25,1.0615465566108309,-194549226
2023-04-10,1056.401611328125,1068.0114795112463,1054.9021060177815,1067.8297504290697,12961408,-0.0070897395372904,1033.7955993652345,1059.3176391601562,1126.3493505859376,1044.1018128521653,1047.5328503058588,1064.6605816213096,52.72278819736306,-3.431037453693534,-10.330061486163528,6.899024032469994,5.614975725698224,21.92431640625,20.42769301668526,0.0166033011102011,1077.8178473282098,1033.7955993652345,989.7733514022592,8.516625141373337,-0.2969148002125951,17225152.8,0.7524698416608531,-207510634
2023-04-11,1061.6273193359375,1063.7402807994256,1056.0383079017138,1060.559540630498,10542367,0.0049467058283285,1033.2753112792968,1058.5942407226562,1125.8985223388672,1046.7980446188994,1048.5768850488275,1064.541630159138,54.299168514590704,-1.7788404299280955,-8.619817274916441,6.8409768449883455,2.9365165411412244,40.23663330078125,19.518713008187156,0.0158080582405717,1075.6943570377705,1033.2753112792968,990.8562655208232,8.210598916943963,-0.1866341218484905,16940514.75,0.6223168041573235,-196968267
2023-04-12,1066.3076171875,1075.9179854968688,1058.7646577412916,1061.6272515959452,18179087,0.0044086072073674,1033.8194580078125,1058.2679833984375,1125.378134765625,1049.7995173217612,1049.890272614655,1064.6108845524072,55.723132710853854,-0.0907552928938457,-6.914004878511922,6.823249585618076,3.076947403473835,65.13763427734375,19.34975691871502,0.0154278604977325,1077.617845843448,1033.8194580078125,990.021070172177,8.473121200491963,0.7243838124777862,17182764.55,1.0579838271717457,-178789180
2023-04-13,1070.3291015625,1075.0093475188144,1064.1947822733791,1069.1930541875877,12378208,0.0037714110920514,1035.432568359375,1058.4329321289065,1125.055625,1052.9579148972591,1051.404259944125,1064.835128356725,56.96394197991734,1.5536549531343553,-5.220472912182667,6.7741278653170225,4.791351262200495,53.59613037109375,18.740100370623605,0.0149039130286101,1082.0251959743682,1035.432568359375,988.8399407443816,8.99964498679398,-0.3190962780474069,17163095.35,0.7212106993276127,-166410972
2023-04-17,1075.7589111328125,1101.8866740573628,1067.3980510351955,1101.8866740573628,17929479,0.0050730280643456,1037.5114196777345,1058.5029052734376,1124.8523193359374,1056.4657604719598,1053.208308180324,1065.2635119950028,58.64893363119911,3.2574522916356727,-3.5248878714189993,6.782340163054672,7.450176243383215,54.277343750000114,19.864994845733868,0.0148667984469636,1087.2961201313872,1037.5114196777345,987.726719224082,9.596945057070595,0.4484712972992537,17258193.2,1.0388966441747796,-148481493
2023-04-18,1063.44482421875,1080.098395721067,1056.9242116194696,1080.098395721067,10405576,-0.0114468834853483,1039.8583709716795,1058.3802172851565,1124.5079559326173,1057.5394625868507,1053.9665686276148,1065.192190905738,53.530158001811934,3.5728939592358984,-2.10533150528802,5.678225464523918,4.594308864854344,48.00677490234375,20.101365506866976,0.0145335850210973,1089.8858109063274,1039.8583709716795,989.830931037032,9.6219718629375,-0.4196386855412809,16692044.25,0.6233853591659392,-158887069
2023-04-19,1068.738525390625,1071.419389949788,1059.741493449773,1062.854084774079,12273475,0.0049778804234286,1042.7233337402345,1058.490178222656,1124.206819458008,1059.2623953258928,1055.060787647097,1065.3312628463218,55.33490419350641,4.201607678795881,-0.8439436684712398,5.0455513472671205,4.626315296994734,9.5194091796875,19.499689149234683,0.0144390875826886,1092.474678484078,1042.7233337402345,992.971988996391,9.542578195768584,0.179509428406462,16387560.05,0.7489507261942878,-146613594
2023-04-20,1066.034912109375,1071.9193532094926,1059.6961482625013,1069.692811176778,7007330,-0.0025297237977472,1045.5167266845704,1058.6637548828126,1123.8127911376953,1060.3043209848902,1055.8736857554138,1065.358856935069,54.177633900115005,4.430635229476366,0.2109721111182812,4.219663118358084,4.98276215147055,6.634033203125,18.979940277645863,0.014460947569811,1093.8973817466838,1045.5167266845704,997.1360716224568,9.254879205143467,-0.4290671549825946,15037215.9,0.4659991614538167,-153620924
2023-04-21,1067.3753662109375,1072.828080314349,1061.6499382780762,1068.1251189073266,7647317,0.0012574204524973,1048.8735717773438,1058.8455126953124,1123.3066870117189,1061.3921740965898,1056.7256620854523,1065.4379357302012,54.68367107591796,4.666512011137229,1.102080091122071,3.564431920015158,0.7700248112191103,10.5191650390625,18.42266897469065,0.0141610388202237,1093.3836825928868,1048.8735717773438,1004.3634609618008,8.487221341675982,0.0913310776001701,14443352.3,0.5294696716634129,-145973607
2023-04-24,1071.465087890625,1081.8706418346944,1066.9210188410907,1079.1897769115358,12936186,0.0038315683583793,1050.879736328125,1059.2685571289062,1122.7859301757812,1062.941853141826,1057.817471404354,1065.6742946384531,56.27041469490917,5.124381737471822,1.906540420392021,3.2178413170798006,1.1387765693408116,7.5203857421875,18.17459426175587,0.0125724277885381,1095.6642634977484,1050.879736328125,1006.0952091585016,8.523244976842886,0.6915979813573832,14020143.6,0.9226856991678744,-133037421
2023-04-25,1079.666748046875,1081.7342770992536,1068.0569991057368,1075.1000833366595,9236126,0.0076546219274362,1053.139208984375,1059.9060693359374,1122.7295471191403,1065.514913896449,1059.435936340837,1066.2230183015286,59.34481675555212,6.0789775556118,2.7410278474359773,3.337949708175823,2.1583396917865416,23.26513671875,17.85335738545308,0.0126350115668626,1098.9340056210171,1053.139208984375,1007.3444123477328,8.696817333542377,-0.2860240259377841,13935945.2,0.6627556199058533,-123801295
2023-04-26,1073.328125,1084.2336751201349,1069.6702254865136,1081.0073822687018,8617834,-0.0058709069797153,1055.7360809326171,1059.9983129882812,1122.6301483154298,1066.7169463739183,1060.4649873526268,1066.5016499367628,56.06424800397352,6.251959021291441,3.4432140822070703,2.8087449390843706,0.8819464801708613,11.7008056640625,17.618363974607952,0.0123017543264687,1099.8961663878667,1055.7360809326171,1011.5759954773674,8.365743343021768,-0.0669427853192994,13554368.4,0.6357975337308966,-132419129
2023-04-27,1080.121337890625,1083.2793621459462,1074.191463763707,1079.1898559504257,9167125,0.0063291110447936,1059.6836486816403,1060.189162597656,1122.5204425048828,1068.7791604534116,1061.9210133184044,1067.035755346718,58.69929747247226,6.85814713500713,4.126200692767083,2.731946442240047,2.245332296746422,13.813720703125,17.070712058274967,0.0111352466369262,1097.2498079687534,1059.6836486816403,1022.1174893945276,7.09007057603451,0.063738869883082,13393927.4,0.684423972613141,-123252004
2023-04-28,1099.86474609375,1101.4098041424304,1082.256973708253,1082.3705544049471,15565210,0.0182788798911073,1063.8402374267578,1060.9511865234374,1122.5579162597655,1073.5615582442329,1064.7316601906523,1068.3231667485625,65.22679875452071,8.829898053580564,5.066940164929779,3.762957888650785,3.6017749412977182,29.53564453125,17.371980214955713,0.0113017820349883,1099.8410621683513,1063.8402374267578,1027.8394126851642,6.768088567259534,0.6979380121902996,13469471.75,1.1555917179899795,-107686794
2023-05-02,1109.2025146484375,1111.3609082117491,1103.3180737047812,1106.9986888116582,12981805,0.0084899244092069,1068.226284790039,1062.0208325195313,1122.695862426758,1079.0447823064185,1068.0257975578957,1069.9262784309103,67.81748694095154,11.018984748522598,6.257349081648343,4.761635666874255,4.022750730607868,33.443603515625,16.95227892231596,0.0113459461084958,1103.8886681870042,1068.226284790039,1032.5639013930738,6.6769342609791105,-0.1659730257413809,13489740.8,0.9623465115059884,-94704989
2023-05-03,1099.6829833984375,1110.9974233118685,1096.4795270846323,1110.9974233118685,7061872,-0.0085823202925366,1072.4385314941403,1062.4025219726564,1122.778737182617,1082.2198901667289,1070.3707742868246,1071.0932080374805,62.68976731745575,11.849115879904277,7.37570244129953,4.473413438604745,2.742509924572338,36.2381591796875,16.778394444095973,0.0114857007184777,1101.445749853565,1072.4385314941403,1043.431313134716,5.409581529863752,-0.4560177109423535,12902631.15,0.5473203037351029,-101766861
2023-05-04,1112.360595703125,1114.564421653396,1097.1838117593734,1100.1601065895743,8635233,0.0115284245515092,1075.09560546875,1062.5483837890624,1122.8514013671877,1086.856921787713,1073.4811314287729,1072.7115369655448,66.33986902226255,13.375790358940094,8.575720024827643,4.800070334112451,3.402405891462207,43.6220703125,16.82140983337645,0.0072064503808322,1108.216327118202,1075.09560546875,1041.9748838192977,6.161446755242073,0.2227965899127031,11925832.75,0.7240779894385153,-93131628
2023-05-05,1109.5205078125,1118.426675443665,1106.9077915916328,1109.1797657715506,8746585,-0.0025532079269939,1077.6015869140624,1062.6547119140623,1122.917678222656,1090.3436273299878,1076.1507148646044,1074.1550260183667,64.81019347907423,14.192912465383417,9.699158512938798,4.493753952444617,4.332682104837839,43.485595703125,16.442657977566153,0.0072776981318897,1113.092604403908,1077.6015869140624,1042.1105694242167,6.587038831574417,0.0128950776429541,11848509.85,0.7382012684067609,-101878213
2023-05-08,1123.220703125,1128.5598368262858,1110.6112034431017,1113.269352129285,9153782,0.0123478522623352,1080.9198120117187,1062.9428002929687,1123.1496075439454,1095.401638990759,1079.6373806616707,1076.0791702186268,68.5745123190257,15.764258329088308,10.9121784761687,4.852079852919607,5.0978023567047615,55.8453369140625,16.628134480153275,0.0075154407257126,1120.235411945138,1080.9198120117187,1041.6042120782993,7.274471148835452,0.0465549697396183,11493052.55,0.7964622070748297,-92724431
2023-05-09,1126.6968994140625,1129.9913407668837,1119.2902356444074,1124.6293700397016,6464721,0.0030948470584553,1084.057421875,1063.5348803710938,1123.35453125,1100.216294440498,1083.1232709396256,1078.064179206683,69.46699797567736,17.093023500872278,12.148347481109417,4.944676019762861,5.6904315811435255,55.2318115234375,16.204775240319204,0.0074668435238636,1127.275652874688,1084.057421875,1040.8391908753122,7.973420988149696,-0.2937650252103447,10894536.3,0.5933911111021769,-86259710
2023-05-10,1134.4442138671875,1135.9210031175069,1127.4464419348942,1131.4452030936898,10872255,0.0068761300906694,1087.9595520019532,1064.10287109375,1123.5876611328124,1105.4821281984505,1086.924822267593,1080.2751609580755,71.41541823591501,18.557305930857183,13.43013917105897,5.127166759798213,6.283529654083818,54.7774658203125,15.706155844828144,0.0071292538488785,1134.4537022004847,1087.9595520019532,1041.4654018034216,8.54703653513179,0.6817825548851992,10790078.65,1.007615917609646,-75387455
2023-05-11,1127.03759765625,1140.3058651251242,1125.3335267806174,1135.51203899488,10557860,-0.0065288500927597,1091.230065917969,1065.0243872070312,1123.737446899414,1108.798354268881,1089.8961389630492,1082.108982005063,67.0126743610932,18.90221530583176,14.524554398013528,4.377660907818232,5.186590808574981,53.70947265625,15.653740309090908,0.0074683919132189,1139.0386675768823,1091.230065917969,1043.421464259055,8.762332188619803,-0.0289171841536093,10790853.3,0.9784082598917362,-85945315
2023-05-12,1128.8779296875,1130.2638545526538,1116.2229969798393,1122.2664514997994,6955341,0.0016328932016793,1094.3585815429688,1066.0863110351563,1123.8628051757812,1111.8875197178993,1092.7836790167123,1083.943058384766,67.54801926668466,19.103840701186986,15.44041165864822,3.6634290425387626,4.557997338498049,48.756591796875,15.53853439935688,0.0074670273536939,1143.4071145654202,1094.3585815429688,1045.3100485205173,8.96388694705468,-0.3412167806733561,10229666.0,0.6799186796519066,-78989974
2023-05-15,1131.1044921875,1138.0567125858795,1123.7886933664054,1131.3999221918086,6833343,0.0019723678189158,1097.3973510742187,1067.0455419921875,1123.8500610351562,1114.8439770209147,1095.622257770104,1085.7925263770303,68.22001064721978,19.221719250810793,16.196673177080736,3.0250460737300564,5.382917473396125,31.23974609375,15.44778331507954,0.00746658021522,1147.630719653194,1097.3973510742187,1047.1639824952435,9.15500088091206,-0.0175401896183091,9952422.75,0.6866009585454959,-72156631
2023-05-16,1114.99609375,1135.8073202110538,1113.337455190809,1133.2627523170945,8717229,-0.0142413000290956,1099.3592102050782,1067.8266479492188,1123.7945922851563,1114.8673795946202,1097.0573567315778,1086.9377643132252,58.74282331664288,17.810022863042377,16.519343114273067,1.2906797487693105,3.2287813078002983,5.7935791015625,15.949360579734208,0.0083524696300099,1149.121590432796,1099.3592102050782,1049.5968299773604,9.052979183834733,0.2756902441455082,9491810.25,0.9183947814380296,-80873860
2023-05-17,1108.4073486328125,1120.0852459817609,1103.7271032383842,1119.1764803056624,8798967,-0.005909209148014,1101.607336425781,1068.8876611328126,1123.6681341552735,1113.873528677419,1097.89809687241,1087.7797087963463,55.355449755141265,15.975431805009066,16.410560852420268,-0.4351290474112019,0.7766957318526825,8.724365234375,15.97855930570867,0.0079724613714979,1148.665633649094,1101.607336425781,1054.5490392024687,8.543570048470361,0.0093766035055404,9411479.8,0.9349185449030024,-89672827
2023-05-18,1106.0218505859375,1116.4502407386783,1102.8864225456616,1113.0649351771951,10525531,-0.0021521853403601,1103.471502685547,1069.7069360351563,1123.7170306396483,1112.6655782018065,1098.4998564067453,1088.495086905742,54.13821799510175,14.165721795061245,15.961593040948465,-1.79587124588722,-0.2867523306605659,-6.3387451171875,15.806077797659242,0.007996511984666,1148.0630793953085,1103.471502685547,1058.8799259757857,8.08205315701182,0.1962234885072304,9324082.6,1.1288543282531625,-100198358
2023-05-19,1109.6114501953125,1111.4291017814717,1099.1149119209986,1106.0218196807168,8050447,0.0032455051475459,1105.6503295898438,1070.7602270507812,1123.7813842773437,1112.1957123546536,1099.322937428121,1089.3231795837644,55.716225799368246,12.872774926532884,15.343829418065347,-2.471054491532465,0.9028480886548116,0.0909423828125,15.556657230717375,0.0079380338699649,1146.8408587808844,1105.6503295898438,1064.459800398803,7.450914287941448,-0.2351505116463957,9376238.45,0.8586009243397602,-92147911
2023-05-22,1115.5413818359375,1120.5397737195674,1105.2494084549478,1106.4534840047638,7434906,0.0053441514501144,1108.0586303710938,1071.3927465820314,1123.8805950927735,1112.7104307363895,1100.5243036805516,1090.3513443779673,58.27062329629352,12.186127055837916,14.712288945619862,-2.526161889781948,0.2859491917548481,-7.6793212890625,15.537636375996104,0.007969499084175,1145.4756326962645,1108.0586303710938,1070.6416280459234,6.753614167986632,-0.0764604748034487,9365617.9,0.7938510923021961,-84713005
2023-05-23,1115.3369140625,1121.4485168171575,1113.9282731003457,1118.1087637100431,6092034,-0.0001832901735129,1110.2522216796874,1071.8094287109377,1123.8929559326173,1113.1145050942528,1101.6215340792144,1091.331170640106,58.146078912036906,11.492971015038393,14.06842535950357,-2.575454344465177,0.5242270159987819,-11.3599853515625,14.964965471768656,0.0079778442872069,1143.7717966192631,1110.2522216796874,1076.7326467401117,6.038191013725572,-0.1806172129143259,9023410.3,0.675136539008982,-90805039
2023-05-24,1108.8389892578125,1119.630957590089,1105.749113749558,1111.4063935962215,8112254,-0.0058259748446947,1111.7108337402344,1072.0175415039062,1123.75427734375,1112.456733427108,1102.15616038874,1092.017751762369,54.18266571499431,10.30057303836793,13.314854895276442,-3.0142818569085126,-1.280399642490119,-25.605224609375,14.887599640965968,0.0080475607300168,1142.1797837264764,1111.7108337402344,1081.2418837539924,5.481452381593231,0.3316166653042316,8967216.7,0.9046568485403058,-98917293
2023-05-25,1108.70263671875,1112.8149786046415,1097.842640709934,1105.9536236071287,11487863,-0.000122968745132,1113.479559326172,1072.7509326171876,1123.4668115234374,1111.8791800873605,1102.6410845613334,1092.6720609763447,54.099333281910575,9.23809552602711,12.499503021426577,-3.2614074953994674,-1.5970810521152936,-18.3349609375,14.893652373376083,0.0078763781288714,1138.4396622163292,1113.479559326172,1088.5194564360147,4.483261983769508,0.4161123406638896,9110718.15,1.2609173954086157,-110405156
2023-05-26,1138.94287109375,1140.0787982471202,1113.6102893364032,1116.904610291511,12626260,0.0272753336859532,1116.420635986328,1074.4212963867187,1123.308355102539,1116.0428248575745,1105.330105785957,1094.4866025495762,66.43052085379364,10.712719071617355,12.142146231464734,-1.429427159847377,0.3965516480732979,10.06494140625,16.070974455875664,0.0097101420959755,1138.681113752306,1116.420635986328,1094.1601582203502,3.987829864200118,0.0990956281425012,9283674.9,1.3600497794251714,-97778896
2023-05-29,1145.349609375,1149.6209640491695,1139.260723455887,1145.5313384612557,10010304,0.0056251621076459,1118.6948791503903,1076.566950683594,1123.1327905273438,1120.5515609371782,1108.2945134592194,1096.4812302682203,68.36931214492998,12.25704747795885,12.165126480763558,0.0919209971952916,1.624791555918902,14.2451171875,15.685768634414512,0.0090300175755922,1142.9311689805184,1118.6948791503903,1094.4585893202627,4.332958035623516,-0.2071837582942217,9005929.6,1.1115236787993543,-87768592
2023-05-30,1145.0543212890625,1153.1198717474913,1142.50963326853,1145.3496310598186,11342504,-0.0002578148047727,1120.4874694824218,1078.7843994140626,1123.033764038086,1124.3212163759297,1111.017462187356,1098.386057367077,68.17387905972038,13.303754188573748,12.392852022325595,0.9109021662481512,1.432961986070585,30.0582275390625,15.323230766167852,0.0089136262211498,1146.8595620338451,1120.4874694824218,1094.1153769309983,4.707253453464348,0.1330828714092997,8923964.55,1.2710162547653776,-99111096
2023-05-31,1122.3118896484375,1140.4650896335454,1118.2678159183406,1135.9892890678166,27107927,-0.0198614434422834,1121.618914794922,1080.9005212402344,1122.9068536376951,1124.0120891870847,1111.8540864437325,1099.3243252996797,55.10827845518653,12.158002743352426,12.345882166530965,-0.1878794231785363,-0.7773466200331361,13.904541015625,16.14203609506457,0.0098963452516322,1146.2048246846298,1121.618914794922,1097.033004905214,4.384004150679499,1.38994202691046,9926267.3,2.7309285737247877,-126219023
2023-06-01,1119.2901611328125,1129.1279320638168,1116.9046059479208,1126.969538270473,14592692,-0.0026924142419729,1121.9653930664062,1083.0575390625,1122.6897631835936,1123.285638717197,1112.4049067910717,1100.10729925392,53.63738176383048,10.880731926125009,12.052852118449772,-1.1721201923247635,0.3851195001383833,13.268310546875,15.862128239409673,0.0096118013178174,1146.2126217859332,1121.9653930664062,1097.7181643468791,4.322277472972247,-0.4616817434988666,10224140.25,1.4272781518230837,-140811715
2023-06-02,1115.6322021484375,1128.1962696801756,1113.7238061790024,1122.8117036497752,15800644,-0.0032681060831204,1122.270977783203,1085.1668420410156,1122.4196221923828,1122.1081869373877,1112.643965706432,1100.7161189752735,51.83375741067135,9.464221230955443,11.535125940950907,-2.070904709995462,0.6518229534057711,6.020751953125,15.762866472392783,0.0096245038331996,1146.0323203409082,1122.270977783203,1098.509635225498,4.234510742608772,0.0827778726502279,10576843.2,1.4938903509508397,-156612359
2023-06-05,1125.6517333984375,1128.6053121788443,1117.1090229973545,1121.085068396339,10908682,0.0089810344580452,1122.392529296875,1087.675107421875,1122.180103149414,1122.6533479313953,1113.607504053988,1101.6939862075546,56.18027484247568,9.045843877407378,11.037269528242202,-1.991425650834824,1.7748187164747848,10.1103515625,15.563598155108073,0.0094305161210319,1146.1968945924193,1122.392529296875,1098.5881640013306,4.2417184138701725,-0.3096052287489041,10664588.2,1.0228882536692792,-145703677
2023-06-06,1126.6058349609375,1130.40003073524,1118.7221336360576,1128.4689187387337,7493309,0.0008475992477881,1122.3879760742188,1089.5803881835936,1121.8504681396485,1123.261422859017,1114.5703433804283,1102.6709214527857,56.58206537920269,8.691079478588563,10.568031518311477,-1.876952039722912,1.5315617699000554,11.2689208984375,15.286048079684816,0.0094069429440522,1146.1890809372078,1122.3879760742188,1098.58687121123,4.241154639991454,-0.313087593899978,10716017.6,0.6992624760153436,-138210368
2023-06-07,1135.1485595703125,1135.989176828128,1123.5386905370435,1130.0820196952836,10312545,0.0075827093596325,1122.423193359375,1091.5938134765624,1121.5221051025392,1125.090213122293,1116.0946556907902,1103.9445543201396,60.10895561482517,8.99555743150313,10.253536700949809,-1.2579792694466772,1.7576378656707352,26.3095703125,15.083507951927643,0.0094352609306984,1146.2975217469618,1122.423193359375,1098.5488649717884,4.254068969500115,0.3762337840331955,10688032.1,0.9648684531926136,-127897823
2023-06-08,1135.830078125,1143.6457515710592,1131.899585359948,1138.7155083681228,12071109,0.0006003782931685,1122.8628173828124,1093.882601318359,1121.165784301758,1126.7425000457868,1117.556538834065,1105.1949670183694,60.38542291313973,9.18596121172186,10.040021603104218,-0.8540603913823581,1.8373967367273587,27.12744140625,14.845126399012178,0.0093065029757229,1147.3760963403724,1122.8628173828124,1098.3495384252524,4.3662108279079,0.1705266740654223,10763694.55,1.1214652128901224,-115826714
2023-06-09,1127.7874755859375,1139.8743850627466,1125.9925399615922,1139.170064535181,5877018,-0.0070808148982451,1122.8082946777345,1096.414951171875,1120.758305053711,1126.9032655135022,1118.3143860008702,1106.0809477465093,55.497282367313176,8.588879512632047,9.749793185009786,-1.1609136723777382,1.708858230247471,-11.1553955078125,14.776320592022332,0.0094500663042857,1147.2726174933284,1122.8082946777345,1098.3439718621405,4.357702544870431,-0.5131335488727672,10709778.4,0.5487525306779457,-121703732
2023-06-12,1128.7869873046875,1131.0816777652867,1120.0852643496842,1124.8564945620458,6391969,0.0008862589276679,1122.6924194335938,1098.6560314941407,1120.4636297607422,1127.1930688659922,1119.0901342455977,1106.9713806703594,55.97425586036213,8.102934620394763,9.42042147208678,-1.3174868516920188,1.811518248515936,-16.5626220703125,14.50632722227806,0.009441215287662,1147.02003660047,1122.6924194335938,1098.3648022667178,4.3337991324729,0.0876211371140942,10687709.7,0.5980672360515181,-115311763
2023-06-13,1145.4632568359375,1146.6447363478687,1129.741165943139,1133.7172110839526,11248016,0.0147736195746457,1124.215777587891,1101.135665283203,1120.268807373047,1130.0038670152146,1121.043698881919,1108.480866010186,63.08350688391828,8.96016813329561,9.328370804328548,-0.3682026710329378,0.5724945392498784,0.408935546875,14.745714495199715,0.009376481038324,1150.185105614397,1124.215777587891,1098.246449561385,4.619989959974694,0.7597106619259262,10814249.05,1.040110686187683,-104063747
2023-06-14,1159.549560546875,1160.9809175855808,1143.7138887627082,1145.5314201372407,13277380,0.0122974732073444,1126.7728881835938,1104.0178955078125,1120.0530822753906,1134.5493583277778,1123.895984931175,1110.4835599135856,67.81172661087552,10.653373396602774,9.593371322783394,1.0600020738193798,1.2397918553116458,37.2376708984375,14.92580837574778,0.0095133042005865,1155.8927215997835,1126.7728881835938,1097.6530547674038,5.1687138946220825,0.1804197291326754,11038169.7,1.2028606517980966,-90786367
2023-06-15,1159.8677978515625,1164.4117468363468,1152.1202722852718,1159.5269355725368,11813494,0.0002744490753265,1129.465185546875,1106.030869140625,1119.854966430664,1138.4445028698983,1126.5605636660184,1112.4201966954672,67.91171795386967,11.883939203880118,10.05148489900274,1.8324543048773787,1.2936920360095667,40.57763671875,14.737641673985438,0.0094688942415944,1160.3181324843674,1129.465185546875,1098.6122386093828,5.463284275124189,-0.1102541314626831,11102567.85,1.064032587740502,-78972873
2023-06-16,1171.1595458984375,1173.431520437393,1163.3438717544047,1163.3438717544047,24171579,0.0097353750727373,1132.5425903320313,1108.2660424804687,1119.7308032226565,1143.4775864127507,1129.864191979531,1114.72370058578,71.31651627518974,13.61339443321981,10.763866805846154,2.8495276273736554,4.352413682911392,55.52734375,14.653790310545793,0.0096087680046274,1166.9355028202776,1132.5425903320313,1098.149677843785,6.073575118824142,1.0460990626481887,11908624.45,2.029754074577438,-54801294
2023-06-19,1159.52685546875,1174.1584519189826,1155.3692013285906,1174.1584519189826,6798554,-0.009932626575454,1134.7418640136718,1110.3194555664063,1119.5803985595703,1145.9467047290584,1132.0614263120656,1116.480687051779,63.8053759949338,13.885278416992833,11.38814912807549,2.497129288917342,3.594840349102569,33.8751220703125,14.9491803305348,0.0099910080224196,1170.1162488909442,1134.7418640136718,1099.3674791363994,6.2347897789106685,-0.718737696035497,11876806.85,0.572422713096492,-61599848
2023-06-20,1161.9351806640625,1165.070488566,1151.893084884151,1157.5957972211602,6921096,0.0020769895789425,1137.07177734375,1112.2792651367188,1119.4882696533202,1148.4064702575206,1134.2742970048062,1118.2632162130446,64.63579876281604,14.132173252714438,11.93695395300328,2.195219299711157,4.150380244175157,35.329345703125,14.822624855628671,0.0099779929750276,1173.1580350952947,1137.07177734375,1100.9855195922053,6.347226001131403,0.0180247152556263,11918259.95,0.5807136300966484,-54678752
2023-06-21,1165.206787109375,1167.7286388194625,1157.8001247424693,1161.889630244124,6961603,0.0028156531446468,1139.890167236328,1114.455368652344,1119.3209381103516,1150.9911343885751,1136.5655925681076,1120.1041405619203,65.78424818795096,14.425541820467515,12.434671526496128,1.990870293971387,3.513969066748332,30.0582275390625,14.473045514297567,0.0098024643964862,1175.5179990879285,1139.890167236328,1104.2623353847275,6.251099075269736,0.0058526857595964,11860727.4,0.5869457045273632,-47717149
2023-06-22,1152.1202392578125,1169.296404389101,1150.52986917785,1161.4354185434336,7619166,-0.0112310947690472,1142.0610473632812,1116.2652270507813,1119.2643658447266,1151.164842829996,1137.7177886191969,1121.3596738441122,57.71088513896771,13.447054210799251,12.637148063356754,0.8099061474424971,2.264714375259707,16.2901611328125,14.779723349794244,0.0102643706033168,1175.0136503062463,1142.0610473632812,1109.108444420316,5.77072530738072,0.094455687863844,11667292.55,0.6530363378948615,-55336315
2023-06-23,1142.6915283203125,1151.165969570004,1141.441900396204,1149.1211566554268,6628570,-0.008183790733139,1142.2484802246097,1117.7929052734376,1119.2285821533203,1149.8612559823523,1138.0862137822426,1122.1962171569044,52.69324597246709,11.775042200109963,12.464726890707396,-0.6896846905974314,0.6644917695050626,14.904052734375,14.48676731492384,0.0085895593478918,1175.1706370950906,1142.2484802246097,1109.3263233541284,5.764447480640527,-0.1300137049120598,11367408.05,0.5831206173688821,-61964885
2023-06-26,1133.9671630859375,1142.9869124040958,1130.8545713330911,1139.1700001634836,12641159,-0.0076349259779665,1141.6793579101563,1119.0656665039062,1119.0598876953125,1147.4160109213656,1137.7810989158495,1122.6578228796116,48.492001076679074,9.634912005516073,11.898763913669132,-2.263851908153061,-0.1640135329166272,5.18017578125,14.31859401178676,0.0086601845406075,1174.7605527869755,1141.6793579101563,1108.5981630333372,5.795181396180145,0.9070718118689248,11498950.8,1.0993315146630591,-74606044
2023-06-27,1134.3760986328125,1140.3058517527372,1129.9230146151945,1134.4215309070005,9689466,0.000360623799513,1141.1454467773438,1120.2380102539062,1118.8317810058593,1145.4098705692804,1137.5288766726617,1123.1173631052272,48.69847207309293,7.880993896618975,11.0952099102591,-3.214216013640126,0.584207857375957,-11.087158203125,14.037468520769332,0.0086620617815416,1174.3360275758134,1141.1454467773438,1107.954865978874,5.817064054753348,-0.2334986056262721,11416298.9,0.848739690934336,-64916578
2023-06-28,1149.3939208984375,1153.1881169201986,1135.0122016455275,1141.896393407388,11354006,0.0132388387623161,1142.4995483398438,1121.9569921875,1118.7130700683597,1146.0228013891508,1138.4077688375337,1124.1478163520198,55.71856473720592,7.615032551617105,10.399174438530702,-2.7841418869135968,1.8255821360020408,-10.1556396484375,14.378507789813384,0.0078815083497046,1174.7012125796502,1142.4995483398438,1110.2978841000374,5.637055049448092,0.1717886207557775,10628602.85,1.068250094602039,-53562572
2023-06-30,1158.8226318359375,1161.7307784588777,1151.1888070463274,1157.0732487107562,11151555,0.0082032023713245,1144.476171875,1123.7586743164063,1118.6332098388673,1147.9920060732718,1139.9199809114896,1125.5076130376638,59.46859085476475,8.072025161782221,9.933744583181008,-1.861719421398785,1.1662857730506355,-1.045166015625,14.232675630572444,0.0079727042608918,1175.5707453159278,1144.476171875,1113.3815984340724,5.433852482919813,-0.0178307991029773,10456546.0,1.0664664029594475,-42411017
2023-07-03,1188.5628662109375,1191.425580555085,1161.1400387375704,1162.3669506539804,12154387,0.0256641815217935,1148.122705078125,1126.2092333984374,1118.7386297607422,1154.233676863682,1143.5231576003375,1127.9803680640666,68.52336545544273,10.710519263344397,10.089099519213685,0.6214197441307103,2.5021186373766584,17.4033203125,15.544837994042084,0.0094912068609259,1181.8275427938604,1148.122705078125,1114.4178673623894,5.8712953879684875,0.0899275482208534,10274233.15,1.1829970006082644,-30256630
2023-07-04,1176.31689453125,1192.7887391966194,1169.2736896643748,1192.7887391966194,8061643,-0.0103031753959526,1150.6559631347657,1128.3880639648437,1118.7175006103516,1157.6310949663846,1145.9523232989236,1129.8759181216033,62.34697329192199,11.678771667460978,10.407033948863145,1.2717377185978336,1.4181872028998792,16.7900390625,16.114138818199404,0.0098473321737051,1184.8369527350662,1150.6559631347657,1116.474973534465,5.941131093116711,-0.3367297750186825,10131881.2,0.7956708967333728,-38318273
2023-07-05,1174.3856201171875,1185.5183304828597,1170.432411192628,1185.5183304828597,10248062,-0.0016417977358321,1153.044952392578,1130.446474609375,1118.637413330078,1160.2087142203543,1148.0584934336098,1131.621396631234,61.406927593009584,12.150220786744512,10.755671316439418,1.394549470305094,0.2754598406381229,12.450439453125,16.04069456620171,0.0098816584886681,1186.845079055437,1153.044952392578,1119.2448257297192,5.862759572855052,0.271212580363581,10269618.85,0.9979009104120744,-48566335
2023-07-06,1199.0367431640625,1201.626743759331,1170.5461356600115,1170.5461356600115,19117987,0.020990654708813,1156.2393615722656,1132.8338745117187,1118.7519219970702,1166.182257134771,1151.83466008031,1134.265135710953,68.03245282712037,14.347597054460948,11.474056464043723,2.873540590417223,3.407414628559012,33.8299560546875,17.114974104281554,0.0106929193360022,1194.4574770524946,1156.2393615722656,1118.0212460920366,6.610761880353157,0.8655221836089595,10709890.95,1.7850776529148509,-29448348
2023-07-07,1196.6966552734375,1210.9419594439871,1194.151966693268,1197.33282741848,13375267,-0.0019516398508772,1159.2826904296876,1135.3012451171876,1118.9130065917968,1170.876779925335,1155.1577708353564,1136.7134305957563,66.85903892114224,15.719009089978726,12.323046989230726,3.395962100748001,2.9916879347355954,44.576416015625,17.09176115045567,0.0107356341157202,1200.1192880019748,1159.2826904296876,1118.4460928574003,7.04514919603452,-0.3003830894957717,10775098.85,1.2413126957067313,-42823615
2023-07-10,1242.794921875,1252.3145466417045,1215.5085119378623,1221.8245601360636,33240016,0.0385212630104905,1165.0330627441406,1138.554716796875,1119.4488531494142,1181.9411094560528,1161.6494116531078,1140.8734890772953,75.73705196728315,20.29169780294501,13.916777151973584,6.374920650971426,6.658743806162022,100.1033935546875,19.843627594585055,0.0131314691720775,1217.299968361807,1165.0330627441406,1112.766157126474,8.972604690643887,1.4851852303210098,12143248.75,2.737324803628024,-9583599
2023-07-11,1256.2677001953125,1258.6759714064597,1243.9536302912918,1250.9058502676546,20069348,0.0108407091815165,1171.4070983886718,1141.6827758789063,1120.044678955078,1193.375969569785,1168.6581737673453,1145.398752258394,77.62372131904338,24.717795802439696,16.076980882066806,8.64081492037289,9.039634700332236,122.300537109375,19.560586304361813,0.0131580400933048,1234.4254474504492,1171.4070983886718,1108.3887493268944,10.759427554854708,-0.3962292918270557,12827117.7,1.5646030908408988,10485749
2023-07-12,1257.653564453125,1273.2166423107678,1254.8817149747802,1256.9946762890331,18733835,0.0011031599854052,1177.0166137695312,1144.651796875,1120.6465258789062,1203.264830321068,1175.250424929255,1149.8009017562267,77.81482248996872,28.01440539181317,18.46446578401608,9.54993960779709,10.06063607575701,123.2774658203125,19.473039235192232,0.0130021249986205,1249.1173742791016,1177.0166137695312,1104.9158532599608,12.251443125965636,-0.0665449121715364,13201408.65,1.4190784859917205,29219584
2023-07-13,1246.4073486328125,1271.85351009776,1243.794632147719,1264.992154591986,14682934,-0.0089422207658614,1181.3595031738282,1147.5862841796877,1121.17646484375,1209.9021408305673,1180.5213081665554,1153.589389869034,72.4104284567733,29.380832664011905,20.64773916001525,8.733093503996656,9.915647402071532,97.013427734375,20.08631342910999,0.0132198483088752,1258.9808413474473,1181.3595031738282,1103.7381650002092,13.141018964181924,-0.2162344762831529,13271686.35,1.1063352171519636,14536650
2023-07-14,1245.3623046875,1254.5410670168455,1238.2736675009803,1249.5881074417618,15124144,-0.0008384449485626,1185.634228515625,1150.246318359375,1121.754910888672,1215.3575506547108,1185.3243449458846,1157.1883277050522,71.91063493643847,30.033205708826245,22.52483246977745,7.508373239048794,9.783898496138251,86.5396728515625,19.813533863878224,0.0132373573839606,1267.3585949778992,1185.634228515625,1103.9098620533507,13.785763686089,0.0300491713713348,13437218.85,1.125541242487094,-587494
2023-07-17,1270.8084716796875,1279.1466167196916,1239.5914489485467,1248.225023984058,22220040,0.0204327422601511,1190.6166748046876,1153.4720776367187,1122.5664617919922,1223.8884615816305,1191.656502481722,1161.6440196256262,76.21547054054261,32.23195909990841,24.46625779580364,7.765701304104766,10.563354179422218,82.24560546875,21.223650571540126,0.0137042993944356,1279.9956434824874,1190.6166748046876,1101.2377061268878,15.013894995626828,0.4691767018351584,13339641.9,1.6657148794976273,21632546
2023-07-18,1281.6002197265625,1289.3249082218797,1269.1270172578058,1280.0325658904894,25867313,0.0084920334475038,1196.7203430175782,1156.63966796875,1123.573175048828,1232.7671936039276,1198.319000055414,1166.3481843354668,77.7713697435666,34.4481935485137,26.462644946345655,7.985548602168045,10.595028481287676,105.2833251953125,21.150382028149675,0.0133196020342315,1293.1665285063625,1196.7203430175782,1100.274157528794,16.11841664621346,0.1641434038822613,14293079.85,1.809778807049763,47499859
2023-07-19,1291.3243408203125,1297.7540895736324,1270.944719940005,1285.9397747939042,39122156,0.0075874839470804,1203.1898010253906,1159.932216796875,1124.5855688476563,1241.7759854833714,1205.2082845565176,1171.249210079971,79.09819557657083,36.56770092685383,28.48365614244729,8.08404478440654,8.6458594266008,116.938720703125,21.55459542854095,0.0133107549177904,1306.545656804043,1203.1898010253906,1099.8339452467385,17.1803078268399,0.512416693608648,15903132.85,2.460028245315199,86622015
2023-07-20,1289.760498046875,1295.224991076979,1270.1421687973038,1270.1421687973038,38717624,-0.0012110379429881,1209.4174865722655,1163.0385424804688,1125.7350958251952,1249.158218185449,1211.471411481729,1175.896711568869,78.28886006129574,37.68680670371964,30.32428625470176,7.362520449017879,9.643966183179838,90.7237548828125,21.80661163219339,0.0133817867297794,1317.7579310146943,1209.4174865722655,1101.077042129837,17.916136593904792,-0.0103402276704791,17490933.9,2.213582431982091,47904391
2023-07-21,1249.8345947265625,1287.3234307026405,1242.3762502436682,1284.4188902576473,30249238,-0.0309560599667717,1214.303204345703,1165.494482421875,1126.7012371826172,1249.2622761148511,1214.3131287591243,1178.7962363985826,61.09992267881217,34.949147355726836,31.249258474906775,3.6998888808200583,6.424548573904219,53.137939453125,23.633585644408633,0.0152508939520937,1320.662428514013,1214.303204345703,1107.943980177393,17.51773754490239,-0.218721737676878,18622437.5,1.6243436445953974,17655153
2023-07-24,1224.554931640625,1238.1179088392782,1215.6443158350814,1221.4042392370138,23727866,-0.0202264069122427,1218.3963745117187,1167.4080224609374,1127.4218151855468,1245.4611461957395,1215.0717808244206,1180.5906950355254,53.14377756259612,30.389365371318945,31.077279854189214,-0.6879144828702692,2.1282240616934023,-18.239990234375,24.38763516205666,0.0159851421129148,1319.5924295312986,1218.3963745117187,1117.2003194921388,16.611351960093447,-0.2155879761334814,19477402.3,1.2182253893272,-6072713
2023-07-25,1223.767333984375,1233.3179681079685,1220.9119513502328,1227.8041962368873,12026020,-0.0006431705396791,1222.8863830566406,1169.261279296875,1128.1571990966795,1242.1236366247604,1215.7158958733062,1182.2838965629312,52.91260356477124,26.407740751454185,30.143372033642212,-3.7356312821880273,2.2621170195175337,-32.5003662109375,23.531805276033733,0.0158022261083334,1316.374948867266,1222.8863830566406,1129.3978172460154,15.289820396388388,-0.4931689179296612,19446645.35,0.6184110309802096,-18098733
2023-07-26,1243.65625,1253.8961800235134,1223.3733833366434,1223.3733833366434,12911012,0.0162522037182264,1228.350390625,1171.834482421875,1128.8927423095704,1242.3594232978742,1217.7855517345429,1184.6906555212477,57.8937007653428,24.57387156333152,29.029471939580077,-4.4556003762485545,0.0693057325741657,-13.997314453125,24.031161805379178,0.0160111369150183,1312.8498214355736,1228.350390625,1143.8509598144265,13.758196595285686,0.0735897661903106,19607722.65,0.6584656581726996,-5187721
2023-07-27,1232.087158203125,1249.2931304965796,1226.0072859774648,1247.5209111436616,17226898,-0.009302483541473,1232.4850524902345,1174.3080786132812,1129.5502191162109,1240.779074821759,1218.8449299914746,1186.5493419009292,54.29572050976217,21.934144830284367,27.610406517720936,-5.676261687436568,-1.924792143300997,-14.3201904296875,23.977924856360293,0.0161732503597317,1308.8246880434776,1232.4850524902345,1156.1454169369913,12.387920713358598,0.3342794507510334,19901367.25,0.865613793444267,-22414619
2023-07-28,1244.4686279296875,1251.853175548335,1231.0287272255082,1236.690213733138,20827852,0.0100491833261371,1236.767352294922,1177.0770141601563,1130.2463153076171,1241.3466983768249,1220.7429816906017,1188.8206864510769,57.350625751759736,20.60371668622338,26.209068551421424,-5.605351865198045,-1.0483758720288607,-0.8936767578125,23.752676532536473,0.0162061156183045,1305.308422921705,1236.767352294922,1168.2262816681389,11.08390684789658,0.2090309003977384,20385182.1,1.0217152781774756,-1586767
2023-07-31,1255.0037841796875,1257.2929457124803,1239.5946718037708,1244.468545022099,8551174,0.0084655860449662,1240.089398193359,1179.9848608398438,1131.0554077148438,1243.4477885003423,1223.280818912015,1191.416102048277,59.81206986613509,20.166969588326992,25.00064875880254,-4.833679170475548,0.6896971167816407,-15.8046875,23.32021920226312,0.0154161210874894,1305.3236943933932,1240.089398193359,1174.8551019933254,10.520902169645405,-0.5894356268711722,20205021.45,0.4232202386501302,6964407
2023-08-01,1237.25634765625,1259.803857697837,1233.36720054875,1257.8346449464532,9536632,-0.0141413410438741,1243.1363708496094,1182.41916015625,1131.8845916748046,1242.4952591397127,1224.3160432634402,1193.2137587387858,54.14315176020888,18.179215876272565,23.636362182296548,-5.457146306023983,-0.6508914715612848,-44.3438720703125,23.542821912750547,0.0156109510434108,1301.502422811726,1243.1363708496094,1184.770318887493,9.390128602258937,0.115242421683853,20278770.9,0.4702766280573741,-2572225
2023-08-02,1224.0380859375,1236.665614699006,1212.8381883521488,1235.2871417271826,12748214,-0.010683527099125,1245.618994140625,1184.59318359375,1132.6082653808594,1239.65569403168,1224.295453831889,1194.4225558838334,50.31792264448094,15.360240199790953,21.98113778579543,-6.620897586004478,-3.680364648527159,-67.2862548828125,23.60534601213274,0.0158703658075582,1295.714483958439,1245.618994140625,1195.5235043228115,8.04346915926332,0.3367627061629306,20403778.5,0.6247967257633188,-15320439
2023-08-03,1218.8934326171875,1231.201012494138,1210.1058926997707,1218.5981228148664,10168350,-0.0042030173565817,1246.6118286132812,1186.7942724609377,1133.2890625,1236.461499967912,1223.8953041122816,1195.3821981086708,48.87072077372027,12.56619585563044,20.09814939976243,-7.531953544131991,-4.892850839457088,-70.8670654296875,23.42604413943521,0.0152889178493679,1293.6701448333313,1246.6118286132812,1199.5535123932311,7.549794593622183,-0.2023706222691272,19956296.65,0.5095309103856202,-25488789
2023-08-04,1235.45947265625,1238.6348041373592,1216.776590964359,1230.1672134573323,22885610,0.0135910487297419,1248.5499694824218,1189.3294091796874,1134.080181274414,1236.307341919964,1224.751909189613,1196.953855934066,53.50769581444728,11.555432730351413,18.38960606588023,-6.834173335528817,-4.326168600568189,-14.3751220703125,23.31405621326128,0.015527765884716,1290.0954826952932,1248.5499694824218,1207.0044562695505,6.655002078946631,1.2506709544813073,20431813.8,1.1200968364345607,-2603179
2023-08-07,1242.4993896484375,1244.739272893678,1233.219426922262,1241.0962775533026,5982870,0.0056982176655715,1248.5351928710938,1191.400539550781,1134.8200506591795,1237.2599646474216,1226.066537371748,1198.739955295414,55.36045248931134,11.193427275673685,16.95037030783892,-5.7569430321652355,-3.6643321353077942,17.9444580078125,22.47161262455803,0.0129534542715331,1290.0890926086713,1248.5351928710938,1206.9812931335164,6.656424260179864,-0.7385750259660984,19068956.5,0.3137492080387304,3379691
2023-08-08,1235.016357421875,1247.7178038434138,1230.536470478926,1244.5424722858313,9844072,-0.0060225641065947,1247.472625732422,1193.1938745117188,1135.4259454345704,1236.9147943050298,1226.7294870050907,1200.1625593003732,52.945220576390646,10.18530729993904,15.597357706258943,-5.412050406319905,-1.1856158700687445,11.2490234375,22.09373553455301,0.0127627761327692,1289.267408136218,1247.472625732422,1205.6778433286256,6.700713353009653,0.645376215762669,18557692.7,0.5304577545892869,-6464381
2023-08-09,1243.1640625,1245.034838767312,1221.453562693164,1233.145764124846,11486586,0.0065972446673772,1246.7481506347656,1195.1560693359374,1135.975678100586,1237.876220181179,1227.946862967677,1201.8488927591825,55.23523332844317,9.929357213502271,14.463757607707612,-4.53440039420534,1.519664849533781,-0.4921875,22.199988430238367,0.0128640525966791,1288.3136028792771,1246.7481506347656,1205.182698390254,6.667818552343399,0.1668531071288386,18195330.25,0.6312930758703871,5022205
2023-08-10,1248.7025146484375,1255.3732475116944,1234.9180240875248,1243.041027453777,15470598,0.0044551256873526,1246.8629089355468,1197.6838818359374,1136.537880859375,1239.5418039453723,1229.484318647733,1203.6862896960158,56.77517815614326,10.05748529763946,13.582503145693982,-3.5250178480545227,2.0375752785358197,16.6153564453125,22.075362358376314,0.0127496273197701,1288.436636468197,1246.8629089355468,1205.2891814028962,6.668532239545442,0.3468403927851147,18234713.45,0.8484146483804493,20492803
2023-08-11,1253.969970703125,1259.7300139419374,1236.837916549459,1246.733138146324,22179330,0.0042183434348015,1247.2932922363282,1200.3774780273438,1137.1923095703123,1241.7615219081038,1231.2980706518365,1205.658198755118,58.246340428227285,10.46345125626749,12.958692767808683,-2.4952415115411952,0.8293063861597607,9.5013427734375,22.133700575097897,0.0127786914323892,1288.9740504418658,1247.2932922363282,1205.6125340307906,6.683393306927239,0.4336440000573991,18587472.75,1.193240754044952,42672133
2023-08-14,1268.788330078125,1271.274485095857,1243.065489745762,1249.9577340453427,9575812,0.0118171564879587,1247.19228515625,1203.4406005859375,1137.902085571289,1245.9194923957994,1234.0751269056354,1208.1338901795498,62.14922761791014,11.84436549016391,12.735827312279731,-0.8914618221158221,2.978780488916463,13.7845458984375,22.5676502018834,0.0122007781982245,1288.653826280296,1247.19228515625,1205.7307440322038,6.648780884473118,-0.568255127634604,17955261.35,0.5333150998662572,52247945
2023-08-16,1267.754638671875,1271.5208305674453,1255.865563518659,1255.865563518659,10203112,-0.0008147075298102,1246.5000061035155,1206.282658691406,1138.6937103271484,1249.278745669042,1236.5699055549865,1210.4719587478762,61.71585281899735,12.70884011405542,12.73042987263487,-0.0215897585794504,1.8711609292173463,30.498291015625,22.07390854809075,0.0120358776265014,1286.059117258531,1246.5000061035155,1206.9408949485005,6.347229997803951,0.065508804892995,17172051.3,0.5941696668469654,42044833
2023-08-17,1249.46533203125,1269.206735432571,1246.9300190123918,1263.7914010541847,13673744,-0.0144265349798169,1244.4070556640625,1208.7398486328125,1139.3720770263672,1249.3074512632277,1237.525122331006,1212.001110641342,54.47755358409688,11.782328932221615,12.54080968455222,-0.7584807523306036,-0.4413095974891914,25.42724609375,22.08839482466849,0.0122643160881847,1278.2791082180136,1244.4070556640625,1210.5350031101111,5.4438862910297,0.34015425881829,15899630.7,0.8600038741780336,28371089
2023-08-18,1258.720703125,1268.9606325625684,1234.9670764174216,1246.1423337524884,18639978,0.0074074653025415,1242.855065917969,1211.2112915039063,1139.9263220214843,1250.7556438573465,1239.0951653527834,1213.833251523054,57.21243587975095,11.660478504563116,12.3647434485544,-0.7042649439912836,1.734834944222367,39.8272705078125,22.938763490416942,0.012428071770408,1270.5547122886833,1242.855065917969,1215.155419547254,4.457421807305544,0.3631948938052372,14895748.4,1.251362301473889,47011067
2023-08-21,1244.986328125,1262.5000997685252,1242.8371963360953,1254.8424457661688,9221746,-0.0109113761026587,1242.6126525878906,1213.3944165039063,1140.358617553711,1249.868056821601,1239.531547780355,1215.0549408015618,52.20069004121352,10.336509041246018,11.959096567092724,-1.622587525846706,1.7114044430615558,9.52685546875,22.704773486275005,0.0105661128216854,1270.1481032544998,1242.6126525878906,1215.0772019212814,4.431863881196337,-0.5052705534309108,13844373.8,0.6661006220447471,37789321
2023-08-22,1244.68994140625,1253.8544488619668,1234.6115281978846,1243.4548358358238,7713044,-0.0002380642357706,1243.619403076172,1215.7324658203124,1140.8343029785156,1249.0714236807778,1239.9136510119026,1216.2170976880202,52.09463626647263,9.157772668875168,11.398831787449213,-2.2410591185740447,2.116387544534773,2.1905517578125,22.45749828468981,0.0094530093389693,1269.8833255904458,1243.619403076172,1217.355480561898,4.223787832404092,-0.1636026409749303,13043632.7,0.5913263718319821,30076277
2023-08-23,1246.0733642578125,1256.275409297995,1243.4796423923776,1247.0614487779785,9517952,0.0011114598146422,1244.7347045898437,1218.078193359375,1141.2810076904298,1248.6101837695523,1240.3699260671551,1217.387931671149,52.578922577870514,8.24025770239723,10.767116970438815,-2.526859268041587,0.8591047975651139,11.0570068359375,21.767374614756072,0.0094464816006159,1269.3761633863785,1244.7347045898437,1220.093245793309,3.959310960909423,0.2340072220513716,12918229.3,0.7367845684547494,39594229
2023-08-24,1225.1258544921875,1254.8177179260883,1220.7782590700383,1254.8177179260883,14140020,-0.0168108157725542,1243.8081848144532,1219.6714453125,1141.601390991211,1244.997210034573,1239.2407355801204,1217.6913796249155,45.13806298388942,5.7564744544527,9.764988467241594,-4.008514012788893,-1.398273134054883,-18.0382080078125,22.643952060562786,0.009519644033213,1269.8933630506572,1243.8081848144532,1217.7230065782492,4.194405303755948,0.4856158131497197,12979679.7,1.0893966821076486,25454209
2023-08-25,1219.4691162109375,1237.5757146480018,1206.747529523438,1213.3676467766436,22222400,-0.0046172711648426,1243.1772827148438,1220.8698364257812,1141.8080645751952,1241.069810984783,1237.776171182403,1217.7610947851515,43.35380750209587,3.293639802380085,8.470718734269292,-5.177078931889207,-1.258869254443943,-29.2333984375,23.228540136562856,0.0093531892600269,1270.9233803307247,1243.1772827148438,1215.431185098963,4.463739484571199,0.5715960797792365,13229454.8,1.6797668789797746,3231809
2023-08-28,1207.315673828125,1227.2008731617648,1201.0660879981488,1221.272366528133,12580826,-0.0099661748061115,1241.3196350097655,1221.8187939453126,1141.9225042724609,1235.8768668068358,1235.519838045049,1217.351470433896,39.720924790777715,0.3570287617867507,6.847980739772784,-6.490951977986033,-2.8836410054988217,-46.654296875,23.436129067066652,0.0092381855169056,1273.1460390922446,1241.3196350097655,1209.4932309272865,5.1278338285897895,-0.4338673590611275,12817103.5,0.981565452756155,-9349017
2023-08-29,1195.755126953125,1212.107851949824,1189.7277154191993,1211.4162410930337,16876644,-0.0095754135605181,1238.3572021484374,1222.3107055664063,1141.9850476074218,1229.7042914447263,1232.5743038900916,1216.5045550032771,36.58083875944237,-2.870012445365319,4.9043821027451635,-7.774394548110482,-4.240192285527624,-73.033203125,23.360701028749368,0.0090963043132685,1275.1755352744422,1238.3572021484374,1201.538869022433,5.946318729705497,0.3414575481768844,13233377.0,1.275308940416343,-26225661
2023-08-30,1194.6187744140625,1206.9451032694478,1193.1119215700844,1201.5106390304122,12168946,-0.0009503221131553,1236.225323486328,1223.0125439453125,1142.1134765625,1224.306519593855,1229.7627831881637,1215.646289097818,36.27725675406448,-5.456263594308666,2.8322529633343976,-8.288516557643064,-4.7330636040497165,-73.1358642578125,22.68016393379323,0.0086663733657159,1277.6955256038727,1236.225323486328,1194.7551213687834,6.709165607543599,-0.2789475206089552,13364992.7,0.9105089896532454,-38394607
2023-08-31,1189.1595458984375,1198.0523052778192,1185.6517981191516,1197.0642209023324,21638600,-0.0045698499241338,1234.481396484375,1223.55703125,1142.079881591797,1218.899292871483,1226.7551359815172,1214.6075932860776,34.783768310962884,-7.8558431100341295,0.6946337486606923,-8.550476858694822,-6.275970726715653,-60.3057861328125,21.94590273556997,0.0084382458336783,1280.535107195822,1234.481396484375,1188.427685772928,7.461223934617604,0.7781819395040457,13809512.0,1.5669344434473862,-60033207
2023-09-01,1191.950927734375,1198.3734766692594,1186.5164632510111,1188.9373425267036,18112842,0.0023473568753371,1233.1342712402345,1224.0919140625,1142.0892114257813,1214.7533905426972,1224.177046481729,1213.7190965977757,36.22940953342403,-9.423655939031732,-1.3290241888777927,-8.09463175015394,-5.979367665095943,-66.769775390625,21.225267784332704,0.0084512654296446,1282.3974067018958,1233.1342712402345,1183.8711357785728,7.9899061457621645,-0.1629383601526901,14206736.6,1.274947407696712,-41920365
2023-09-04,1190.987548828125,1197.3853714174263,1188.3197691016735,1191.950907028467,9347626,-0.0008082370539206,1230.910675048828,1224.8692602539063,1142.1204193115234,1211.0971072019938,1221.7185651740544,1212.827663351907,35.933359433146975,-10.621457972060623,-3.1875109455143593,-7.4339470265462655,-4.6802245491724,-53.998779296875,20.35672025086271,0.0077168139865329,1283.4584335653992,1230.910675048828,1178.362916532257,8.538029538899988,-0.4839227328323187,13529837.4,0.6908897515649375,-51267991
2023-09-05,1197.36083984375,1202.4741047382813,1191.852196412095,1195.5822395056102,8675876,0.0053512658649503,1228.6537475585938,1225.962646484375,1142.2174597167968,1208.9838353007256,1219.9142892236616,1212.2211212535478,39.45797840999609,-10.930453922936069,-4.736099540998701,-6.194354381937366,-4.87477985615976,-47.3291015625,19.723137083669396,0.007699434069458,1282.8676817967068,1228.6537475585938,1174.4398133204809,8.824932874024,-0.0718631661129788,13664487.7,0.6349214248259011,-42592115
2023-09-06,1199.8802490234375,1203.5608392350891,1194.2234900414203,1196.1256007292052,8200370,0.0021041352747233,1226.896942138672,1227.280908203125,1142.3118756103515,1207.5832835657582,1218.4302862458674,1211.737165479818,40.843465829204995,-10.8470026801092,-5.958280168820801,-4.888722511288398,-3.6230180269926406,-46.193115234375,18.9812950915265,0.0076804068928097,1282.4333399978832,1226.896942138672,1171.3605442794606,9.053147978737766,-0.0548078372719942,13582302.6,0.6037540350485197,-34391745
2023-09-07,1201.5107421875,1204.5985062247828,1191.1358550222296,1196.4220829309013,13652572,0.0013588799093822,1224.814276123047,1228.6236010742186,1142.4176245117187,1206.6490464306414,1217.1769866859884,1211.336129272276,41.7721780735385,-10.527940255346948,-6.87221218612603,-3.6557280692209178,-3.469072721031727,-23.6151123046875,18.58710624231412,0.0074795213791789,1280.8759340085232,1224.814276123047,1168.7526182375707,9.154311633749153,0.6648726825740789,13690601.9,0.9972221893326692,-20739173
2023-09-08,1209.51416015625,1213.3677136631895,1197.039593881822,1205.463038004146,23109288,0.0066611289335447,1222.8548583984375,1229.826005859375,1142.6696057128906,1207.0898331576582,1216.6093699060075,1211.2646795030205,46.23414365475404,-9.519536748349536,-7.401677098570732,-2.117859649778805,-2.9339527792039704,-9.9549560546875,18.425750066532228,0.0075901415323852,1278.174306473598,1222.8548583984375,1167.5354103232771,9.047590185414446,0.692669190830856,14072536.4,1.642155141272187,2370115
2023-09-11,1222.5570068359375,1223.6686019045655,1211.3916036780722,1211.3916036780722,13271074,0.0107835419454722,1221.284210205078,1231.100693359375,1142.954652709961,1209.4693983389318,1217.0499356045211,1211.707515869017,52.6077414171911,-7.580537265589328,-7.437449131974452,-0.1430881336148761,-0.2096803072786985,15.2413330078125,18.12065661523103,0.0079851396715701,1274.7328892599912,1221.284210205078,1167.835531150165,8.75286499379829,-0.4257255351181741,13627123.6,0.973871991591828,15641189
2023-09-12,1204.8948974609375,1226.7068128830886,1203.462102676104,1226.7068128830886,16255666,-0.0144468595543947,1218.0895385742188,1231.427333984375,1143.1695654296875,1208.7656289730865,1216.1495624087,1211.4403543628175,44.85365271730376,-7.383933435613699,-7.426745992702301,0.0428125570886024,-1.195128155051942,9.1397705078125,18.486660443213427,0.0078842593640989,1267.2660697538522,1218.0895385742188,1168.9130073945853,8.074370499428948,0.2248945337807626,13961116.3,1.1643528820113045,-614477
2023-09-13,1210.9222412109375,1216.653058753229,1198.6699696902265,1205.4630504045967,12803338,0.0050023813385726,1215.2479187011718,1232.1194409179689,1143.3645166015624,1209.0974154712171,1215.762353431088,1211.420036199999,47.68736515803017,-6.664937959870713,-7.274384386135984,0.6094464262652712,0.2987261294618076,16.303466796875,18.450691058912657,0.0080570685282101,1258.871096045406,1215.2479187011718,1171.6247413569376,7.179305008126664,-0.2123769029211106,14091127.6,0.9086098971951684,12188861
2023-09-14,1212.0338134765625,1218.2093412827492,1207.9332388900991,1215.3438722575231,9209636,0.0009179551153617,1213.3763427734375,1232.8724047851565,1143.4775549316407,1209.5491690105011,1215.4861652863085,1211.4441058971192,48.215849719318854,-5.936996275807132,-7.006906764070214,1.0699104882630817,1.3613729229760303,22.874267578125,17.866791868465327,0.0075522830076533,1254.0810137003966,1213.3763427734375,1172.6716718464784,6.709323314136763,-0.2806847714244519,13867922.2,0.6640963128564422,21398497
2023-09-15,1214.28173828125,1219.296218648912,1210.156437431325,1219.296218648912,25468592,0.0018546716928957,1211.15439453125,1233.1773046875,1143.3974682617188,1210.2772565906164,1215.3969484711188,1211.5553855984576,49.33065686742922,-5.119691880502387,-6.629463787356649,1.5097719068542617,1.6459613969177576,22.330810546875,17.243433964831155,0.0073059303692532,1246.1695878674975,1211.15439453125,1176.139201195003,5.7821188602134015,1.7654287313852577,14209352.9,1.7923822554931406,46867089
2023-09-18,1203.7091064453125,1210.897444652389,1201.5353689892672,1205.4877066299114,7516300,-0.0087069017861558,1209.0905334472657,1233.3175537109375,1143.253953857422,1209.2667719528774,1214.531182395133,1211.2476883767656,44.48047201735463,-5.264410442255667,-6.356453118336453,1.0920426760807862,1.2235162722326272,12.7215576171875,16.9222150596277,0.0071762362625082,1240.5737383488784,1209.0905334472657,1177.607328545653,5.207749797171961,-0.7048796415600831,14124080.6,0.53216207219888,39350789
2023-09-20,1176.8826904296875,1199.3370070481767,1163.4694916701224,1197.089090701199,57081884,-0.0222864609663429,1205.7001708984376,1231.9993090820312,1142.9327990722657,1204.2846055646944,1211.7424052125075,1209.9000413984488,35.06094255561132,-7.45779964781309,-6.5767224242317806,-0.8810772235813094,-1.2641659110353445,-20.4781494140625,18.587743610739302,0.008514995109527,1235.687158392846,1205.7001708984376,1175.7131834040292,4.97420307605386,6.594412676449849,16592522.6,3.440217342238244,-17731095
2023-09-21,1168.31103515625,1180.8103271156433,1165.9396084396587,1173.3255153106452,12226182,-0.0072833557185788,1201.812054443359,1230.24017578125,1142.587075805664,1198.7502101172415,1208.5252666898218,1208.2690999771862,32.679592816909064,-9.775056572580295,-7.216389253901484,-2.558667318678813,-1.9040092983497272,-31.5692138671875,18.322241829685392,0.0085208980577977,1229.9605920007448,1201.812054443359,1173.663516885974,4.6843493461917305,-0.7858132713349125,16727934.1,0.7308841562210602,-29957277
2023-09-22,1163.4447021484375,1177.0308632017377,1160.9992172819989,1173.8443150051187,19176786,-0.0041652717995269,1198.727996826172,1228.3559985351562,1142.2196331787109,1193.3185935066565,1205.185965612682,1206.51128045449,31.376642439588764,-11.867372106025869,-8.146585824326362,-3.720786281699507,-2.83257448938604,-38.0660400390625,18.15862783611778,0.0079031490137368,1229.3873936068671,1198.727996826172,1168.0686000454766,5.115321717999583,0.5685015976369401,16979772.4,1.1293900500103289,-49134063
2023-09-25,1156.281005859375,1166.2853600891797,1153.6379525434304,1161.196701468891,14254884,-0.0061573156642803,1195.5685913085938,1226.5534716796874,1141.9065698242186,1187.6205030993822,1201.563376001326,1204.5414657644856,29.511295827152267,-13.942872901943929,-9.305843239849876,-4.6370296620940525,-3.633632872909375,-53.233154296875,17.764969243948602,0.0079318042425666,1229.8378463314048,1195.5685913085938,1161.2993362857828,5.73271249712273,-0.2566593797313063,16581396.6,0.8596913965618553,-63388947
2023-09-26,1157.2938232421875,1161.0979239595738,1153.8849803976211,1155.3423807263628,10087782,0.0008759266801756,1193.0674987792968,1224.7921020507813,1141.580962524414,1182.954860044429,1198.2841498710195,1202.688617038121,30.143617158304963,-15.329289826590411,-10.510532557197983,-4.818757269392428,-3.680110164043152,-65.26318359375,17.011253123806036,0.0077726941564453,1230.680698178195,1193.0674987792968,1155.4542993803989,6.305292774697591,-0.292328018944244,16456744.4,0.6129877061224819,-53301165
2023-09-27,1170.336669921875,1171.769464855697,1155.3178333556975,1157.7880446735417,11722778,0.0112701255443907,1191.7965759277345,1222.782666015625,1141.4107672119142,1181.0136000255743,1196.2139661710828,1201.4199132296408,37.87268021306095,-15.20036614550827,-11.44849927486004,-3.7518668706482288,-3.239109679320653,-34.5582275390625,16.97128015067699,0.0081058518434603,1230.6576777715018,1191.7965759277345,1152.9354740839672,6.521432034408475,0.1620768569344579,16199051.1,0.7236706599437791,-41578387
2023-09-28,1153.14404296875,1177.3026603074284,1148.6482103293206,1177.3026603074284,14518346,-0.014690325779737,1189.7228393554688,1220.2135424804687,1141.1574487304688,1176.7259758629862,1193.0236014894283,1199.526741846861,32.7317212790215,-16.29762562644237,-12.418324545176509,-3.8793010812658615,-5.677687296303104,-57.7781982421875,17.80579228120776,0.0086608950386551,1232.033528347694,1189.7228393554688,1147.4121503632434,7.112696771484542,0.2384731673669842,16316521.1,0.8897942098698969,-56096733
2023-09-29,1158.529052734375,1170.435518964013,1153.1440405649926,1156.9481416896208,12342014,0.0046698500490549,1188.1913146972656,1217.55763671875,1141.0222747802734,1173.9264492278153,1190.4684497297949,1197.918989332646,35.67691520832274,-16.5420005019796,-13.243059736537129,-3.298940765442474,-3.848123585241233,-53.5047607421875,17.769055575337237,0.0087474022200489,1232.6363272040785,1188.1913146972656,1143.7463021904528,7.481120583369496,-0.1499021996031779,15851691.8,0.778592856568155,-43754719
2023-10-03,1145.263916015625,1153.885049186791,1144.2017734963838,1151.0936382939,8859056,-0.0114499819296214,1185.856964111328,1214.667705078125,1140.8116882324218,1169.516828733632,1187.1199657509676,1195.8540844966842,31.964309505279715,-17.603137017335484,-14.1150751926968,-3.4880618246386845,-5.422175178618682,-69.017822265625,17.52321440838395,0.008988076087328,1234.0159481078283,1185.856964111328,1137.697980114828,8.122224763016026,-0.2822033745870002,15389002.5,0.5756744792263176,-52613775
2023-10-04,1143.287841796875,1145.683994991749,1133.8764332853668,1140.743572417399,10286386,-0.0017254313098632,1183.4719787597655,1212.536770019531,1140.564183959961,1165.481599974131,1183.873141754368,1193.7926632143387,31.439450464263174,-18.39154178023705,-14.97036851020485,-3.421173270032199,-5.671951633304566,-60.4212646484375,17.114953501098103,0.0089842440566518,1234.9860212538638,1183.4719787597655,1131.9579362656673,8.70557874096572,0.1611153603724822,15435940.5,0.666391918263743,-62900161
2023-10-05,1143.26318359375,1150.8219332922222,1140.743519950406,1145.8074528562056,10953682,-2.156779965944988e-05,1180.7670959472655,1210.910935058594,1140.338140258789,1162.063382069457,1180.8649967054334,1191.8111149939236,31.43251461990853,-18.80161463597642,-15.736617735359165,-3.064996900617256,-5.84860600703943,-33.6195068359375,16.61234348972083,0.0088317983117656,1234.7040995650486,1180.7670959472655,1126.8300923294828,9.135925925258304,0.0648717635134439,15549830.8,0.7044245137381173,-73853843
2023-10-06,1145.1898193359375,1148.5493304183171,1142.2502923697696,1144.7205033692,5431026,0.0016852075443654,1178.0325744628906,1209.339384765625,1140.2061334228515,1159.4674493412233,1178.2223909743598,1189.982828889689,32.682133579306395,-18.75494163313647,-16.340282514914627,-2.4146591182218415,-4.861580492830946,-23.1212158203125,15.87567881535131,0.0088213644314741,1233.344200061708,1178.0325744628906,1122.720948864073,9.390508683350484,-0.5041826118377364,15411363.6,0.3524039884439557,-68422817
2023-10-09,1135.4326171875,1142.200971985465,1133.8269798521974,1140.2989816654238,7576878,-0.0085201614472048,1174.7286682128906,1207.174912109375,1140.0543084716796,1155.7697828560351,1175.052778101259,1187.8436049013678,29.727348292252415,-19.2829952452239,-16.928825060976482,-2.354170184247419,-3.522022507362549,-28.0120849609375,15.553333148807654,0.0088825097201099,1231.898757773609,1174.7286682128906,1117.5585786521722,9.733326700486684,0.3951098742668513,15107578.9,0.5015282759833873,-75999695
2023-10-10,1140.447021484375,1145.1404226117538,1138.1497733893898,1139.5331157395624,10236032,0.0044162940371537,1171.2753112792968,1205.342109375,1139.8509899902344,1153.4124349527028,1172.4893887222306,1185.984915355603,33.07604527937251,-19.07695376952779,-17.358450802686743,-1.7185029668410472,-2.384982494678608,-15.833984375,15.135795454196666,0.0087703164027529,1227.9653158168933,1171.2753112792968,1114.5853067417004,9.68004772092023,0.3509564229488715,14463916.1,0.7076943705446411,-65763663
2023-10-11,1158.5537109375,1160.8509589721596,1142.7196339530417,1143.4359710357803,9814118,0.0158768352339224,1168.075146484375,1203.6238110351562,1139.6870849609377,1154.2034004888255,1171.457116293732,1184.909181849011,43.53875851955785,-17.253715804906506,-17.337503803130698,0.0837879982241922,-0.4203887990469774,1.2598876953125,15.51209131373866,0.0092493877958357,1219.836114006558,1168.075146484375,1116.3141789621918,8.862609169961571,-0.0412185112356038,14291068.3,0.6867308863116972,-55949545
2023-10-12,1160.70263671875,1165.618452848462,1155.1446622546923,1157.9607991424273,12554450,0.0018548348349867,1165.8655334472655,1201.7377880859376,1139.6186700439453,1155.203282985737,1170.6604881770668,1183.959905569393,44.64484190228775,-15.457205191329876,-16.961444080770534,1.504238889440657,0.3824010631471664,-9.634033203125,15.15221269088374,0.0088648454949602,1214.8492059044324,1165.8655334472655,1116.8818609900986,8.402971192111758,0.2792234615479454,14106007.5,0.8900073248933122,-43395095
2023-10-13,1160.6534423828125,1164.7045645712087,1150.6984190160554,1156.058825491677,10150316,-4.238323786065479e-05,1163.352093505859,1200.2057299804687,1139.5652313232422,1156.0417690468255,1169.9192255256405,1183.0459266208995,44.62329040713949,-13.87745647881502,-16.34464656037943,2.4671900815644108,0.2902995827985103,7.5093994140625,15.070350752617284,0.0087309932370557,1207.776663754623,1163.352093505859,1118.9275232570956,7.63733877245823,-0.1914965609803695,13973356.4,0.7264050031673135,-53545411
2023-10-16,1158.0596923828125,1163.2471357038708,1154.0826283801794,1158.5290083696575,5929036,-0.0022347325267696,1160.653387451172,1198.886162109375,1139.6705853271485,1156.3522187908236,1169.0407415891348,1182.0660742978373,43.43281137022489,-12.688522798311167,-15.61342180796578,2.9248990096546112,-1.0490124640700218,-0.4693603515625,14.648504793408293,0.0087024049739304,1199.072527399603,1160.653387451172,1122.2342475027413,6.620260684854458,-0.4158767076808249,13809326.4,0.4293501238409427,-59474447
2023-10-17,1163.5928955078125,1165.791359182136,1156.701030917525,1163.9634271590728,7928180,0.0047779947453441,1158.1189453125,1197.7801513671875,1139.7539630126953,1157.4661690549758,1168.637197434963,1181.3416359139148,46.6996196841205,-11.171028379986865,-14.724943122369998,3.5539147423831334,0.9061185896743744,18.3289794921875,14.251492184208477,0.0087987978033987,1187.7308494311508,1158.1189453125,1128.507041193849,5.113793231430201,0.337178590246374,12932305.8,0.6130523143057752,-51546267
2023-10-18,1148.154052734375,1169.397866963109,1146.6719261602773,1163.5928712145596,8918320,-0.0132682511495566,1155.3411926269532,1196.03404296875,1139.7132293701172,1156.0335357748834,1167.119927457141,1180.040162063737,39.794043216312474,-11.086391682257954,-13.99723283434759,2.9108411520896365,-0.8955321384054024,4.8662109375,14.856809942681563,0.0090351993216374,1176.5583668968552,1155.3411926269532,1134.1240183570512,3.6728845825464784,0.1248886881983002,13002406.8,0.6858976293527441,-60464587
2023-10-19,1139.33544921875,1147.0672825471008,1136.7911799610206,1142.2256445327594,12032556,-0.007680679691565,1153.4638305664062,1193.9707641601562,1139.6289709472655,1153.464599381632,1165.0618179580013,1178.443898814914,36.47612941501817,-11.597218576369189,-13.51722998275191,1.9200114063827236,-0.5176507103707716,-3.927734375,14.60724300201534,0.0078488991163138,1173.325856386212,1153.4638305664062,1133.6018047466005,3.443892264927369,0.3491953641493017,10749940.4,1.119313740567343,-72497143
2023-10-20,1135.8524169921875,1143.559402581249,1134.4690747739153,1136.297006705027,8913312,-0.0030570735150484,1151.8408996582032,1191.9874853515626,1139.5299102783204,1150.755032860179,1162.8981586272002,1176.7736446257877,35.22683995219742,-12.143125767021274,-13.242409139605783,1.0992833725845088,-0.6503545767618276,-9.33740234375,14.213177630966657,0.0077437557113495,1171.8885661439886,1151.8408996582032,1131.7932331724178,3.480978404523458,-0.2592336989746817,10584296.9,0.8421260367327753,-81410455
2023-10-23,1118.1162109375,1139.3847504014805,1114.1885998234964,1131.3565651682993,7853962,-0.0156148860444864,1149.5744750976562,1189.4865283203126,1139.3333087158203,1145.7336756413054,1159.580977316852,1174.4733531085997,29.65671120658841,-13.84730167554676,-13.36338764679398,-0.4839140287527801,-2.1995786287110763,-17.31640625,14.99767569861076,0.0083593148892967,1173.6971509398138,1149.5744750976562,1125.4517992554986,4.196800879753073,-0.1188503218556693,10018155.7,0.7839728424264758,-89264417
2023-10-25,1115.5225830078125,1127.0090643806484,1108.1366760976812,1111.6196977984057,11620688,-0.002319640753185,1147.536553955078,1186.8229296875,1139.0585327148438,1141.0858152361527,1156.3173925532196,1172.1615582026864,28.93616125212199,-15.231577317066922,-13.737025580848568,-1.4945517362183534,-2.5905955350989913,-24.9244384765625,15.27444088320765,0.0083015446039734,1175.6114851119016,1147.536553955078,1119.4616227982544,4.893078318082515,0.4795956486675132,9886445.9,1.175416132100617,-100885105
2023-10-26,1099.9849853515625,1115.5473150342816,1096.9219477593886,1112.089019549233,15222534,-0.0139285370757403,1144.6711120605469,1183.7432299804686,1138.7488958740234,1134.7626106385237,1152.1446216493932,1169.331104365387,25.015095284915983,-17.382011010869746,-14.466022666852805,-2.9159883440169416,-3.121949404953887,-58.5687255859375,15.513792768328036,0.0087044050650666,1179.1464395426651,1144.6711120605469,1110.1957845784284,6.0236214784976445,0.3099511836132249,10143183.5,1.5007649225709068,-116107639
2023-10-27,1119.40087890625,1123.204979852311,1104.6536704890177,1106.654565590137,11771084,0.0176510532536788,1142.1243225097655,1180.7554809570313,1138.62380859375,1132.3992672950967,1149.719159223975,1167.3730563081665,36.580126263132755,-17.319891928878405,-15.036796519257926,-2.283095409620479,-1.845429220441289,-41.3017578125,16.06423574921521,0.0093301465628105,1176.1621899753286,1142.1243225097655,1108.0864550442025,5.960448752333095,-0.2267329473529177,10145598.8,1.1602157972183955,-104336555
2023-10-30,1142.47265625,1148.6481841216216,1121.4511352518443,1123.4520304054054,16813304,0.0206108265399014,1141.590753173828,1178.2498413085937,1138.6243041992188,1133.949019442005,1149.1823812259029,1166.3965700313754,47.03402483150864,-15.233361783897864,-15.076109572185914,-0.157252211711949,-1.3880284129846023,-18.1807861328125,17.005883568226384,0.0101428279229557,1175.2534187863178,1141.590753173828,1107.9280875613383,5.897501450305452,0.4283564708229082,10260346.7,1.6386682138138666,-87523251
2023-10-31,1130.3192138671875,1150.1303563093795,1127.8490026208185,1150.1303563093795,12808438,-0.0106378409289062,1140.180261230469,1175.8669189453126,1138.512119140625,1133.39058781511,1147.7851095697015,1164.9817717504268,43.01199376344828,-14.39452175459178,-14.939792008667087,0.5452702540753087,-2.61767500911818,-27.740478515625,17.382702862536,0.0103149493957946,1173.2445233168482,1140.180261230469,1107.115999144089,5.799830642691014,-0.2381962522059911,10283667.9,1.2455126054780512,-100331689
2023-11-01,1135.0126953125,1144.942993469817,1124.0449807279865,1130.9368464684328,10309190,0.0041523504048512,1139.6677001953126,1173.3927587890626,1138.287308959961,1133.6401428147085,1146.839004809909,1163.8065138509005,44.96912599583581,-13.19886199520056,-14.591606005973782,1.3927440107732227,-2.2091647802872356,-28.5802001953125,17.63379642534276,0.0100849004083281,1172.7186697781574,1139.6677001953126,1106.6167306124678,5.80010639543099,-0.1951251198623906,10356174.6,0.995463131724334,-90022499
2023-11-02,1146.2767333984375,1148.302354744411,1140.2247162104195,1143.1889695269997,10562104,0.0099241516261949,1139.8171447753907,1171.4185668945313,1138.206063232422,1135.5842336737437,1146.797355075726,1163.1190714802156,49.45548884082426,-11.213121401982336,-13.915909085175493,2.702787683193158,-1.0174742340034733,-1.8773193359375,17.323500925811924,0.0103376543485265,1172.9591428227177,1139.8171447753907,1106.675146728064,5.815318395453268,0.0245328682466807,10369960.5,1.0185288555342136,-79460395
2023-11-03,1146.0296630859375,1153.5638066087804,1144.078220526126,1149.7349795725816,8850156,-0.0002155415924455,1139.95546875,1169.445361328125,1138.1968530273436,1137.1912228140811,1146.7404890024084,1162.4488986020085,49.36043315826325,-9.549266188327238,-13.042580505805844,3.493314317478605,-1.5093966704059407,6.6942138671875,16.76364986558639,0.0103379455736383,1173.176840493585,1139.95546875,1106.7340970064151,5.828538509493382,-0.1620839938709181,10264784.2,0.8621862698292284,-88310551
2023-11-06,1155.564697265625,1156.0587394619763,1148.9445800808262,1152.2546386732256,10647304,0.0083200587967438,1140.4742126464844,1167.6351879882814,1138.3592553710937,1140.0179111912416,1147.3941340589429,1162.1789299221505,53.10639684127185,-7.3762228677012445,-11.909308978184924,4.53308611048368,0.6454399140604218,19.7122802734375,16.28260890204728,0.0104943493858665,1174.324368884886,1140.4742126464844,1106.6240564080829,5.936154603592837,0.203063991188404,10525598.1,1.0115628488608168,-77663247
2023-11-07,1148.0552978515625,1155.614167696399,1145.955618484429,1153.1192304428853,6960204,-0.006498467313714,1141.1053466796875,1166.0937768554688,1138.493197631836,1141.2544322159065,1147.4431091546926,1161.6250619978136,49.97122595023741,-6.188676938786102,-10.76518257030516,4.576505631519058,0.7653451526318924,29.9390869140625,15.809461781327474,0.0104122746563545,1175.0265906178993,1141.1053466796875,1107.1841027414755,5.945330821017281,-0.3462942356111932,10494764.4,0.6632072655199387,-84623451
2023-11-08,1154.033203125,1156.552866758098,1147.042553778562,1152.1064866637696,7884494,0.0052069837442711,1141.7846557617188,1164.78505859375,1138.7104217529295,1143.2203969711516,1147.9312642636044,1161.327342042017,52.38124738047771,-4.710867292452804,-9.55431951473469,4.843452222281886,1.6006292596494558,38.5106201171875,15.359522581199505,0.0104289978262955,1176.1669791713073,1141.7846557617188,1107.4023323521303,6.022558323250719,0.1327963950481911,10377187.5,0.7597910320113229,-76738957
2023-11-09,1141.50927734375,1154.0331752710283,1138.3720609954937,1154.0085696526105,14513610,-0.0108523097492658,1140.9324340820312,1163.4689306640626,1138.7861877441403,1142.9571477977051,1147.4555615288004,1160.550163034242,47.246204133719736,-4.498413731095297,-8.543138358006813,4.044724626911515,2.092185604449448,41.5242919921875,15.381066834649989,0.010081018003553,1174.4438345337153,1140.9324340820312,1107.4210336303472,5.8743882548393955,0.8407788756006409,10612162.1,1.3676393050950475,-91252567
2023-11-10,1143.6583251953125,1144.3747829309668,1135.3337858785344,1139.039102652828,7734954,0.0018826372191764,1140.0802185058594,1162.4269946289062,1138.8820147705078,1143.065021243491,1147.1742847633568,1159.8877380209506,48.18487874597588,-4.109263519865863,-7.656363390378623,3.54709987051276,2.522202832652376,24.2574462890625,14.928204707348735,0.0100813896803867,1172.3822739929788,1140.0802185058594,1107.77816301874,5.666628534166311,-0.4670551296334957,10371187.3,0.7458118126938079,-83517613
2023-11-13,1143.5101318359375,1148.4505538682092,1142.077337077115,1147.610585630105,3854810,-0.0001295783505529,1139.2230529785156,1161.4048217773438,1138.983120727539,1143.133499796175,1146.9028660279923,1159.2454789548715,48.12129209116028,-3.76936623181723,-6.878963958666344,3.109597726849114,3.9568855088021113,1.0374755859375,14.317134141901978,0.0100811131718795,1170.1776198577336,1139.2230529785156,1108.2684860992977,5.4343294402771765,-0.5016376309413088,10056412.0,0.3833186229840225,-87372423
2023-11-15,1164.185791015625,1166.9030232858888,1149.6362714370953,1156.0588204395372,12220648,0.0180808709989235,1139.5293579101562,1160.9053466796877,1139.2544012451172,1146.3723138299367,1148.1830826937428,1159.4392166827445,56.70554970469599,-1.8107688638060608,-5.865324939694288,4.054556075888227,4.000793009304555,33.8665771484375,14.96540252104836,0.0109075003364263,1171.333033501002,1139.5293579101562,1107.7256823193104,5.581896661121974,2.170233552367043,10370992.6,1.1783489267941432,-75151775
2023-11-16,1166.285400390625,1172.9302438744137,1159.492320123304,1161.542667627995,13134910,0.0018035002584666,1139.6639831542968,1160.3920361328126,1139.5642395019531,1149.4358656085042,1149.523995115734,1159.7076944752105,57.475071640130245,-0.0881295072299508,-4.7098858532014205,4.62175634597147,2.0843163300543983,31.272705078125,14.856296894624176,0.0108637097691703,1171.8939021545502,1139.6639831542968,1107.4340641540434,5.656038881047952,0.0748128904457439,10631329.1,1.2354908663301565,-62016865
2023-11-17,1163.7410888671875,1172.48561138748,1162.011941225828,1162.4318047121262,7758634,-0.0021815513789209,1140.4433349609376,1159.8471069335938,1139.8939587402344,1151.6366691867631,1150.5771131713973,1159.8658668043076,56.17212657605344,1.0595560153658423,-3.555997479487968,4.615553494853811,2.9568527713204977,17.46435546875,14.543252127983312,0.0104154445470918,1174.1755639032397,1140.4433349609376,1106.7111060186355,5.915634369235446,-0.4093119785365868,10573344.8,0.7337918271614484,-69775499
2023-11-20,1160.6781005859375,1165.1490860409533,1154.2801575494675,1160.2828426994563,4490186,-0.0026320186771368,1141.5104675292969,1159.1134521484375,1140.284246826172,1153.02765863279,1151.3253344613631,1159.8977191094696,54.56833825692499,1.7023241714268806,-2.5043331493049985,4.206657320731879,2.261243894401649,14.6484375,14.28080043966206,0.0102610137205847,1176.366626921265,1141.5104675292969,1106.6543081373288,6.1070240498821295,-0.4212659084060416,10196226.3,0.4403772403521487,-74265685
2023-11-21,1175.2769775390625,1179.7728099438689,1166.0384122376151,1168.9038812090423,8214450,0.012577886104472,1143.4816955566407,1158.62138671875,1140.8502233886718,1156.4506307722163,1153.0995302448964,1160.5008272831792,60.37532331043408,3.3511005273201135,-1.3332464139799762,4.68434694130009,2.5299513891943164,19.7122802734375,14.624651076681298,0.0105294694030317,1181.1784012520595,1143.4816955566407,1105.784989861222,6.593320355175123,0.8294231018492331,10161283.2,0.8084067571308318,-66051235
2023-11-22,1179.87158203125,1182.9593458443585,1171.9669066696931,1173.3502489811203,8534814,0.0039093801546323,1146.5694641113282,1158.188603515625,1141.3882800292968,1160.053854042837,1155.0826451920336,1161.2604647242802,62.02065304725325,4.97120885080335,-0.0723553610233109,5.043564211826661,2.9529705936394066,31.8162841796875,14.365207369394446,0.009706748105952,1185.5446814581508,1146.5694641113282,1107.5942467645057,6.798579338938016,0.039000054781513,10195325.8,0.8371300895553528,-57516421
2023-11-23,1183.47802734375,1185.701217125861,1179.8714953518393,1179.8714953518393,8531542,0.0030566422375315,1149.967236328125,1157.667880859375,1141.9577740478517,1163.6575730122083,1157.1860068329015,1162.1317416897496,63.30851240132736,6.471566179306819,1.2364289470427152,5.235137232264104,2.4155575316704816,29.44482421875,13.755529826867818,0.0096335325513917,1189.3697081517091,1149.967236328125,1110.5647645045406,6.852799032674619,-0.0003833709791449,10040868.5,0.8496816784324982,-48984879
2023-11-24,1182.6875,1186.985763362465,1181.2795521879546,1181.5512995040292,6749486,-0.0006679695993379,1154.102362060547,1156.8704907226563,1142.5550091552734,1166.5852540872531,1159.0750063267606,1162.937849858779,62.80577321335972,7.510247760492575,2.491192709732687,5.019055050759889,3.016597041383564,41.17822265625,13.180578494556572,0.0088295177080037,1188.7236817195562,1154.102362060547,1119.4810424015377,5.999696525565718,-0.2088785356738559,9617216.1,0.7018128666153192,-55734365
2023-11-28,1182.9345703125,1185.553018040048,1173.4737106297223,1182.6875492177458,13792174,0.0002089058288854,1157.2790466308593,1156.4312841796875,1143.182901611328,1169.100533506522,1160.8423814368152,1163.7220349746112,62.90492151430568,8.258152069706739,3.6445845817274978,4.613567487979241,2.504379172907517,39.2762451171875,13.101916274254371,0.0082157655261057,1190.198511016076,1157.2790466308593,1124.3595822456423,5.68911438966322,1.0434406412577193,9718270.6,1.419200449100481,-41942191
2023-11-29,1186.047119140625,1191.605094048659,1184.7379555197092,1189.6536514263266,12531306,0.0026312096258229,1159.4577697753907,1155.9337817382811,1143.8216998291016,1171.7077005271533,1162.7093990445048,1164.5975284713177,64.19964598028784,8.998301482648458,4.71532796191169,4.282973520736768,3.901662709260928,42.5369873046875,12.785388235818996,0.0070672375754621,1193.9016133067228,1159.4577697753907,1125.013926244059,5.941370945835222,-0.0914190902753981,9504170.7,1.318505990217537,-29410885
2023-11-30,1174.5606689453125,1186.0471507278282,1170.8306260067593,1183.0828973645985,28439984,-0.0096846491256057,1161.6698425292968,1155.1843188476562,1144.4429388427734,1172.1466187453316,1163.587270889009,1164.9882398624547,56.37915582940496,8.559347856322574,5.484131940793867,3.075215915528707,2.7020608401309487,10.3748779296875,12.959040841908278,0.0069809443239101,1193.9593720755895,1161.6698425292968,1129.3803129830042,5.559157751050655,1.2695147656597006,10285748.0,2.7649893814236943,-57850869
2023-12-01,1182.8853759765625,1183.922792325671,1174.6348945757863,1174.8324632282502,14342842,0.0070875070580433,1164.0634765625,1154.5563916015626,1145.1184100341798,1173.798735242444,1165.0167601547537,1165.690088337518,60.16636337172062,8.781975087690398,6.1437005701731735,2.6382745175172246,3.443366442010177,16.5999755859375,12.702118166083295,0.0070602017235495,1195.1696633285462,1164.0634765625,1132.9572897964538,5.344414182275238,-0.4956803773166679,10487430.6,1.3676221132752957,-43508027
2023-12-04,1195.6810302734375,1210.4035134582498,1185.0097900344597,1210.4035134582498,15590990,0.0108173239408857,1166.53369140625,1154.395830078125,1145.753235473633,1177.1652421702893,1167.2881875709525,1166.866203707554,65.17172265764607,9.877054599336816,6.890371376005902,2.986683223330914,2.705344756899699,31.93994140625,13.760405260055007,0.0071149672239653,1199.394721573958,1166.53369140625,1133.672661238542,5.633961609474666,0.0870223627925343,10738874.9,1.451827136937781,-27917037
2023-12-05,1204.3514404296875,1205.8830195816831,1196.3973123183705,1204.9689932142376,12693624,0.0072514407577974,1169.4497802734377,1154.945205078125,1146.422098388672,1181.347734210197,1170.0336137086365,1168.3362129907748,68.09707159409876,11.314120501560184,7.775121201116758,3.5389993004434244,3.2638700635636018,43.67333984375,13.506232692068624,0.0071806831369449,1204.7738004201542,1169.4497802734377,1134.1257601267207,6.041135026500648,-0.1858359219010467,10931048.3,1.161244891763949,-15223413
2023-12-06,1215.887451171875,1221.7417795681863,1202.992899973077,1208.9708595498532,16422442,0.0095786083321922,1172.46591796875,1155.8967333984374,1147.1927178955077,1186.6615368196856,1173.430194261469,1170.2009674292494,71.52414317479213,13.231342558216513,8.86636547253671,4.364977085679801,4.480924735195865,40.6104736328125,13.880707470857237,0.0072395579039506,1212.517514723498,1172.46591796875,1132.4143212140025,6.832027462962098,0.2937551955217832,11219805.2,1.463701170141528,1199029
2023-12-07,1213.886474609375,1215.813191043024,1206.4511149904754,1215.3438750518303,8142096,-0.0016456922559496,1175.7574768066406,1156.9055688476562,1147.983549194336,1190.8499887873302,1176.4269557687214,1171.9141245735682,70.11716294444629,14.423033018608749,9.977698981751118,4.445334036857631,4.584248983122595,34.014892578125,13.56325237875312,0.0069967953985043,1218.0037759564425,1175.7574768066406,1133.5111776568388,7.186226748826279,-0.5042091791220819,11278899.8,0.7218874308999536,-6943067
2023-12-08,1213.244140625,1223.5943006598802,1207.9331869400896,1217.2459307176134,10204894,-0.0005291549068306,1178.7180236816407,1158.0448315429687,1148.64677734375,1194.2952429162024,1179.1541546469643,1173.5349095167617,69.64355406187877,15.141088269238026,11.0103768392485,4.1307114299895265,3.2304864139717733,29.76611328125,13.713099617398656,0.0070111335967021,1222.7220191832482,1178.7180236816407,1134.7140281800332,7.466415990512167,0.2533497517101248,11394919.8,0.8955652324994863,-17147961
2023-12-11,1215.0228271484375,1219.0986756148789,1211.589137099235,1213.3677374036308,7066138,0.0014660582020378,1182.393701171875,1159.1994116210938,1149.196553955078,1197.4841020288538,1181.8110933507771,1175.1618866787885,70.24294293848672,15.673008678076712,11.942903207014142,3.7301054710625703,2.9792433051630605,32.3353271484375,13.26998811013046,0.0062763890580022,1225.6258511323126,1182.393701171875,1139.1615512114372,7.31264889479539,-0.3075736014504413,11022546.2,0.6410622257133294,-10081823
2023-12-12,1197.5830078125,1217.7892853568703,1195.6561708810905,1215.3438006129377,9197124,-0.0143534911001362,1185.0899353027344,1159.744338378906,1149.6634484863282,1197.499318303261,1182.9793833109047,1176.0411463310909,58.12455972621623,14.519934992356184,12.458309564082551,2.061625428273633,1.1918244481824336,14.6484375,13.903068564819703,0.0073979403266026,1224.9145158163274,1185.0899353027344,1145.2653547891414,6.7209381038949925,0.301577184028956,11095654.7,0.828894215678864,-19278947
2023-12-13,1202.4739990234375,1204.647857091804,1188.813780320958,1196.570218805253,10031182,0.0040840519438158,1188.038128662109,1160.7309375,1150.1317370605468,1198.2646537986727,1184.4234289192405,1177.0777287896142,60.198430835403045,13.841224879432277,12.734892627152496,1.1063322522797776,1.6730115963377898,16.4268798828125,14.040997722393024,0.0073841269360215,1223.6175463044526,1188.038128662109,1152.458711019766,5.989608714395471,0.0906868277518058,11404473.3,0.87958310183426,-9247765
2023-12-14,1217.39404296875,1222.7297228698085,1206.7721356331074,1212.379562868232,16972354,0.0124077892390435,1190.6985412597655,1161.9082373046874,1150.7332427978515,1201.207636747915,1186.8656966266117,1178.6587607182078,65.76790018717536,14.341940121303878,13.056302125982777,1.2856379953211032,2.9130497595608116,42.8333740234375,14.484906731248596,0.006845129165741,1226.7006372782566,1190.6985412597655,1154.6964452412744,6.0472226631605155,0.6919595317879788,11642058.6,1.4578481850280327,7724589
2023-12-15,1232.9317626953125,1235.1055001292314,1220.308960360837,1224.236571728094,15932152,0.0127630982066184,1194.030859375,1163.6615942382812,1151.3676782226562,1206.0882715090534,1190.2779978168855,1180.7871137369175,70.41134891954178,15.810273692167812,13.607096439219784,2.203177252948029,3.953016941574694,50.04638671875,14.715374619050936,0.0072343358965332,1232.6218201143463,1194.030859375,1155.439898635654,6.463980463544491,-0.0612880216851474,11781920.7,1.352254221164466,23656741
2023-12-18,1245.4803466796875,1252.3474847954778,1230.634354917611,1232.9317234441762,14165188,0.0101778414378281,1198.117822265625,1165.7054443359375,1152.1902709960937,1212.148590766074,1194.3670606956116,1183.3241032640851,73.533769028189,17.781530070462395,14.441983165468306,3.339546904994089,6.03797484535701,49.79931640625,15.215214280394925,0.0073132035886463,1240.1697556029676,1198.117822265625,1156.0658889282822,7.01966577173905,-0.1109055449634174,12102248.4,1.1704592016141395,37821929
2023-12-19,1263.8094482421875,1271.615218807123,1247.5553868731267,1262.2778691174958,16820604,0.0147164920035578,1203.2743896484376,1168.1163696289063,1153.1304095458984,1220.0964149931683,1199.5109412546171,1186.480391302442,77.30160849261176,20.585473738551173,15.67068128008488,4.914792458466293,6.841243784827078,59.4580078125,15.995189840897822,0.0075808952824401,1250.653031899065,1203.2743896484376,1155.8957473978105,7.874952323130553,0.1874606958975764,12718769.3,1.3225024845760822,54642533
2023-12-20,1248.518798828125,1283.9417239360823,1244.9864450577063,1270.207325538083,17736722,-0.0120988567029072,1206.936480712891,1170.18294921875,1153.9572888183593,1224.4690894293155,1203.1411529267289,1188.9132700289397,68.5358852329028,21.32793650258668,16.80213232458524,4.52580417800144,4.419052173354641,32.63134765625,17.635196200717694,0.0081483593812452,1256.3706024618912,1206.936480712891,1157.5023589638902,8.191669162208383,0.0544640370821405,13194882.9,1.3442121566687038,36905811
2023-12-21,1266.0079345703125,1271.4176728398502,1244.121839762562,1248.44470925444,13765454,0.014007907416855,1211.2432983398437,1172.7944555664062,1154.9076245117187,1230.8596809894689,1207.7979515669942,1191.9365902070326,72.39208820119632,23.061729422474627,18.05405174416312,5.007677678311509,5.119476929311202,52.1214599609375,18.32524169190129,0.008508755134825,1265.288864900332,1211.2432983398437,1157.1977317793553,8.923981934028353,-0.2239008989372444,13456414.9,1.0229659312897672,50671265
2023-12-22,1267.2430419921875,1275.0735389423144,1258.64663484916,1264.550535970751,16541784,0.0009755921650633,1215.4315490722656,1175.3303759765624,1155.967056274414,1236.4571211437333,1212.20129159849,1194.889784394686,72.64704679538495,24.25582954524316,19.294407304379128,4.961422240864032,4.223712545993946,53.9989013671875,18.189646149133655,0.0085279856391959,1273.0836929281716,1215.4315490722656,1157.7794052163597,9.486695305862614,0.2016882261929029,13856927.0,1.193755585202982,67213049
2023-12-26,1273.6656494140625,1280.53278845719,1266.0820526143011,1268.7005006679644,7465664,0.0050681733566895,1219.9804565429688,1177.632614746094,1157.0100939941406,1242.1815101083994,1216.7542069922365,1197.979034003289,73.99208011941577,25.427303116163102,20.520986466735923,4.906316649427179,4.924610007202219,58.642822265625,17.922581127259033,0.0084781719679668,1280.8475822601276,1219.9804565429688,1159.11333082581,9.978377176571607,-0.5486784254950978,13892735.9,0.537378962195632,74678713
2023-12-27,1278.01318359375,1284.460338165659,1271.2201029702012,1275.6170305456778,9204156,0.003413403024324,1224.7343872070312,1179.9788256835936,1158.115425415039,1247.6940752599917,1221.2919089627187,1201.1176281048756,74.89210684439338,26.40216629727297,21.697222432843333,4.704943864429637,5.338500372677206,80.43017578125,17.588127846416093,0.0084379827023138,1288.0864788102576,1224.7343872070312,1161.3822956038048,10.345441797825062,0.2328650204456026,13663335.0,0.6736390493243414,83882869
2023-12-28,1287.2518310546875,1290.4383794995902,1278.0132649417642,1279.470665481518,12302636,0.0072289140515424,1229.7946228027345,1182.5107934570312,1159.1321075439453,1253.7798838437911,1226.1778291176793,1204.4954399852604,76.73461769298504,27.602054726111874,22.878188891497043,4.723865834614831,5.944662297066942,84.77783203125,17.21934699351781,0.0084639933208166,1296.07741686219,1229.7946228027345,1163.5118287432788,10.779489978317752,0.3366392312342381,13651901.5,0.9011664785304816,96185505
