Date,Open,High,Low,Close,Volume
2016-10-06,238.18169414440447,245.65214206781874,238.18169414440447,242.2822723388672,21111045
2016-10-07,242.9802679360927,244.95419734611593,241.34440735275442,241.8896942138672,15280380
2016-10-10,242.98023151284224,244.72516085484094,238.6179227178514,239.1304931640625,11553662
2016-10-13,237.52738755492533,237.53829300107552,229.4571244436544,230.58042907714844,21938040
2016-10-14,231.8563900627462,236.00057598454413,231.56192846345715,235.05177307128906,15265659
2016-10-17,235.5642883115023,235.7387899649508,230.929343851855,231.34376525878906,9826781
2016-10-18,232.5107289652101,236.16416978364748,231.6491841880929,235.8042755126953,11073137
2016-10-19,236.5349348480837,238.77062384438344,235.86968815162695,237.16746520996094,17073242
2016-10-20,238.60703143109822,239.49040159889924,236.4476950742572,237.2111053466797,10125508
2016-10-21,239.2723098401307,239.2723098401307,230.8530581502772,232.11813354492188,43608816
2016-10-24,233.38318734009206,234.2556520990478,231.34381079403795,231.92181396484375,10513017
2016-10-25,232.2926017030756,232.34712892770003,229.93695279926723,231.38742065429688,7658966
2016-10-26,230.34046819566052,231.08206756855105,229.4789089289222,229.90423583984375,10945927
2016-10-27,229.26079585172525,229.8715153147331,227.58131368845213,228.73731994628906,12842476
2016-10-28,229.02088722237718,230.7658021388114,227.66856833413595,230.10055541992188,8127969
2016-11-01,229.3044005588151,230.31863596008836,228.45374681581006,229.2389678955078,10223897
2016-11-02,227.05785964243518,227.46137569505782,222.69555030382585,223.2953643798828,7039997
2016-11-03,223.31716310871863,225.6946229519764,222.6082946138057,223.33897399902344,7311872
2016-11-04,222.53195657086164,223.9824244566282,218.115120242626,219.32566833496094,11535892
2016-11-07,221.1687390887076,221.7249313688768,217.90792352614616,218.365966796875,9506040
2016-11-08,219.35836362231106,219.35836362231106,217.7442996540723,218.87850952148438,13432073
2016-11-09,207.20938721941647,220.07817761489426,202.84707774026717,219.11846923828125,21640144
2016-11-10,222.17205099875463,224.42955083103493,219.6419150514683,220.38351440429688,9764091
2016-11-11,217.64617232662354,221.9321433284599,217.04635828087217,218.496826171875,14775330
2016-11-15,217.3517150642381,218.11511075194684,213.65465283717185,214.93063354492188,14487470
2016-11-16,217.02453589999087,217.41714646624354,213.9054913792178,215.18145751953125,16550762
2016-11-17,215.06152725076979,217.71162345798209,212.531390950878,213.2620849609375,12628378
2016-11-18,214.84340031350146,216.5228825551867,214.18904448115077,215.38868713378906,18163751
2016-11-21,215.3995948743663,216.70827743299952,214.4507920113533,216.2611541748047,13232434
2016-11-22,217.61344376188592,219.81640180757614,216.65373551861336,218.43138122558594,17646355
2016-11-23,219.20569079734793,220.4053334276661,218.0169681720391,220.07815551757812,13107911
2016-11-24,219.32568639249493,219.32568639249493,214.2326974852652,215.35598754882812,18913793
2016-11-25,215.93396458545544,217.2208361838988,214.70162021067438,216.74098205566406,10454964
2016-11-28,216.58832815045983,218.24599960064873,214.64710054799795,215.2032928466797,8312777
2016-11-29,215.71585857851105,219.05302685660882,215.50865511183503,217.61346435546875,9885281
2016-11-30,218.1042062918196,218.1042062918196,215.20327063341747,215.9448699951172,27596098
2016-12-01,218.11511871945842,221.38685416345433,217.02454509146204,217.62435913085938,12627845
2016-12-02,217.2208417147253,219.20569094659677,216.3265806638875,216.9700164794922,12481430
2016-12-05,217.02452210968903,218.04966295864932,215.17053840241837,216.77369689941406,3987213
2016-12-06,217.2426532268541,219.54377493061577,216.93730076569585,219.2493133544922,6726369
2016-12-07,218.98757527084422,219.77278184728613,217.31899855589973,217.92971801757812,4930865
2016-12-08,219.21659167369296,222.87003215351368,219.06391544683692,222.4883270263672,8750556
2016-12-09,222.91364969590555,225.06208051585796,222.54285002058194,224.42955017089844,8239158
2016-12-12,222.58647826787612,227.21051793922015,222.58647826787612,224.0478515625,9023848
2016-12-13,224.22232391948847,227.05782676298645,224.12417492198392,226.79608154296875,10365823
2016-12-14,226.79609549549772,232.17263996074027,226.4471212606793,231.0929718017578,24139260
2016-12-15,229.54436200251206,232.85970469511807,228.72642449453002,229.66432189941406,19331986
2016-12-16,229.4571244436544,231.63828647373316,229.4571244436544,230.58042907714844,14942206
2016-12-19,230.11145859417073,232.71793277787455,229.96967324760445,231.7582244873047,15009634
2016-12-20,230.0460097796169,231.42012488831446,229.7079264446169,230.7439727783203,11688169
2016-12-21,231.22386153216854,232.79428943453905,230.59133110482654,231.91091918945312,20367894
2016-12-22,230.7658072037133,231.78004275215315,229.2280957128531,229.75157165527344,28892834
2016-12-23,229.4571077741469,233.15417023054383,229.4571077741469,230.61312866210938,10265033
2016-12-26,229.96968635445938,232.5107280122672,227.85397164057773,228.46469116210938,15321770
2016-12-27,228.55192091410248,232.75063348338534,228.36651379950698,232.22715759277344,17442849
2016-12-28,232.92512743081676,233.28502166617852,228.38833139233955,228.95542907714844,9637310
2016-12-29,229.02087728122407,233.12144098885716,228.91180827367563,232.3907470703125,8772325
2016-12-30,232.24895050729663,236.65488073896572,231.87815086680848,236.0877685546875,15711974
2017-01-02,236.43679294079746,237.74549004327724,233.89575141215497,236.67672729492188,7097888
2017-01-03,237.71278759586397,239.272310028762,235.80427633658056,237.6146240234375,6434204
2017-01-04,238.3780152119784,238.39982610187582,232.13992598123727,232.7615509033203,10392483
2017-01-05,233.60131200968934,235.542524996326,233.11055240025695,234.9972381591797,8734164
2017-01-06,234.29924792566362,236.65489668988587,234.0593135915271,234.46282958984375,7845839
2017-01-09,234.9099916110201,236.87303002381526,233.6013090424948,235.0626678466797,5228980
2017-01-10,235.5643533411163,238.70520925019662,235.5643533411163,237.71279907226562,11349916
2017-01-11,238.83605928418487,238.9887355139938,236.43678858715455,236.88392639160156,11475958
2017-01-12,237.0911361628406,237.82183011640626,235.52070836294743,236.28411865234375,4371992
2017-01-13,236.55675238979543,239.38135004796092,236.55675238979543,237.83273315429688,7234429
2017-01-16,237.73457818651454,238.6070283379646,234.24473390069468,234.74639892578125,12013154
2017-01-17,232.29258196304224,232.94692316293663,226.51253648396354,227.1123504638672,39234251
2017-01-18,227.40680475127732,228.58463642090047,224.38590930679072,225.21475219726562,15867619
2017-01-19,225.78184931599517,227.99572731334177,224.87666831727736,225.46559143066406,15284274
2017-01-20,225.5201384966736,226.28353422637693,223.32807119508195,223.74249267578125,8784907
2017-01-23,222.87003130019446,224.87667681121007,220.90699300810724,221.58314514160156,13708502
2017-01-24,221.82307709246723,224.3968349908142,221.82307709246723,224.06967163085938,9419288
2017-01-25,225.0948229811982,225.2474992228769,221.6376947317042,221.88853454589844,23856654
2017-01-27,222.53198630849104,224.4186868126294,222.25933558314938,223.58984375,21861796
2017-01-30,223.55710978814759,228.24658250230115,223.52439345088652,227.88668823242188,15678126
2017-01-31,228.3338322679322,229.84973294887635,226.9051751553863,227.97393798828125,15125194
2017-02-01,228.1702179242346,229.21716971520297,225.79275822557454,228.94451904296875,11312284
2017-02-02,229.02087035165306,229.19535746244085,226.45801811192754,227.60311889648438,9099129
2017-02-03,228.14842977134933,229.11904354762012,224.68039615815806,225.4547119140625,13219481
2017-02-06,226.18537997086602,227.9084839653648,225.10571179304637,227.19961547851562,9991907
2017-02-07,227.2759552714249,227.35229338718685,224.047856159165,224.85487365722656,9905562
2017-02-08,224.85487860171116,226.45803730799202,222.91366564962914,223.60072326660156,16230826
2017-02-09,224.22233072784405,225.531027747659,223.96060005988468,225.2583770751953,9861688
2017-02-10,225.74915676916052,225.86911666933952,223.6879693351467,224.69129943847656,12518554
2017-02-13,225.31292738477654,225.5310508570991,222.91367110928076,224.62586975097656,8565757
2017-02-14,225.74915002257464,229.6534158645057,224.63676549778057,228.9772491455078,18244623
2017-02-15,229.6534169068137,230.65674698471244,227.98482555204262,229.30442810058594,15236663
2017-02-16,229.57707520279018,233.26321754094187,229.57707520279018,232.837890625,19655195
2017-02-17,232.61977049983932,235.17171731234387,230.86393569567684,234.58279418945312,14847356
2017-02-20,233.5031473061435,235.31350949748494,232.61979166145977,234.56100463867188,11650581
2017-02-21,234.51735662681054,237.95267349193142,234.0484079631906,237.3528594970703,14186476
2017-02-22,238.39986726958145,264.2792206021349,238.18174377293434,263.3740539550781,127323130
2017-02-23,264.7044956271861,266.53666857532676,257.2340476136446,257.97564697265625,62249698
2017-02-27,259.6660773529102,274.12710707564094,259.6333755734562,270.2228698730469,83422197
2017-02-28,268.71781208116585,272.20767081469455,267.95440184320495,270.03741455078125,36111716
2017-03-01,270.4845308527283,271.42242812886707,268.2815729901732,269.2630920410156,24385665
2017-03-02,270.00468639943205,273.66903228285145,267.63816122973714,269.7538757324219,18063590
2017-03-03,270.800910420781,280.8887264523084,270.800910420781,274.50885009765625,84305639
2017-03-06,276.78807609229557,286.1670205494475,275.9701531854544,284.716552734375,66724743
2017-03-07,287.6611347207693,289.4387660264565,282.70991683816817,284.62933349609375,42071555
2017-03-08,285.2291332362857,285.2291332362857,280.5178645125562,281.6302490234375,43336972
2017-03-09,281.3685350989605,283.11343552424563,279.51455109708087,280.6596374511719,31094457
2017-03-10,281.42309747058147,282.6772676227713,275.0868431441485,279.54730224609375,24785585
2017-03-14,287.63933564170037,287.6938774317287,280.3324829788653,281.25946044921875,27765035
2017-03-15,281.59753227141823,287.1049424373943,281.4557760391947,284.62933349609375,24107889
2017-03-16,285.73076561186275,285.8180091575145,282.15366376010695,283.03704833984375,15924023
2017-03-17,285.2945248877222,287.90099867004,283.12429796303616,283.7023010253906,22727289
2017-03-20,284.8583365858974,284.9128783687409,278.82746558001566,279.3618469238281,12869337
2017-03-21,279.6672205310077,280.0380056743551,274.67238094113867,275.6539001464844,22596181
2017-03-22,273.0801162767191,276.1119173293636,271.89140821853283,274.7596130371094,20291685
2017-03-23,275.51210453375325,278.65296004986203,274.3888291401525,277.7259826660156,11807911
2017-03-24,277.9004868996759,281.80475292527797,276.6681278603063,280.6596374511719,16282523
2017-03-27,277.2461450615085,278.91475113159805,272.0331961733014,272.88385009765625,32452615
2017-03-28,274.3888565515023,275.69753920061453,270.92080821933286,271.7169494628906,21707345
2017-03-29,273.0146472489437,274.825009107492,269.0122475698726,274.0943298339844,18924345
2017-03-30,273.73447353291084,278.0422553459146,273.29825573311905,277.1479797363281,27862325
2017-03-31,276.1337475475613,291.76170259699813,276.1337475475613,288.1082763671875,45390562
2017-04-03,292.71049498446496,301.1079204149999,291.63081227253303,299.8319396972656,44886623
2017-04-05,304.3142010339264,309.2872293250443,301.0206694355143,308.63287353515625,40323877
2017-04-06,307.32418851912024,316.0269661161793,305.841018959726,313.7585754394531,50620850
2017-04-07,310.0070067455602,312.77704778944496,305.9173341643747,306.8006896972656,31875272
2017-04-10,307.54237742743504,310.792288066425,300.410011089241,301.29339599609375,30768410
2017-04-11,302.71109787639944,305.4593576209089,298.8395626369632,299.330322265625,32249647
2017-04-12,301.6095298760886,302.4056709158633,294.7061949970033,295.32781982421875,27448279
2017-04-13,295.327838935369,299.5592676835759,293.87737120466784,297.6835021972656,12713918
2017-04-17,297.7271426609843,304.39055863726304,297.7271426609843,303.5835266113281,11837502
2017-04-18,305.3502879516684,307.54232616249385,298.1633810152431,298.8613586425781,16016414
2017-04-19,298.59962154088436,301.5550993963854,296.1022015481623,298.5559997558594,11572557
2017-04-20,300.78077596503664,302.4820545755326,297.53083674034093,298.7195739746094,8393496
2017-04-21,301.1079523344929,309.94162561214193,300.6826253834939,305.906494140625,30230907
2017-04-24,307.3351203293265,312.9952360104729,305.40481273218376,309.1564025878906,25512511
2017-04-25,318.448087288009,320.1384749846657,311.0539915557881,312.5153503417969,36764315
2017-04-26,312.9951778999978,314.09664228731106,305.9282464550188,308.9491271972656,16763153
2017-04-27,309.0691330380611,310.6286553448767,305.8410339750038,307.4332580566406,12571594
2017-04-28,307.48779533622826,309.78888786542814,303.3981225026031,304.314208984375,11848658
2017-05-02,305.797397579838,305.797397579838,298.0107056813703,298.93768310546875,18591411
2017-05-03,300.32267755770084,301.16241130403563,297.7271236508428,298.8395080566406,9500038
2017-05-04,299.90828105260044,300.9116110532944,295.3387688277013,296.1894226074219,14365934
2017-05-05,296.98554531092043,298.23971513700036,289.0025267950224,289.7113952636719,15598448
2017-05-08,290.0931104757881,292.16520329004334,287.55206896104283,288.2173156738281,16066733
2017-05-09,288.78442889553264,290.8892234921245,287.96647682824334,290.1694641113281,21106150
2017-05-10,291.14005478726995,297.4217657380991,290.23488830512395,296.44024658203125,22906024
2017-05-11,297.53083171020285,298.7631907054439,294.8153030385768,296.5384216308594,13783848
2017-05-12,296.6474619814442,297.5090066766222,293.1576323017237,294.5535583496094,7523427
2017-05-15,295.8513447878458,295.8513447878458,290.8565055799695,293.16851806640625,6738085
2017-05-16,293.5938399125287,300.3226883694539,292.49234635104966,295.82952880859375,12655992
2017-05-17,295.10975038981377,297.9343333779051,293.9646350119328,295.1315612792969,9844573
2017-05-18,292.32879839319924,294.4554038648374,288.8062377106258,289.5151062011719,9790379
2017-05-19,290.74747580449014,291.3363698606198,285.7308252818308,287.6611328125,12813204
2017-05-22,289.32967859703115,290.87830992955304,286.8649899421859,288.8171081542969,8801430
2017-05-23,289.15521837815226,290.0604140203586,283.985891692832,284.76019287109375,9223001
2017-05-24,285.1855297491947,286.53786325702066,282.4809209735732,283.0480041503906,14326531
2017-05-25,283.5496640476299,286.2542726351033,282.77533377620387,284.08404541015625,25922008
2017-05-26,284.4112134677526,293.23396609799767,283.54966874247975,291.68536376953125,21430443
2017-05-29,291.61990493129684,297.82526281349783,291.31452337504686,295.96038818359375,24022633
2017-05-30,295.7423216973924,297.6617383832214,294.12825749157685,296.49481201171875,9658309
2017-05-31,298.16334879512783,298.3705667958535,291.35814774403406,292.4269104003906,16423338
2017-06-01,290.6820235262946,292.2742475795672,288.56630900508816,289.7113952636719,9534069
2017-06-02,291.1836871211805,291.99071918898,287.2576103546006,288.947998046875,11495005
2017-06-05,289.2751564201241,292.49233518677266,287.00676583753545,289.9512939453125,10835031
2017-06-06,290.95465656746495,290.95465656746495,285.94892619036233,286.3415222167969,9591064
2017-06-07,285.99255005999987,292.71050817926755,285.51271046863064,292.05615234375,11199223
2017-06-08,292.2742905571139,293.32124252691807,289.6678160789554,290.46392822265625,7903123
2017-06-09,293.3866467010995,295.09884529203276,290.3112237685909,291.33636474609375,13836547
2017-06-12,289.34062365411125,290.0386012706135,287.2576108098692,287.7919921875,8432435
2017-06-13,288.0428202288354,289.43874628483593,285.94891658482817,286.6795959472656,6025338
2017-06-14,287.01768570940146,296.6365503289753,287.01768570940146,296.0912780761719,52939271
2017-06-15,296.63657435028017,304.27061946783266,296.440276323375,301.8604431152344,28290813
2017-06-16,302.9837065925329,304.44506526999805,298.6650049868653,302.91827392578125,32710880
2017-06-19,303.22367671348997,308.80741080339817,303.22367671348997,307.3787536621094,15236956
2017-06-20,307.3241912636536,310.1815050838986,306.9861079240045,308.05487060546875,10142474
2017-06-21,307.0624950569592,311.46841161134455,306.28816473021095,310.15972900390625,19992472
2017-06-22,311.78465791003055,315.26359672528025,311.40295278158476,312.4826354980469,22118609
2017-06-23,313.21333392377994,314.5220165009504,312.0355166923251,313.18060302734375,31143289
2017-06-27,312.3408360033211,314.74009199339844,310.81401555871804,313.464111328125,32591540
2017-06-28,314.074889223181,314.074889223181,304.39059123489363,305.0340270996094,15567803
2017-06-29,305.36111279125066,307.5422596449014,303.20177682373634,303.76885986328125,12898245
2017-06-30,303.61623587612024,303.70347943566975,299.91918812016473,300.9988708496094,7814271
2017-07-03,302.78739708416896,304.2051631862772,299.0358366121598,301.2278747558594,9195278
2017-07-04,303.18003472910993,311.2721082818491,302.9619258182576,310.1488037109375,18816782
2017-07-05,311.7846932425498,315.7107703000372,310.5959559432503,314.663818359375,27209010
2017-07-06,315.98335202817526,316.2669227096757,313.6495286282109,314.6419677734375,13590313
2017-07-07,314.74015053099635,326.68194916082825,314.0858237501943,325.2424011230469,35845310
2017-07-10,326.10397991157146,327.36907005959495,324.7952970936375,325.61322021484375,3504540
2017-07-11,327.39083665128106,328.13240697974794,324.3372244093103,325.94036865234375,20995547
2017-07-12,327.0417583413621,332.62552013786365,326.62735148803216,329.5937194824219,17104482
2017-07-13,331.6972279419762,335.2697754999661,331.12560741803645,334.6322021484375,23010262
2017-07-14,334.17053955271354,337.6881118210563,333.192195228486,337.1934509277344,20530867
2017-07-17,337.90791271272013,342.8765053065951,337.90791271272013,341.15069580078125,18749450
2017-07-18,340.06247673833155,341.16171992078336,332.1919002482174,334.1485595703125,19640167
2017-07-19,332.5436457900754,338.1278281118845,332.5436457900754,337.017578125,11790198
2017-07-20,338.51250452999676,340.7659660180265,334.9839257847286,336.1271667480469,13626050
2017-07-21,340.7659924844178,349.9336997167253,339.6557718734784,348.4607238769531,97142371
2017-07-24,351.75847056104095,357.23270229695584,348.46074095327907,355.1111755371094,43429394
2017-07-25,357.1886956404528,357.24367100289487,351.23078109410665,352.2311096191406,20063064
2017-07-26,352.6818539983197,358.3319601819165,352.00031203121813,356.7600402832031,21954323
2017-07-27,357.9142192981585,358.6836689403043,349.19720457864884,350.615234375,18409364
2017-07-28,349.83474288721385,353.0665487377584,346.92175305334956,350.53826904296875,14331863
2017-07-31,352.18713842233285,355.8915914077348,350.8790300616609,355.1001281738281,16567422
2017-08-01,356.7599875705959,356.7599875705959,349.8897109501536,352.5498962402344,12311920
2017-08-02,353.9569411452772,359.6070468448205,353.53921054903253,358.17803955078125,20786240
2017-08-03,357.6614417632794,366.0267093919504,355.5069237230659,362.7729187011719,19707381
2017-08-04,365.6089079764431,365.6089079764431,355.0781468820749,356.6280822753906,18579866
2017-08-07,358.7057032019131,358.7057032019131,354.5175954072134,355.35302734375,9537088
2017-08-08,355.7157345874601,356.3862696685581,348.8564351443782,352.3190612792969,10961296
2017-08-09,352.0881725974534,356.15538053490036,348.4606794743653,351.49456787109375,10436651
2017-08-10,350.2305007613479,353.2204503327047,346.9107870521037,348.31781005859375,10188164
2017-08-11,340.9748797429061,347.3614737493399,337.0285698749663,339.94158935546875,16996281
2017-08-14,343.1843174949378,348.3507690384517,343.1843174949378,345.83349609375,13440617
2017-08-16,345.602674120104,346.4820744945461,340.8099552875706,344.3055725097656,13576650
2017-08-17,344.9430918310222,351.24177711711064,343.2172822946796,344.525390625,15828719
2017-08-18,343.8438621373288,346.8777801218553,341.45849493678236,346.3501281738281,7935890
2017-08-21,346.70196137738446,348.2738813082116,343.0194920198734,343.9318542480469,7573558
2017-08-22,345.60265805485136,347.33944509592527,342.09606353362403,342.9754638671875,9533641
2017-08-23,344.03075037998343,348.8014555298424,341.45850211335465,347.8121337890625,8320052
2017-08-24,349.55993193066377,350.24144441651515,343.95376601869066,344.7342224121094,12654347
2017-08-28,347.1525716639717,347.79011558597875,343.228246820904,344.4044494628906,12316426
2017-08-29,343.371180448652,344.61333598676276,336.36899822657466,336.8416748046875,15164812
2017-08-30,340.22734452560223,344.8991349911947,338.84230586501064,343.8658447265625,10334911
2017-08-31,346.2621450688337,351.197775551327,346.04230234949057,350.5492248535156,25104625
2017-09-01,351.72542044064863,355.4078889540233,351.53856879307574,353.9788818359375,15431918
2017-09-04,355.16609700920856,359.70598198220995,350.8460547912308,354.69342041015625,21560532
2017-09-05,358.35391657636336,359.4201979998934,356.3862798281477,358.925537109375,25216776
2017-09-06,357.5624031698509,363.30047456598976,356.77096933714165,361.7395324707031,48745984
2017-09-07,361.8714657564821,366.0485950376591,358.353864666123,359.7169189453125,16205339
2017-09-08,360.5524160987992,361.98145280788725,357.07881227566315,359.1893615722656,13248413
2017-09-11,361.1239871378895,363.5643002551419,359.0354224046733,359.6289978027344,12690592
2017-09-12,361.7615485749285,362.7508703043641,359.23329823942754,362.2012634277344,6500191
2017-09-13,362.3111597458785,378.09630842352635,361.4317594525875,373.3036193847656,29377106
2017-09-14,376.29360252971753,378.7998686425318,370.22576637590083,371.0391845703125,11867640
2017-09-15,370.225754482086,374.99645952368064,367.0379465789162,370.1378173828125,28595395
2017-09-18,373.74334136854714,374.2050405095932,370.70942326846944,371.78668212890625,5061995
2017-09-19,373.1717134178724,373.193697691398,368.02724665538426,368.7307434082031,7718697
2017-09-20,376.42547572544214,383.6365229362676,371.58878876955305,372.49017333984375,24942703
2017-09-21,372.4242525947984,374.490833196917,367.6974865999516,369.93994140625,12950541
2017-09-22,369.30236582373954,369.30236582373954,357.56241148100924,359.4091491699219,12294087
2017-09-25,358.3539194922093,364.048023186431,354.04488391361116,361.23394775390625,14229631
2017-09-26,361.2999007079691,363.65227698559784,357.1227707862714,360.59637451171875,10564143
2017-09-27,363.01473922293127,363.0587077764853,349.7798230336181,351.38470458984375,18448855
2017-09-28,351.60459307526855,353.0336004837942,343.05244484739757,345.8005676269531,29547622
2017-09-29,348.1309348391371,348.8564453060825,342.5687661965656,343.3602294921875,16666208
2017-10-03,349.5599830769659,353.4512881523021,345.3168708673597,351.032958984375,18345748
2017-10-04,351.40669827894175,362.7289239889092,349.82380095709567,360.0467834472656,18907611
2017-10-05,362.7508994541874,364.26787325859016,359.9588375935405,362.3771667480469,10631751
2017-10-06,362.31118349084875,369.06056137193184,361.6955944397509,368.04925537109375,12997688
2017-10-09,368.90663031690275,369.2584080569421,364.0699725684971,365.23516845703125,8850408
2017-10-10,365.3890474118601,372.5561260737543,365.3890474118601,370.75335693359375,14732024
2017-10-11,371.6767314009936,377.4367872866109,367.58753903907467,369.41229248046875,15420644
2017-10-12,370.26971810699587,385.52724490054436,370.26971810699587,383.7464599609375,18642942
2017-10-13,386.6264532540575,391.63898480179256,384.01023676593377,385.373291015625,21509701
2017-10-16,386.49455905206776,392.2106168420422,378.7118915266222,385.5272216796875,32009221
2017-10-17,386.05486306295046,388.69306403032414,381.3061130622782,384.4499816894531,13898844
2017-10-18,385.791079527061,403.5988419456188,384.73580493449094,402.1038818359375,36671941
2017-10-19,402.67544083968835,405.357610334306,397.0473199127622,400.08123779296875,8014767
2017-10-23,401.4003587024283,415.38276917369177,399.72949502172276,413.20623779296875,27455320
2017-10-24,416.7018181492623,416.7018181492623,408.1277164485432,410.7878723144531,13857773
2017-10-25,413.36015390028865,415.9103886022918,408.69934066184766,413.272216796875,10011782
2017-10-26,413.3161551285705,421.1427622206605,409.35886835828296,416.5699157714844,16840049
2017-10-27,417.71313734516,420.65911821888375,407.02845694028144,408.85321044921875,11498547
2017-10-30,410.6779611817489,415.7564753768604,409.1830011559744,414.4154052734375,7823263
2017-10-31,415.49264952993616,415.8443979115637,409.8864835887435,413.68988037109375,9504986
2017-11-01,416.7238015761588,421.14275806197656,415.84440126350086,418.8343505859375,17571371
2017-11-02,418.94427772003394,420.57117272355947,415.1848494033608,416.2181396484375,10277678
2017-11-03,420.32934407515495,420.32934407515495,413.38213681925845,415.6465759277344,4798537
2017-11-06,414.41540376544935,414.41540376544935,408.4794735301914,410.0184020996094,9757496
2017-11-07,410.3921649071863,411.11764596845586,397.0693129398096,398.6741943359375,20447574
2017-11-08,396.82753563467213,398.3664643998481,388.7370867621902,390.36395263671875,17752793
2017-11-09,393.4198402650277,400.08128150544513,392.23265998245427,395.9481201171875,15007224
2017-11-10,396.1459017607677,396.1459017607677,386.58247917429856,388.6270751953125,13923102
2017-11-13,389.13272320699826,392.166640906183,384.07619370835715,384.8456726074219,9088619
2017-11-14,384.73581213699094,393.5297574558687,383.85641173480246,389.8802795410156,12481463
2017-11-15,388.91290561389684,391.59504577032317,386.032877638094,388.5611572265625,15272059
2017-11-16,389.3526474463649,398.3664653398233,389.3526474463649,397.4211120605469,15160866
2017-11-17,404.0605337355176,406.67672121771665,399.4656734078237,400.9606628417969,12219276
2017-11-20,398.45436625934656,406.4348930391286,397.92674364990773,404.89593505859375,9231195
2017-11-21,407.5120942227907,413.16219895689915,406.9404737919459,410.04034423828125,13082246
2017-11-22,412.1949139652783,412.722565918559,406.03914083551564,409.24896240234375,11058315
2017-11-23,409.35889972798043,417.6691908418121,407.4462090190028,416.3940734863281,16031638
2017-11-24,417.71315379733244,421.89028357421563,416.56994211274895,418.1968078613281,13987125
2017-11-27,416.50402259746244,421.01091686934546,415.07498586381274,418.3067626953125,10237135
2017-11-28,417.64716719120855,418.30669540695106,412.4807160770565,414.78912353515625,10153618
2017-11-29,414.1295921545187,417.7131464259867,413.7558594752991,415.954345703125,8038351
2017-11-30,413.9537427541948,413.9537427541948,404.30238117845596,405.2037658691406,20637767
2017-12-01,406.47882145950064,409.4687706723062,399.1138844693508,400.1691589355469,11114967
2017-12-04,401.6641052675439,401.79601090241516,394.56297979648235,396.43170166015625,10103208
2017-12-05,396.18996723625196,404.85200742875287,393.7276694403192,401.75213623046875,18306627
2017-12-06,400.1252283711161,409.05107895887664,399.59757641218073,407.4461975097656,24078081
2017-12-07,408.941150408589,411.55736717905717,405.8412795897916,409.6007080078125,12095301
2017-12-08,410.61204931282754,411.9751038268248,404.1045272667384,404.9619140625,12224184
2017-12-11,405.59945239690927,407.16039461887163,401.6861340560478,402.829345703125,10792248
2017-12-12,402.74141434065905,408.47948628420266,399.2458265248869,402.5875244140625,15782031
2017-12-13,403.15912148393954,406.6986776443967,400.4329834596337,402.1697998046875,9147866
2017-12-14,404.0824586972368,406.67666152318725,399.5755361329187,405.18170166015625,10983157
2017-12-15,409.35887045103846,410.2162865025176,403.5108773626947,404.4122619628906,24408414
2017-12-18,400.98267190458023,410.0843973177775,379.30555858398816,404.9619140625,18581421
2017-12-19,406.10507653748357,407.6000364229414,404.52215021029406,407.13836669921875,8891691
2017-12-20,407.11642020309387,407.77594844103834,403.20310191861756,403.708740234375,10443493
2017-12-21,403.8406924690277,406.25905100831034,400.1252615788241,401.42236328125,9071450
2017-12-22,402.16983914504027,405.57748999513444,399.81743354777205,404.6980895996094,10658428
2017-12-26,406.6547358258531,412.83249332087905,403.708754868408,408.83123779296875,11596338
2017-12-27,410.23828989481933,412.21690403078475,404.0825166785862,406.17108154296875,9520350
2017-12-28,406.83065787470065,410.85389815116287,404.12653298008263,406.3689880371094,15511891
2017-12-29,407.3802301791146,409.9304647272447,403.8626288487955,404.9838562011719,11089700
2018-01-01,405.7094250215554,405.7094250215554,399.0260284941508,400.0153503417969,9453202
2018-01-02,401.4442763185407,404.3243041665562,398.5422641972923,400.6308288574219,9499419
2018-01-03,406.7206575344839,407.1603723602456,401.4662693595577,402.2357482910156,13507800
2018-01-04,403.7087605627071,405.3136713921885,402.63150170165216,404.65411376953125,9008932
2018-01-05,405.3136584175376,407.5561131706841,404.63211654099234,405.9512023925781,7441284
2018-01-08,407.20435740385597,409.3588750180191,406.06114577296336,408.2816162109375,8827020
2018-01-09,408.1056757846251,415.03092711950103,406.28095180590753,413.73382568359375,14294571
2018-01-10,414.63528289881026,416.5699579312646,411.33755337365113,414.3494873046875,11727682
2018-01-11,414.1075682202053,414.48133021513206,411.1176190182887,412.3268127441406,7849171
2018-01-12,414.6352354050813,418.944270505838,412.5466706765614,417.2734069824219,15071161
2018-01-15,417.7131174735659,421.4505320612223,415.6025684930186,417.33935546875,11120925
2018-01-16,416.701844644829,416.701844644829,404.52220381560244,405.8193054199219,10825151
2018-01-17,407.1603815523922,408.47946735645695,398.8060931893132,406.5008239746094,13204016
2018-01-18,408.4794818607916,408.7432931606718,402.3676773045552,404.3902893066406,9381821
2018-01-19,405.8412766742237,410.8538380784073,405.4455597284336,409.49078369140625,9973533
2018-01-22,416.83372365050184,428.39777467576323,413.31615174542833,427.1666259765625,45700733
2018-01-23,428.7056059033461,435.7187657999639,428.7056059033461,432.3330993652344,22526810
2018-01-24,431.6735857569043,431.6735857569043,423.2753569639145,424.9022521972656,14289485
2018-01-25,425.5837167012259,427.3864859503366,420.4172653298735,424.704345703125,13669901
2018-01-29,424.8362397967424,429.7168661094507,421.802321881315,424.0887451171875,9897064
2018-01-30,424.6604006057876,424.6604006057876,417.27344900176803,417.8890380859375,9182956
2018-01-31,417.7131392989015,424.08875512111547,413.997679439338,422.6817321777344,12551686
2018-02-01,423.5391658544019,427.6503134810664,411.82119464193335,415.0090026855469,16524809
2018-02-02,411.1176413978391,415.0529439106164,396.16792392595465,397.6408996582031,28965593
2018-02-05,393.0900590160554,401.2244757796737,387.72574902559705,396.673583984375,19191099
2018-02-06,385.61521115403156,394.8488713165877,382.97700995694254,392.254638671875,24062503
2018-02-07,396.84948446786,398.10261751571784,391.33125523980664,393.26593017578125,15532284
2018-02-08,394.8048537279179,400.41099021711074,392.36451131962224,397.72882080078125,13825894
2018-02-09,390.89159407711986,396.6076527880399,389.5724787694808,394.7829284667969,11580639
2018-02-12,397.0473331188459,403.73072877633416,396.6296025455643,402.5435485839844,11877059
2018-02-14,405.84134137505487,414.41547406427867,404.9619408927109,410.5241394042969,22247829
2018-02-15,412.28290382235866,415.8444446410589,408.10574456363065,411.40350341796875,13363743
2018-02-16,413.14022993041374,414.4593450190421,403.6867283365745,405.0937805175781,9628162
2018-02-19,404.9619268184855,409.7986146275276,401.68618141544306,407.6001281738281,8941900
2018-02-20,408.4795230976794,408.72135014698256,403.9946131409468,405.0058898925781,8458450
2018-02-21,408.91912684538204,410.0183698374732,405.46750795942575,408.6333312988281,11917390
2018-02-22,405.4015852379144,409.3588720438302,404.52218490865516,406.43487548828125,11196908
2018-02-23,406.89653839741874,412.4367515729764,405.73134252001597,410.7878723144531,10610664
2018-02-26,412.8764735271878,415.4707061515473,411.82119892693214,412.74456787109375,8435611
2018-02-27,412.87645340376895,420.26337524552326,412.5906578294948,417.9329833984375,14021366
2018-02-28,415.93239311555607,420.8350336269253,414.7232285332822,419.71380615234375,56650480
2018-03-01,417.60324837104173,422.0661739016729,415.93238465586256,417.0096435546875,8956590
2018-03-05,414.6352728052159,417.7791123185467,405.2257385411593,406.3249816894531,12325694
2018-03-06,408.47945805302135,411.64528152157317,397.97068170526603,400.4989318847656,16019726
2018-03-07,399.79544642431404,399.79544642431404,390.47384926054247,391.2213439941406,15853546
2018-03-08,394.6949204955266,402.1038557909865,392.782259268476,400.76275634765625,13283967
2018-03-09,402.27974450961244,404.2364037076672,400.58689661426115,401.48828125,10638527
2018-03-12,404.52223840299837,410.28229517803504,403.44497946128604,409.0511169433594,8315150
2018-03-13,409.75455873571167,411.55732781003746,405.1157597644699,409.7325744628906,11148731
2018-03-14,408.39154346914756,409.8205506904809,404.1704452784072,408.50146484375,14724464
2018-03-15,406.7206502417463,408.6773092701264,400.1251921370827,400.9166259765625,12711836
2018-03-16,399.68545587288935,399.99326503433707,389.5944107974892,395.75018310546875,30814962
2018-03-19,396.1679322023547,398.76213533161535,392.21064533256566,393.7496032714844,12630833
2018-03-20,392.78230526138793,397.48705794665955,390.0341825811421,391.24334716796875,15192983
2018-03-21,393.46381914570554,396.7615487619695,392.7823065562773,394.3652038574219,14715126
2018-03-22,393.9694722069794,400.9826617944784,393.85955082567887,399.3117980957031,22129723
2018-03-23,391.5950606869405,395.728221801563,390.93553243556585,393.04608154296875,23469999
2018-03-26,393.0681048815811,397.6189676743443,392.43053149038747,396.2119445800781,13227705
2018-03-27,398.8940486887464,400.4549614662703,394.4091101156281,395.6402587890625,15179544
2018-03-28,393.8815161732977,393.90350044850135,386.93427974844013,388.1214599609375,19160609
2018-04-02,392.6503106896868,396.14592760941275,389.79229640942697,392.6283264160156,12494499
2018-04-03,391.7709961145938,396.4757487632019,389.2427162241091,395.5303955078125,13922126
2018-04-04,397.7948142524174,400.91666945676945,392.2326457420129,393.48577880859375,14214534
2018-04-05,397.9707163119858,400.1252340257902,397.2671901406303,399.3337707519531,8527915
2018-04-06,399.245794611347,403.8626094462106,397.92670885160027,400.56488037109375,9664888
2018-04-09,401.2464528798263,404.08251242890424,401.2464528798263,402.7633972167969,7813897
2018-04-10,403.8187036497765,406.23706216185764,401.9500107628789,403.2251281738281,8455132
2018-04-11,405.31366696722233,410.12834070009694,402.7853872342242,409.2929382324219,13140816
2018-04-12,408.85329467387925,411.8432447130796,406.3690124100658,408.34765625,10822592
2018-04-13,410.10636238142484,414.0636494286388,408.34759096716544,412.8105163574219,12616816
2018-04-16,410.8758008716018,413.31614329755917,408.2596136082108,412.0190124511719,8934275
2018-04-17,413.3161827012067,416.482006458331,411.5573819411922,415.18487548828125,9599816
2018-04-18,415.6244832366456,416.9215845208952,411.13954538964566,412.4366760253906,7360987
2018-04-19,412.92040138394316,415.5146337526287,411.1176322253227,414.32745361328125,9802587
2018-04-20,412.4368204716265,414.12963920958606,405.04989768837896,407.995849609375,7326696
2018-04-23,408.9191719638684,415.228835066044,408.2596437067435,411.557373046875,7674482
2018-04-24,411.4694140760855,429.0133637586765,411.11763633948044,426.529052734375,19921115
2018-04-25,428.1119979069819,431.69552279157006,423.67105694467574,426.7269592285156,14079382
2018-04-26,427.82620678159736,434.4216654685655,423.09944084321853,428.8594970703125,34096999
2018-04-27,435.2130928717992,444.5346889774802,433.3223866522248,438.0711364746094,25518647
2018-04-30,431.78348021065676,436.4442638257751,422.11010588427666,423.5611267089844,19406069
2018-05-02,425.1880099606535,430.5523199353733,424.33059386541703,427.6943054199219,13381914
2018-05-03,429.98067703758335,429.98067703758335,421.7803084580587,422.8135986328125,8634812
2018-05-04,423.36324011139175,424.17668762438456,417.7131347727149,419.449951171875,8302649
2018-05-07,421.60451233335067,427.9361601911576,420.5052691365719,426.94683837890625,7683268
2018-05-08,429.8048400138968,431.78348344312815,424.3965323198635,425.2319641113281,10792648
2018-05-09,424.70431301698466,432.79473103737075,423.09940236596395,429.4530334472656,9831044
2018-05-10,430.9040906760938,432.9267026903479,428.37581098252514,431.40972900390625,8781584
2018-05-11,431.4536816629702,435.8726382057994,429.91475310958987,434.9712829589844,8774740
2018-05-14,436.15846621363016,436.15846621363016,429.45305704028226,433.8060607910156,5642499
2018-05-15,432.2451520389496,439.6980266146841,429.43107682589437,430.4423828125,10501479
2018-05-16,428.26591893136754,428.26591893136754,418.7904315413347,420.41729736328125,18840763
2018-05-17,421.824321739678,422.11011731684533,413.97570069314287,415.6685485839844,10353948
2018-05-18,415.7784506940116,419.2520540639039,409.79855201674053,410.61199951171875,11440117
2018-05-21,409.24894505794754,411.425446901046,405.4455482253105,409.51275634765625,14491208
2018-05-22,410.30421795593594,410.67795061488795,406.7206638788049,407.4901428222656,11310073
2018-05-23,407.1604150015514,407.1604150015514,399.7514791723163,401.11456298828125,9991028
2018-05-24,401.88400118958805,404.96188779849956,400.19118263316335,402.69744873046875,11632489
2018-05-25,402.76341320101454,406.01717410710506,402.08190064426464,404.87396240234375,17782410
2018-05-28,406.6767331516649,407.6001020993911,403.686783547481,404.6980895996094,11369679
2018-05-29,405.18178610118196,408.0398007894918,402.0599307396476,403.4010009765625,17878384
2018-05-30,402.25776615814925,405.9292282293453,398.6302432865486,402.807373046875,13105124
2018-05-31,404.9618949270522,405.53351544872055,402.12586464899505,405.1158142089844,37080158
2018-06-01,404.52224245228683,411.44749534776264,403.8407004960732,409.16107177734375,19174278
2018-06-04,410.4141355126854,415.0749189752529,409.16100255163656,413.68988037109375,12250151
2018-06-05,414.5472764065599,419.91158572512836,413.75581323457465,416.6798095703125,17436812
2018-06-06,416.394066312243,420.3513239660994,414.48137563621924,419.6478271484375,9164022
2018-06-07,419.86767578932023,429.14530436580736,419.66981730657943,427.1007080078125,14999572
2018-06-08,424.9022287263294,433.7841111323126,422.37394890621266,432.8168029785156,14289325
2018-06-11,434.0259646939955,439.67607040391886,430.4863788391981,432.0693054199219,15018718
2018-06-12,432.3990337241269,439.6980182380766,431.03597936866976,438.44488525390625,16285583
2018-06-13,439.697998196672,442.29223049529827,435.0811834070571,440.7972412109375,12962502
2018-06-14,438.57685009367884,444.88651376615474,434.1578929655243,443.1936950683594,11997529
2018-06-15,442.336232799825,450.0309344869239,439.36826762935056,445.9417419433594,24705890
2018-06-18,443.56743486340764,448.68991829604107,442.77597151918195,446.535400390625,12363932
2018-06-19,445.8098342514566,446.2055805499414,436.905938780823,437.96124267578125,13881382
2018-06-20,437.93919000940406,449.76708103285466,437.4335517333342,448.16217041015625,15735681
2018-06-21,450.00895474351086,455.52718391629855,449.06360156036607,453.74639892578125,22988909
2018-06-22,452.18548141030624,452.53725918351375,443.4135203320392,445.1943054199219,35370008
2018-06-25,444.7105958922529,446.953050652031,440.70934042415786,441.6546936035156,11369371
2018-06-26,442.3362276303299,442.3362276303299,428.81551713496145,430.4423828125,17649122
2018-06-27,433.1205900420165,436.1747889046505,426.1269134300521,427.521240234375,19595831
2018-06-28,425.8170994633865,428.69424861566904,416.2118776803641,418.2701416015625,18770484
2018-06-29,420.10704532798803,431.79269130556816,420.06278286054453,430.442626953125,17425606
2018-07-02,430.39831370972433,430.39831370972433,423.6038484724722,425.19732666015625,14570004
2018-07-03,427.1450000737451,433.0984794484109,425.0867361670919,429.9336242675781,11084063
2018-07-04,430.1549200801727,439.09620441578414,429.8008203413119,438.25518798828125,10938521
2018-07-05,441.30939123835054,446.35546030550455,424.3121308417971,426.9236755371094,40946479
2018-07-06,427.03433061032035,435.1124673438082,426.9236744411174,432.7001037597656,20039239
2018-07-09,436.9272728855685,442.63727876250505,435.33376500734437,441.3536376953125,11309207
2018-07-10,443.8545299681209,455.252440135157,442.63728258968735,454.0130615234375,22846197
2018-07-11,453.7032475214379,460.74118690119207,450.538392356147,459.8116455078125,18953870
2018-07-12,462.26825996028464,486.45837816909665,461.49363722739486,479.0884704589844,52736376
2018-07-13,478.26963746040093,490.8847959319712,478.04829556358465,486.8125305175781,39301408
2018-07-16,486.8124786980212,490.84048121382574,474.9719147087107,476.3662414550781,14427529
2018-07-17,477.2957779713499,485.10830981860164,473.44482535470144,483.51483154296875,14150770
2018-07-18,486.1927763505536,488.937137840134,476.85313025017547,483.6033630371094,10241565
2018-07-19,483.93532808698376,493.54054891068466,480.8589981297776,489.04779052734375,11885426
2018-07-20,492.83237795489623,503.9425527767501,492.1684113945521,499.5826110839844,17538801
2018-07-23,500.09161892617885,500.09161892617885,492.69960928487313,495.8865661621094,12779803
2018-07-24,496.6391060922468,498.7416030064081,490.17657851086517,491.7479553222656,9775749
2018-07-25,491.32738797163836,497.0816859521699,488.7601057972345,493.6069641113281,13014255
2018-07-26,491.3716382253252,496.41773661036893,490.3535719647022,491.6150817871094,14053674
2018-07-27,495.53242608654807,503.45564380885503,492.2790462225454,500.1137390136719,14610585
2018-07-30,500.1801243755461,512.2641325666103,499.29487502620094,509.652587890625,30344461
2018-07-31,509.47555662545886,526.9154422077543,507.77142201803036,524.9678344726562,30350826
2018-08-01,526.915416799906,532.4484024548143,524.702234357026,527.778564453125,21227054
2018-08-02,527.4023594922769,527.4023594922769,516.0929742378468,517.1552734375,13668930
2018-08-03,520.098827431446,523.8612553695951,517.6864343032773,520.9619750976562,14536058
2018-08-06,520.8512529511331,529.3941449850735,520.2537392278248,527.8892211914062,8785462
2018-08-07,528.9072220817177,531.7844002716075,520.9840050872534,524.1710205078125,8879612
2018-08-08,524.5252096295219,541.1241082944092,524.5252096295219,538.9994506835938,17307566
2018-08-09,540.6814545371221,545.196344330461,536.476402010622,539.110107421875,14976885
2018-08-10,536.0338309730729,537.8043889132804,532.1828777948207,533.0238647460938,7833494
2018-08-13,530.080278607436,531.1426369232181,523.507154442885,525.7203369140625,10211072
2018-08-14,526.7384464777906,538.77819387868,524.2154263852506,535.8568115234375,11592139
2018-08-16,532.6033178447335,538.2469297718325,529.1728291288373,531.518798828125,13086024
2018-08-17,535.1483936832545,537.9813093440746,531.1868148281834,532.8245849609375,8379864
2018-08-20,534.6615725949496,547.4537798214348,534.5508868824152,546.61279296875,16639535
2018-08-21,547.6531070707516,553.9606575474128,543.1160556082916,552.0573120117188,15923396
2018-08-23,551.6587985281662,563.9198554134165,548.1620048381349,561.9058837890625,17429373
2018-08-24,560.0469374788361,566.5536984417328,557.7452297358988,565.46923828125,14550512
2018-08-27,566.3100803565542,573.5914622985424,566.0224038969507,571.666015625,12188510
2018-08-28,573.6578398970628,585.6090584376154,573.215215305651,583.8385009765625,19018790
2018-08-29,582.6434454777053,588.2649559431339,571.0906463804185,572.8611450195312,24230135
2018-08-30,572.5955483345114,574.1669544597751,562.3485219230006,564.1190795898438,21545859
2018-08-31,562.1493197768216,562.1493197768216,547.3652428141869,549.6005859375,33479841
2018-09-03,551.0834966452451,556.7935328284533,542.69549225871,544.0676879882812,26686176
2018-09-04,546.723432492321,555.4212731824157,544.0012612256086,549.7333984375,19333815
2018-09-05,549.9768266412864,554.4696148937215,534.9271738135313,543.115966796875,22584608
2018-09-06,544.5101868864455,560.2459352866191,542.3855296226509,558.3425903320312,24487897
2018-09-07,559.8919192232029,567.1733021176628,555.2885043132686,565.9560546875,23389269
2018-09-10,564.3625784170837,565.2478869312699,553.340927676357,555.8861083984375,15440786
2018-09-11,557.2803120170412,561.4411017760156,546.325027278262,547.8521118164062,23787332
2018-09-12,554.0933629003331,557.1475914382887,543.9348603816215,554.4032592773438,17642490
2018-09-14,557.4574108229871,564.628107824439,552.2564231675549,554.69091796875,17233514
2018-09-17,553.6285756317748,553.6285756317748,540.7256832758947,542.6290283203125,14773803
2018-09-18,542.6732962459503,548.6046437585512,537.5165714076329,538.7559204101562,16660044
2018-09-19,541.7879586197372,541.7879586197372,531.6073559811463,535.9230346679688,24642640
2018-09-21,539.5747645519103,547.7192937598945,523.8611772245165,538.9108276367188,41713856
2018-09-24,537.5608874708122,548.8260108024501,533.1566240877464,545.351318359375,22098277
2018-09-25,546.8783314029075,551.0833835775716,528.951502034145,544.7094116210938,21250513
2018-09-26,548.4275355411055,555.0449209996481,543.1822863322004,553.9161987304688,13992341
2018-09-27,555.5097312167069,559.05084633914,547.7635640471631,554.9564208984375,23642923
2018-09-28,557.6788216421263,562.9019710013282,552.1015724813706,556.815673828125,24220992
2018-10-01,556.7048838080634,556.7048838080634,532.9352324594645,545.1962890625,16039441
2018-10-03,544.2225144827592,548.6931413528295,531.1868352532949,533.422119140625,16135428
2018-10-04,526.5170287523828,526.9153909353719,489.55680694650005,496.7496643066406,50774608
2018-10-05,486.6797218717258,493.67336908457037,459.52390003318254,464.2601318359375,47998260
2018-10-08,464.76915488394985,494.42583411836944,453.946657039451,491.0617980957031,53983473
2018-10-09,496.48411948822644,497.2144797488349,478.57944909427255,482.4967956542969,24042005
2018-10-10,484.2009259167395,493.91683291284284,479.9516108884304,487.83056640625,20784941
2018-10-11,470.9660918957569,493.42991434329895,461.67070791989903,481.5008544921875,28926389
2018-10-12,489.09202677293666,499.7374445000079,487.7419921166012,498.6529846191406,19814528
2018-10-15,500.13584893837236,507.66070459433746,494.9348909550084,504.495849609375,19406012
2018-10-16,507.262341021569,516.7347451698961,504.60647485877587,515.1412963867188,16358598
2018-10-17,521.8694270033175,522.0243161046607,504.606531392762,509.6083679199219,27967162
2018-10-19,486.9010283540417,491.7700475018947,473.73256019501423,487.4764404296875,55606079
2018-10-22,491.32736792200456,493.45202534091646,468.0225300115831,470.3684997558594,28798142
2018-10-23,465.9864311784535,471.27594387522913,461.95842837507354,466.8495788574219,23128845
2018-10-24,475.79083404980474,476.255619514561,456.53612848480526,462.8879699707031,29869514
2018-10-25,458.5722447244144,460.63050852172944,449.896535320371,456.2705078125,30833933
2018-10-26,457.20004454263693,467.86762393617505,452.37531752942397,462.5116882324219,20085933
2018-10-29,462.9986114742478,484.1787928343291,462.9986114742478,481.5008544921875,16781215
2018-10-30,480.4827719550035,480.4827719550035,465.6986652988151,467.86761474609375,19263668
2018-10-31,468.75290522555224,471.78497301426796,463.4412611735673,469.74884033203125,35999348
2018-11-01,472.6923080863634,472.6923080863634,464.7691205102629,467.53558349609375,20552752
2018-11-02,472.2939785994359,478.4909010289118,470.5898145896325,475.7908020019531,36739798
2018-11-05,475.14898973880054,483.66975057554976,471.40869328067197,482.607421875,16585905
2018-11-06,484.2452241065534,492.2127051462479,483.1828952711081,488.71588134765625,18886485
2018-11-07,493.54058276769933,493.54058276769933,489.8667092816277,491.6372375488281,2808599
2018-11-09,489.66751250930923,493.00941737855555,480.2614724335663,484.0017395019531,23712291
2018-11-12,485.88294105630706,486.3698281761939,475.6358848288891,478.0482482910156,12690610
2018-11-13,475.39246962124497,488.2289399381306,473.64404303650656,486.6575927734375,14899604
2018-11-14,489.1363149600316,492.5003509359988,480.4827666892778,485.99359130859375,17034346
2018-11-15,485.5509763329752,488.228914608546,480.92540091962326,485.5067138671875,14943663
2018-11-16,485.99364589349165,500.15804992215857,485.6174148995349,499.0293273925781,24131016
2018-11-19,501.463839987182,509.7854209987818,500.6228530299038,509.032958984375,15987574
2018-11-20,506.81969290772537,511.6444196910351,500.1800869033896,503.45562744140625,12511640
2018-11-21,503.4999146912165,507.0410301884581,490.0216095734906,492.61102294921875,16422494
2018-11-22,493.31926178986436,498.12188722093686,486.94528922504816,488.16253662109375,12670591
2018-11-26,490.88473683856927,494.6471349635808,485.75014321886636,491.2167053222656,13969873
2018-11-27,490.3978456459913,500.1801167362265,489.31338566189805,499.3833923339844,14896607
2018-11-28,501.26458812722854,512.4633470527494,498.5424168099133,510.2059020996094,17507771
2018-11-29,513.9019372502519,522.2677805414729,513.4593125460436,517.2217407226562,27640198
2018-11-30,518.9035827843954,524.9677169778732,514.4772186758756,516.8010864257812,23443212
2018-12-03,520.0545716674077,520.0545716674077,508.36892549379166,511.887939453125,12182825
2018-12-04,512.57395349851,512.57395349851,505.5803065753827,510.0509338378906,11358720
2018-12-05,506.2664299064278,512.9281382181655,504.2966614243573,511.3124694824219,12729759
2018-12-06,508.59021642539426,508.59021642539426,494.9791534586504,497.3694152832031,12831451
2018-12-07,499.936644435788,503.25638815354296,490.59696955454234,501.8620910644531,15779984
2018-12-10,491.3274009700011,493.23074619157273,479.4204720397295,482.5853271484375,20521072
2018-12-11,471.85136663265433,487.83059080270107,466.9823768220481,485.81658935546875,29518062
2018-12-12,486.45837456551925,492.8766391720069,481.4787287925514,491.5487060546875,27572962
2018-12-13,499.2948279165487,499.2948279165487,484.7099325942867,490.0215759277344,20337275
2018-12-14,488.2731754146962,493.4962940984288,483.2713690591499,492.3011779785156,15795834
2018-12-17,493.961072137774,501.5080292498539,491.9913333510003,500.1358337402344,11077711
2018-12-18,497.2145007564432,504.1638857257209,495.97509252010303,503.0130615234375,12841994
2018-12-19,505.2704890755681,507.8377713026574,501.596586058375,503.1900939941406,16118419
2018-12-20,496.1963780651814,501.2867390481279,494.0496188714748,499.49407958984375,12609700
2018-12-21,497.9668881776643,500.7333807389976,485.1304194246723,486.989501953125,18115814
2018-12-24,487.299376171334,488.31744243820066,480.94753500685727,482.098388671875,9065704
2018-12-26,480.61559723152027,486.90104509867547,471.6964438229025,486.1706848144531,15771193
2018-12-27,490.08801663787307,498.852251139613,488.6715881289746,495.84228515625,27294221
2018-12-28,498.1881968871248,502.50393470684946,496.2848519097499,498.2103576660156,16768547
2018-12-31,500.600676170901,501.8843468967366,494.07178455752864,496.3070983886719,15799099
2019-01-01,498.077654745739,498.98506492593896,491.37168372531875,496.1964111328125,9746670
2019-01-02,493.31923501144814,498.85222039888913,487.3436249759111,489.73388671875,15628818
2019-01-03,490.22078553274525,493.3635092523611,482.51890963809075,483.69189453125,16288287
2019-01-04,485.75012497633685,488.87071724900716,478.5351367010187,486.30340576171875,18516544
2019-01-07,489.9994444928243,495.0676442760691,487.34360805334927,489.0035095214844,12060290
2019-01-08,489.1584706528177,491.30525940351646,485.1304679541355,488.95928955078125,12304389
2019-01-09,492.21267318377784,494.425855651597,486.32558772693704,491.65936279296875,12614237
2019-01-10,490.3314508444639,491.7700401073639,488.2289245811867,490.2207946777344,8925160
2019-01-11,490.26505606504674,493.0094176370213,481.85495103045383,486.0378723144531,14139060
2019-01-14,484.6878346813324,487.1223294251018,480.88114438580243,485.4845886230469,8994060
2019-01-15,489.11424457328434,501.0654661570828,489.11424457328434,500.0252685546875,22011407
2019-01-16,502.393296235088,506.8197201745907,500.3350619936165,502.7917175292969,13961606
2019-01-17,506.5762673652518,508.10335206954045,500.1801338609765,502.14990234375,16379077
2019-01-18,508.5016772065438,526.6940822128304,502.50396544977406,524.2374267578125,56181172
2019-01-21,528.5088834121478,548.8480467926589,526.1407529722634,547.8521118164062,48206814
2019-01-22,545.7053520130312,551.9465366426136,539.8403687748806,546.723388671875,36207430
2019-01-23,545.9045229540942,550.7293089254705,540.9027462181267,542.8060913085938,19313542
2019-01-24,542.2307176885093,554.7130882758987,540.0617976543355,552.1679077148438,28775487
2019-01-25,553.4958304499542,559.8033797795792,546.8341222864655,551.5260620117188,18703992
2019-01-28,553.5179429525717,555.9303361110078,541.0798348240664,544.2446899414062,18744303
2019-01-29,544.8865233857091,545.1742589755294,531.7623174984154,535.8788452148438,20405845
2019-01-30,537.804303586863,542.2306681873968,527.225220095184,529.2613525390625,17164298
2019-01-31,532.0500376390211,544.3110954962458,531.6074129717023,543.182373046875,22279301
2019-02-01,546.2144636186489,555.5098184046919,543.1381334083609,553.2744750976562,20187323
2019-02-04,551.9686392293681,574.0784193450475,549.7776177383931,571.4004516601562,25528059
2019-02-05,571.8873820352513,577.3761052108845,565.9560341911196,571.6881713867188,20479210
2019-02-06,573.7685318299614,583.2409946417941,572.883282546338,579.9654541015625,20586783
2019-02-07,579.9654440045323,584.8123314865187,569.2757931615276,571.1791381835938,20150710
2019-02-08,568.7004338733668,575.6498783770401,563.1453458844361,565.5577392578125,14230054
2019-02-11,564.7609421263937,564.8052045928157,553.7392334148291,554.7351684570312,16457901
2019-02-12,553.9604748587062,563.1894638560586,553.9604748587062,556.12939453125,13998153
2019-02-14,549.3128564552972,549.3128564552972,539.1321939259117,541.8765258789062,14496604
2019-02-15,544.3331455070256,553.252297636153,537.3616008246254,550.8399047851562,20994460
2019-02-18,553.2965993868063,554.4032201240432,537.8043227333932,540.061767578125,21106139
2019-02-19,539.132124430359,548.7373736708197,536.1222180726803,538.2911376953125,13658461
2019-02-20,541.7216465839695,548.8702417164039,539.57482832799,546.3693237304688,13776558
2019-02-21,547.0997717263524,556.7492863925102,544.1562286058264,551.9244995117188,23142949
2019-02-22,550.9064312740302,551.2162685698074,542.673375318835,545.484130859375,19152470
2019-02-25,547.0997456286915,550.1982368058309,540.3052494604813,545.4619750976562,17176522
2019-02-26,535.3697501614166,546.568508156536,533.8205639171774,540.1281127929688,22160532
2019-02-27,543.5807423314526,551.039174906928,535.1484763797688,541.5667114257812,24308835
2019-02-28,546.1037761145965,548.8038457853164,542.916760195535,544.9086303710938,24688859
2019-03-01,547.5423224852349,549.910453132345,541.0134608104729,542.6954345703125,17329606
2019-03-05,541.5224694607421,548.7817507558763,539.397811854067,547.830078125,15577500
2019-03-06,548.7816240121912,563.5214364477342,546.7012293549775,559.8475341796875,26332276
2019-03-07,559.4935170418076,566.4871638440499,556.9040741791548,562.260009765625,17738092
2019-03-08,560.4009372146203,564.1191025568273,558.6082777903562,560.86572265625,13211934
2019-03-11,562.1714737819083,580.7400799174743,561.2640637135738,577.2432861328125,21258869
2019-03-12,582.9089819983315,590.4780995651925,581.7359971792328,589.3051147460938,24561597
2019-03-13,591.8060215375222,601.9866242361073,587.8665442066667,596.3651733398438,24577591
2019-03-14,597.4496475061777,602.871946999757,591.4076144308954,593.8200073242188,22753310
2019-03-15,595.3471487793354,601.4555465859182,580.3860210833575,585.0115966796875,34764353
2019-03-18,589.1502531477479,601.079372818546,588.26500375624,597.58251953125,22104063
2019-03-19,601.9867341954044,610.8395237390288,594.5061994229327,609.3124389648438,21448030
2019-03-20,609.865575823248,614.3804651405608,603.7571787776457,608.8253784179688,21639437
2019-03-22,607.5197242067311,611.2378899295851,591.6733460571144,593.9086303710938,25078643
2019-03-25,588.9732071022316,591.7397001118269,582.8205465049533,586.2509765625,17394088
2019-03-26,588.840496818868,607.1214311256831,588.7077093918853,605.1959838867188,20734876
2019-03-27,609.9320763376186,609.9320763376186,595.0152110776627,597.2283935546875,22079870
2019-03-28,597.6709545235412,606.324531952595,594.3733123933253,601.9866333007812,22930248
2019-04-01,606.4131620781352,622.7021649241899,603.1155193758486,616.0847778320312,22088854
2019-04-02,618.8068982011463,621.0643428947214,610.8836809945728,615.1329956054688,17526740
2019-04-03,616.483175656604,621.0202268928282,607.2984465489978,608.7149047851562,17169813
2019-04-04,610.3969596782316,612.4773550859705,596.3431807357412,598.9105224609375,18320845
2019-04-05,602.4072136697757,603.7129859979176,594.4618939853823,599.28662109375,14717266
2019-04-08,600.2162669435443,600.8802040334454,585.9190746063728,588.3756713867188,19081843
2019-04-09,588.2206517980837,593.4437406042086,584.7237990427792,590.6773071289062,20774977
2019-04-10,592.2265507481526,596.6750764335661,587.1583505228762,589.3272705078125,16651949
2019-04-11,590.0133624275286,598.888252928807,588.264965445455,596.1439208984375,12558520
2019-04-12,597.5603952687154,600.614624046917,591.65120748071,594.5062255859375,12948769
2019-04-15,595.347076344954,597.0955322431255,590.920711938801,593.2003173828125,9285737
2019-04-16,595.3471355615848,601.9866828312216,593.1339531383726,594.7938842773438,17360317
2019-04-18,608.6263175144761,615.1551793737904,604.1999524621015,613.4732055664062,39286534
2019-04-22,601.9866741912256,605.0851649965012,593.7093566824035,595.5020751953125,23607922
2019-04-23,596.6751097030148,607.7410225803753,595.7898603109938,603.69091796875,19807450
2019-04-24,606.5458048844134,617.3904030712848,604.7530866096766,615.04443359375,16101112
2019-04-25,614.8674710903454,625.180921221674,603.137562941129,607.4754028320312,30469914
2019-04-26,608.6262313685243,617.8994831602779,606.7228863920471,616.505126953125,15069884
2019-04-30,618.0986346931494,618.0986346931494,604.9965912649715,616.505126953125,22348580
2019-05-02,616.1510924873053,625.8448682453895,611.768990059855,621.9275512695312,18992003
2019-05-03,623.2111958810029,627.4384094458284,620.8652259081734,623.6095581054688,14240262
2019-05-06,618.8069835524767,620.9316411509761,609.9984567813605,613.0084228515625,15832114
2019-05-07,617.3905240382364,617.4790489756616,593.2225069761276,594.6832275390625,19417647
2019-05-08,593.1339293378248,593.1339293378248,571.9758802189367,575.1849975585938,31958919
2019-05-09,570.4709655524047,570.4709655524047,554.0712771743898,556.1516723632812,42670173
2019-05-10,559.9362251932031,565.5577364097078,551.0834944331871,553.8057250976562,24557430
2019-05-13,552.3671264964185,558.0771031610542,543.3372873863411,545.351318359375,17603659
2019-05-14,547.3210543953884,561.8617193156638,545.1078717528416,557.9222412109375,28438234
2019-05-15,563.4772624034616,565.6904447842285,553.5621746080103,556.3507690429688,24419559
2019-05-16,557.700893115146,562.9904057923432,556.8820079074782,560.0911254882812,14451308
2019-05-17,560.8214852839767,565.2256894999022,554.1818786920556,560.99853515625,17276949
2019-05-20,581.448359716685,592.1159095094665,576.9776733603718,586.8927612304688,26979100
2019-05-21,589.6814643939042,605.0852175397996,588.729791746263,593.0454711914062,30343560
2019-05-22,595.6348421452735,601.8538661321671,590.96500441242,593.3109741210938,24689918
2019-05-23,607.2983091066549,616.15103811441,586.4943604811834,590.433837890625,38766006
2019-05-24,596.675036517145,599.2423185345325,582.7319466350825,591.7396240234375,22269265
2019-05-27,591.8503855178528,592.0274353972119,578.526968428138,580.142578125,16076686
2019-05-28,584.1927649339189,590.8323129584585,581.337746873328,585.941162109375,42594251
2019-05-29,584.7238497637976,590.1683104518131,577.265417294087,581.2048950195312,15558515
2019-05-30,582.6214347720608,594.0193465659813,582.6214347720608,588.5970458984375,23494381
2019-05-31,592.2045392551104,593.9750973055054,584.3698449976683,588.7741088867188,25724066
2019-06-03,590.9207004934486,605.195787476983,584.8123035483708,602.0751953125,18556942
2019-06-04,600.8579927431291,608.2943239066423,596.7193632541569,598.2907104492188,15442761
2019-06-06,602.8278576844898,602.8278576844898,584.7682356095207,587.5347290039062,16764835
2019-06-07,586.9149542153037,587.4903663054001,577.9072759524873,582.0238037109375,14722419
2019-06-10,584.6795298650989,587.3795991628351,579.8990657422914,583.9049072265625,11768468
2019-06-11,585.1000798331271,590.6994293154609,583.3959454068723,588.331298828125,11492074
2019-06-12,590.7880242809626,592.4257947525115,586.4944465364875,589.6593017578125,10297599
2019-06-13,588.7076038554885,590.787998934032,579.2573010665908,587.4903564453125,15686169
2019-06-14,585.1222242324548,586.4944198237544,579.5892975904819,583.19677734375,14942768
2019-06-17,584.2812968208682,584.2812968208682,565.9118390345379,567.5938720703125,14908257
2019-06-18,566.0888007170457,570.0947015577816,561.7509609348842,567.0183715820312,16797371
2019-06-19,569.6299231801156,576.3137327970071,558.8738485219341,565.4027099609375,14492763
2019-06-20,566.5758187631393,575.4286093295182,565.6905692542153,573.989990234375,10748848
2019-06-21,573.635876049854,573.6580368347355,564.6060949034933,566.3544921875,23236832
2019-06-24,563.1010185325224,565.0043637095691,556.4393695082755,558.7853393554688,11267228
2019-06-25,557.2360676913559,574.543164242957,555.1777744289116,573.5914916992188,14966899
2019-06-26,571.4448139366182,577.4646873103839,569.386520381215,572.839111328125,11593027
2019-06-27,572.3964332567001,574.0563053208624,562.5919717680536,563.986328125,24905533
2019-06-28,565.2921732273622,567.8373540567136,552.699115594441,554.6688842773438,18942165
2019-07-01,556.8597964178464,563.3222934590809,551.725232394284,561.6403198242188,13478857
2019-07-02,563.8977714763255,567.0183638748772,559.1836712561826,565.9117431640625,10146746
2019-07-03,567.8594159651082,569.4529239698368,564.3847234502912,567.7044677734375,8806492
2019-07-04,567.1954892433374,571.4448046030109,566.5757555607951,568.3463134765625,9351405
2019-07-05,568.8331631776572,571.2234546184956,557.7229883348122,559.205810546875,10926753
2019-07-08,556.8377460255429,561.3083734997786,552.4999059557646,554.2040405273438,14009219
2019-07-09,552.8318519910956,568.1249781490415,551.3047672725918,566.6199951171875,17535754
2019-07-10,566.5978610200226,570.7143885662242,561.5739233692843,566.0667114257812,12018196
2019-07-11,569.6741727579423,570.913580866762,566.265844780248,567.2617797851562,8608376
2019-07-12,567.9036808879804,575.4285371516787,565.7125999850862,566.797119140625,15692436
2019-07-15,568.7889060528559,570.7807762086532,562.3043067510758,564.8494873046875,10659498
2019-07-16,566.5536173225701,573.1710630706701,565.2699466652127,572.3300170898438,10070773
2019-07-17,572.9054171307107,574.100562827648,566.5757071030725,567.3945922851562,9482233
2019-07-18,567.461085221746,569.4086930921562,556.8377964265185,558.5419311523438,11942908
2019-07-19,561.3526341456075,563.4551309237335,550.065350230861,552.85400390625,16336536
2019-07-22,553.7392768538886,568.5676179363936,543.2487760118573,566.797119140625,29092589
2019-07-23,568.7888438003976,572.7283212128182,557.8999823849913,563.720703125,20316348
2019-07-24,563.6986805761317,566.044650794516,554.8680510801075,557.32470703125,15189179
2019-07-25,559.4935652480942,561.7289085810165,543.1159789159576,545.1078491210938,21805071
2019-07-26,545.1078873216514,549.9768774552333,535.5911603200976,537.273193359375,20387504
2019-07-29,538.645363328299,540.9028083982834,533.422214571478,536.0116577148438,17626045
2019-07-30,537.3395773958161,540.0175454119949,520.5193664215706,522.7103881835938,20853117
2019-07-31,520.4307600937482,524.5251264768442,514.5215145756243,516.2257080078125,21229950
2019-08-01,514.9641771223088,525.9416230925917,509.1877776603354,522.4226684570312,22628222
2019-08-02,523.5323811262336,533.5737464690229,517.4763743805444,527.3841552734375,23766807
2019-08-05,519.6583423312425,519.6583423312425,502.29188726944534,509.1271667480469,30399133
2019-08-06,505.29766180019584,511.9103009753535,499.62017334179836,502.4255065917969,29067994
2019-08-07,501.62398206269296,506.9897732425716,491.20406705572293,494.0094299316406,25349369
2019-08-08,493.54184479656,515.6506970351464,487.7307721921939,513.1348266601562,31198568
2019-08-09,517.365149765636,523.4433916370499,513.1125622758229,517.4764404296875,21970009
2019-08-13,549.1146074833171,580.1293294107402,545.9307552314694,567.6388549804688,104827144
2019-08-14,580.663783789375,580.8641307811267,570.1325471404525,573.650390625,31688983
2019-08-16,574.9639544714397,575.2311234055627,566.8595923358139,569.0860595703125,21977767
2019-08-19,570.4441907669835,577.4575832737376,569.9766154131626,575.5873413085938,16317602
2019-08-20,574.3405138780473,575.5873021365318,566.6814339182407,568.1731567382812,14969299
2019-08-21,568.0395377444942,569.3754416760677,563.9651229009006,565.9466552734375,10677848
2019-08-22,565.9467035825179,565.9689379340402,551.6750440617036,555.1705932617188,14031953
2019-08-23,551.719531948119,571.7577344689116,546.1533348561654,568.1286010742188,21307915
2019-08-26,576.2107097858199,576.2107097858199,560.6254400381222,564.0987548828125,19202504
2019-08-27,572.2031077629373,572.2031077629373,561.605109128187,567.6834106445312,28401906
2019-08-28,567.1935628958161,570.4219432426154,559.3118418211694,562.5402221679688,11605488
2019-08-29,559.4899700160746,561.1820993687841,550.0719976379863,552.9441528320312,18890222
2019-08-30,554.6139685195744,558.5770931023615,543.7042736035451,555.9721069335938,24735240
2019-09-03,553.1667296097228,553.5007204611325,534.3530213828047,537.2029418945312,18730619
2019-09-04,534.5979434098722,536.6908258693913,528.141183434771,534.8651123046875,32949395
2019-09-05,537.3811028363892,540.2309641543467,531.3696236710425,533.7296752929688,22995486
2019-09-06,535.6889646599803,547.266641257182,532.2379435925851,544.3721923828125,23186819
2019-09-09,543.5484313072873,549.0478072829346,540.2087601059558,544.2386474609375,11747929
2019-09-11,544.3721751701554,552.1648395776373,544.3721751701554,549.6712036132812,12127900
2019-09-12,549.9383694188567,552.3651834163759,536.8912642441294,538.9618530273438,11880005
2019-09-13,539.6966172932991,547.043940961514,537.4256220176591,545.7526245117188,12947715
2019-09-16,529.4548132897087,542.8581433798865,528.1634374665119,539.1399536132812,20547730
2019-09-17,539.2513635093034,539.2513635093034,531.4586984555199,533.2175903320312,15640772
2019-09-18,536.5573055032447,541.6113996591116,533.1062843578578,536.8912963867188,14933909
2019-09-19,537.8486354259852,538.6724360290432,522.174308515453,525.024169921875,13766222
2019-09-20,528.9872826439796,565.4791456790705,522.9090409219021,558.5548095703125,48165560
2019-09-23,567.3716909391333,570.4219587525063,549.9384128123469,551.8086547851562,21610844
2019-09-24,553.7679670566171,578.3481633555577,553.3894480019216,569.3977661132812,34958974
2019-09-25,571.7577776639475,576.6560528769686,565.0116138141937,569.7762451171875,18192270
2019-09-26,575.3201696805687,578.3481436646135,571.5351576129076,577.4575805664062,18350457
2019-09-27,575.5427367462845,585.5618675686828,571.7577251633637,582.912353515625,19058663
2019-09-30,583.3355036590597,594.8018310804109,581.3539114942233,593.2432861328125,25263770
2019-10-01,595.3584063407384,597.5848734333644,575.8990090440144,581.064453125,17920384
2019-10-03,572.6484099833085,585.4283468989939,570.5555272924099,583.8030395507812,13524851
2019-10-04,587.7438189170942,591.6178868813973,580.5968427407329,582.4893188476562,14992253
2019-10-07,582.4893823323844,588.1446363696328,579.6395209613231,583.3800048828125,10061584
2019-10-09,582.7566465089587,592.2191475563906,575.5428471529523,589.903564453125,17588647
2019-10-10,590.0148840590675,609.6078075068975,588.2336983910574,606.8247680664062,35006390
2019-10-11,607.2477366748323,608.0938310517881,595.1580158763934,602.3049926757812,16597126
2019-10-14,607.8043907217964,607.8043907217964,601.525742419961,604.7095947265625,13394275
2019-10-15,606.7134368395299,610.0531675022813,603.0620090789482,607.4481811523438,9672791
2019-10-16,610.0085788805053,614.3501629165811,607.2477145302422,611.0995483398438,19403660
2019-10-17,612.2795424439064,622.9665957225824,610.9436384902717,621.8533325195312,16038940
2019-10-18,625.1931291335094,635.835655393317,622.8330774763288,630.6925048828125,28121951
2019-10-22,634.54428464092,639.8210196591194,624.9036715114763,629.712890625,27786502
2019-10-23,630.6702340196068,634.967289889059,615.9087056654171,620.0276489257812,18446160
2019-10-24,623.8572665160877,641.8471773227659,617.4227990871318,639.6429443359375,22642488
2019-10-25,641.7135822318234,641.8694010565094,628.4215409194215,637.30517578125,13539957
2019-10-27,641.6689472852668,643.450132721921,636.7706724719341,638.6632080078125,3014841
2019-10-29,643.6728361854762,659.0354654669868,642.1588194992843,653.2689208984375,25768505
2019-10-30,659.0355190435935,661.0616393905873,650.2632341915835,658.634765625,16341366
2019-10-31,660.8167008364321,663.3326309021771,650.8866244956587,652.066650390625,19463741
2019-11-01,647.9030496511755,650.9310231992381,641.6689305109226,648.7490844726562,13904301
2019-11-04,652.7567916180376,655.0277868325503,643.4946981510161,649.0831298828125,14063434
2019-11-05,651.5101133118455,654.1150403827486,641.669092754645,644.4744262695312,12685356
2019-11-06,642.4260127980896,644.0958483615741,636.1028363395386,638.9526977539062,14625505
2019-11-07,638.9971635255183,651.4653419924731,637.7503159537579,649.506103515625,14084039
2019-11-08,645.2313964399264,649.973734129593,641.8026095996164,643.6728515625,12019353
2019-11-11,640.8228766581775,643.1161656257182,633.4532595413081,635.7910766601562,11357841
2019-11-13,636.7706263873538,657.2096401047966,636.7706263873538,655.6065673828125,25225749
2019-11-14,657.254254782022,659.7478907611141,648.2593302163147,651.3541259765625,14258133
2019-11-15,652.6455968983422,662.0635700076792,651.5323334784945,654.9611206054688,15691605
2019-11-18,655.7625002501892,661.7071569205408,648.081186273856,649.7733154296875,14076051
2019-11-19,653.2465495956901,674.5761867834334,652.3559866213146,672.2828979492188,30176255
2019-11-20,692.4547478229387,700.1805897457675,687.1780135439317,689.1595458984375,43538120
2019-11-21,687.9795281342566,692.8777434782081,680.6544394680069,684.684326171875,14897371
2019-11-22,686.6882237413482,698.889294670371,684.6843973559228,688.6475219726562,22352865
2019-11-25,690.7181354342704,696.796376789713,690.651313481399,695.3491821289062,15146156
2019-11-26,698.2659351892099,701.9395972615475,692.8778499230012,694.7703857421875,35330983
2019-11-27,694.6368205516004,701.5611571283956,692.9223973101485,699.0452270507812,9642739
2019-11-28,700.2919340451285,705.4128499201177,696.417925337267,703.698486328125,13747479
2019-11-29,704.4332294556285,704.4332294556285,689.248712082968,690.7182006835938,18559594
2019-12-02,712.4707684592657,718.9052350893612,702.2289961837148,706.4592895507812,31225364
2019-12-03,709.2423692080436,709.7989413715627,700.2696792384197,703.0750122070312,12990426
2019-12-04,700.4478393142873,702.4516656991397,682.9700335019947,691.4083862304688,20987607
2019-12-05,700.8930681166133,703.4535259601828,687.5342661895404,690.5845336914062,19942460
2019-12-06,691.5420874877163,698.2214900819326,686.243057903879,692.3881225585938,13085234
2019-12-09,692.9445646621533,702.4070639435112,688.6474496159702,700.2696533203125,12642677
2019-12-10,700.0248063059641,700.7150224336392,692.0540287591915,695.52734375,10173333
2019-12-11,692.6996888491133,701.115747607188,690.473221738255,695.7277221679688,12364641
2019-12-12,699.2233427990602,700.8264159286773,693.1673349928408,698.3104858398438,10326606
2019-12-13,703.5648862571924,708.0178801238153,700.1806870147386,704.8562622070312,12668303
2019-12-16,708.9084095503324,709.7544444582198,696.5960482571616,697.5979614257812,11892718
2019-12-17,697.664748110966,703.1195956735934,692.6774758966036,695.861328125,20324601
2019-12-18,695.9949630752343,703.5649282550722,695.549681497034,701.7169799804688,14742077
2019-12-19,700.7595267067665,719.1056609955814,699.9134917904707,716.9014282226562,20507816
2019-12-20,719.150161810269,720.2856594061476,710.734103320188,712.0700073242188,21271510
2019-12-23,694.703552662622,702.4739238931126,693.6794050834533,699.7354125976562,25107772
2019-12-24,698.6221435556297,700.0248101711578,686.8663538680914,688.6253051757812,18048449
2019-12-26,686.4879183345943,691.5197189547852,672.461132787399,674.7989501953125,29761019
2019-12-27,679.9642809467703,688.5139241722563,677.4261167611049,686.799560546875,17677571
2019-12-30,688.4026244475469,689.1596030429098,680.4318473193537,687.6233520507812,17123749
2019-12-31,686.6437000385328,687.4007381135765,671.5260051917422,674.19775390625,22203005
2020-01-01,675.9566091562889,680.0087898882745,670.3904712564104,672.2161254882812,14004468
2020-01-02,673.2848606187108,686.1761470483035,673.2848606187108,683.6602172851562,17710316
2020-01-03,682.6360013302883,686.4878350527088,678.1830672888824,684.4840087890625,20984698
2020-01-06,676.8471984455604,680.3649817308929,667.0507082361115,668.6092529296875,24519177
2020-01-07,676.4019343098523,683.304036115152,673.9528263419015,678.8956298828125,16683622
2020-01-08,674.6207365379029,683.2816698165456,672.3942695805264,673.7969360351562,16047902
2020-01-09,685.1297254143482,690.206053788195,681.8568169732863,689.3154907226562,14982742
2020-01-10,691.052021954991,693.7460641432477,685.5971750800793,689.1595458984375,12478359
2020-01-13,688.0018555733295,694.0800969009713,685.0406443123888,687.4006958007812,18282382
2020-01-14,685.7531846503401,690.2061193009722,677.6711159879618,681.0330810546875,15816535
2020-01-15,683.9052024938248,685.708622508407,676.068009361063,678.5616455078125,15817859
2020-01-16,680.8548672498658,687.2448055274269,680.4095262908653,684.8179321289062,12847975
2020-01-17,691.764654072348,705.7691458267952,691.6310696018056,704.01025390625,29463471
2020-01-20,716.4784286658733,716.4784286658733,679.6971043882497,682.3466186523438,32545850
2020-01-21,680.6768135829059,688.3581283514012,677.73783646965,683.036865234375,18922720
2020-01-22,687.5343897202368,688.7589438110633,681.790078890447,682.7919921875,10322817
2020-01-23,684.1945779592724,686.6214514994721,677.1589513580537,679.8975219726562,11247739
2020-01-24,679.9642284408451,684.1277590740176,676.2015106061541,677.5374145507812,14628445
2020-01-27,674.576343167049,678.8288715307318,670.1678770715025,670.8580932617188,13387750
2020-01-28,671.7709499162122,672.3944035926318,651.7327433060924,655.3618774414062,24532236
2020-01-29,656.385876391396,665.4476222245518,651.9329425979813,658.9686279296875,24746565
2020-01-30,658.5901121020851,658.9018091461028,641.2236583343256,642.8934936523438,22402689
2020-01-31,647.0125063572486,647.1238564671794,626.6180767993984,628.599609375,34750310
2020-02-03,610.0086294911721,623.3897268292178,606.9583616221806,616.9552001953125,30712290
2020-02-04,623.4118752792756,637.8839401729988,622.4322559797637,635.1676635742188,25383901
2020-02-05,638.9526598272524,646.9234370233874,636.9043647870463,645.0086669921875,18472100
2020-02-06,647.5023606854987,653.2466113131902,641.2682409254869,649.14990234375,15538577
2020-02-07,646.121961162775,646.7231209827357,636.0137726868787,638.3961181640625,12209212
2020-02-10,635.8800851167206,643.6727488097293,628.0651870747986,639.2643432617188,15142476
2020-02-11,644.5188387872203,652.8903691202153,643.4723974955958,646.9011840820312,13999816
2020-02-12,648.4152429768247,656.742245701073,647.9031394730254,654.7161254882812,13533565
2020-02-13,658.0335539553153,658.0335539553153,651.2873305313852,656.4304809570312,13565659
2020-02-14,657.8109261027595,668.5870368609382,647.0570496970056,662.4197387695312,21227841
2020-02-17,663.0431510030807,670.6799378673376,656.4973336908605,658.2562255859375,13149130
2020-02-18,657.2096942768698,657.2096942768698,648.9717487058438,653.4246826171875,11127161
2020-02-19,658.7460229239962,670.813509728984,656.8535465958774,669.6334838867188,14084409
2020-02-20,666.605445844099,671.5036613641485,660.7275515499585,661.6849365234375,16892268
2020-02-24,654.4711971958799,657.699577615814,641.0233376549481,643.4279174804688,21370214
2020-02-25,646.3000526686237,646.3000526686237,627.8648619763386,630.7147827148438,27745062
2020-02-26,627.8649155292255,628.911356956024,617.779020325235,619.849609375,29362748
2020-02-27,618.0683364567957,620.6510881290094,609.6077499205786,617.2891235351562,25054993
2020-02-28,603.329103417816,604.264254045817,590.014829470249,591.64013671875,39315769
2020-03-02,603.4181975497225,609.6077893226085,579.3723403742132,586.0740356445312,29500495
2020-03-03,592.1077777316948,602.8838887991839,588.6789907987993,597.96337890625,27398798
2020-03-04,602.0378717145262,602.8393785511545,582.400359715697,596.5607299804688,22105261
2020-03-05,602.126845697354,604.6873035839145,581.5542452021383,583.8475341796875,30510390
2020-03-06,565.5235905903087,573.6057169779667,552.6545991174132,565.9688720703125,33734039
2020-03-09,552.187127563448,552.610174773984,487.59722352706973,496.1246032714844,88187018
2020-03-11,493.3860202311153,524.7569973633897,493.3860202311153,513.669189453125,59578576
2020-03-12,483.14426957764243,490.26895266015714,466.98007386558294,473.3477783203125,55970485
2020-03-13,444.40363928088584,507.6354013912499,419.64530200918597,492.1837158203125,73297403
2020-03-16,472.2568121164352,480.78419157795764,447.5207086747309,452.2853698730469,38482258
2020-03-17,466.3343420099244,472.0118595343903,446.7191567142074,448.8565673828125,45445979
2020-03-18,456.5601919681001,461.28032501489446,427.9277857781092,431.2674865722656,44730415
2020-03-19,409.7152202964063,430.59951868687136,397.2915088300032,408.6465148925781,61404010
2020-03-20,418.3539154289049,460.8349919401429,414.1236220114131,453.2872619628906,63360475
2020-03-23,407.9785720617482,423.02953408613564,389.9219001729814,393.6623840332031,40670949
2020-03-24,414.1236854654176,431.935454645914,398.89463871900745,420.09063720703125,45734887
2020-03-25,429.17456609975056,512.7785178891949,428.9296612692312,481.9196472167969,73130298
2020-03-26,487.95345651457,497.34916518213845,464.1524728836179,474.7727355957031,45744488
2020-03-27,487.59718710077345,493.0742985498193,465.86682419167437,474.5055236816406,41657940
2020-03-30,463.3732417891349,478.6022880413513,454.20017367620915,458.8534851074219,30229866
2020-03-31,478.2237906959417,503.09345030601094,466.6684068629954,495.9465026855469,44292810
2020-04-01,499.7314374197435,500.7778787446454,465.42154418897144,481.1181640625,41597459
2020-04-03,505.16401523449554,505.16401523449554,470.3642552950806,479.7822265625,41367807
2020-04-07,490.7587797499459,540.587180545846,489.82365880229355,537.0693969726562,54373624
2020-04-08,525.4472243442474,547.2666748233642,516.5413553079427,530.8575439453125,49880330
2020-04-09,540.5872407700642,548.9587723530421,531.2360897019119,543.2367553710938,33032857
2020-04-13,536.1120125498173,541.0325221376103,525.4471928092958,529.5216674804688,23673784
2020-04-15,533.0394909756521,550.3837133914021,508.97133852649563,512.0216064453125,35321842
2020-04-16,512.02149392752,528.7645528215241,509.8618490702506,520.1258544921875,37455706
2020-04-17,541.477788467049,547.7119081332823,531.0801379395491,545.0401000976562,33269335
2020-04-20,545.9307453957434,559.7348298724658,535.2436911572639,553.8569946289062,36030932
2020-04-21,538.8059068072215,557.5082632503704,518.3224245172161,550.9847412109375,61371628
2020-04-22,587.788317456508,616.6879177572206,578.8824500723541,607.203125,142683366
2020-04-23,608.8732000478592,617.1111476530162,602.6167853369822,610.4539794921875,65464502
2020-04-24,601.2140598103026,665.692673747736,599.9004494609227,630.9819946289062,134986308
2020-04-27,638.5519612553153,656.809040623181,633.6537450993618,636.6594848632812,58482901
2020-04-28,645.6766910891598,648.1035053145215,619.9164097345322,635.947021484375,78453401
2020-04-29,643.4056688448253,647.3019715047586,632.3178017703171,635.41259765625,37494672
2020-04-30,647.4356000405522,665.6926795202014,640.3554447044901,652.8013916015625,71345899
2020-05-04,641.2237145072914,652.3560500195231,631.1822890196224,639.0863037109375,53456868
2020-05-05,647.3242091452047,658.5901284085901,644.4297604788242,650.4189453125,44903763
2020-05-06,651.9107566845831,661.2396721044524,643.6728107196592,650.4635620117188,40489094
2020-05-07,647.9031324834183,674.0196380436263,643.4501981639638,671.0361328125,50026966
2020-05-08,687.9796035544326,703.5203455803562,684.4617604589652,695.4605712890625,84262770
2020-05-11,703.564854514178,719.1501837188379,700.1361272712575,702.1399536132812,67085063
2020-05-12,696.7963482041542,698.3771867058508,652.3560060092849,658.701416015625,100683202
2020-05-13,686.4096865474885,686.4096865474885,653.5950534044931,672.677001953125,66430125
2020-05-14,660.3377943598729,672.7893884091039,642.8291930409412,645.4813232421875,49266771
2020-05-15,649.0999085460102,659.3039301915819,636.1089238922658,656.0224609375,62152260
2020-05-18,660.7874506904164,666.1816004751524,641.9078075435432,647.6390991210938,62796089
2020-05-19,654.9436171986698,657.0563561877386,630.7821895369445,633.3218994140625,42315854
2020-05-20,633.8163858969135,650.3810366625504,626.1746060014038,644.4699096679688,55320985
2020-05-21,645.054274887475,656.9439458804737,640.5591310175457,647.86376953125,39167981
2020-05-22,652.6062491431145,655.3932125372227,641.2334956643825,643.5035400390625,37828973
2020-05-26,650.9654432802158,651.6621989470918,636.6483627789014,640.1321411132812,33216635
2020-05-27,643.256285680101,653.5951416505152,634.7154993719518,649.7967529296875,35667956
2020-05-28,654.0445650157022,665.1700639694456,651.3474905739236,661.7987060546875,40126278
2020-05-29,659.8883134336163,661.6863829805953,652.9882921441282,658.2700805664062,40022527
2020-06-01,665.2825298829506,691.5117545227077,663.4619881609007,683.4204711914062,39943702
2020-06-02,685.9601831154127,692.2533963499591,683.622663148201,690.3204345703125,22153960
2020-06-03,694.5009892228203,701.243705152625,689.2640858781962,692.9951171875,25381289
2020-06-04,694.0514268333575,714.5044150378368,692.7029193183236,710.1441040039062,34202350
2020-06-05,716.9767743613463,727.3156301764457,707.4020907099616,710.9982299804688,33076685
2020-06-08,727.4953066184803,727.4953066184803,703.491186313025,705.5139770507812,31414953
2020-06-09,701.3785617206731,711.5825840206448,689.1068040465735,690.9722900390625,25857161
2020-06-10,693.6468614517847,710.0317358884901,692.2758817982025,706.705322265625,22132647
2020-06-11,703.9408036567188,704.8173365444579,688.207799283614,691.2195434570312,20385805
2020-06-12,674.2727936948124,716.0777164159133,672.9242267053721,714.1897583007812,38548899
2020-06-15,703.4913585731487,731.3388178242635,701.7382332043936,725.7648315429688,53107403
2020-06-16,738.5534772559045,741.0482428927804,712.6163922222294,727.1807250976562,51187003
2020-06-17,722.9328087814987,735.1596222116743,720.1683177338406,726.1243896484375,41782053
2020-06-18,722.3709004133316,748.4427585087822,721.74156125064,744.3521728515625,40471557
2020-06-19,750.6904420068374,804.0928444602634,747.0943620644532,790.8771362304688,105804173
2020-06-22,797.1701824968853,811.015227066077,779.9087764994645,784.9208984375,60198705
2020-06-23,786.6516143231465,792.8324674172671,771.4130562292277,773.5707397460938,37962078
2020-06-24,780.313374152456,796.855553260014,769.4351285440347,776.6947631835938,51586221
2020-06-25,776.3126926255497,786.2020448440715,770.0419514480267,772.2221069335938,39679374
2020-06-26,777.1218971867132,787.5506408989148,771.8175772674693,782.8981323242188,30921913
2020-06-29,776.7847811125145,782.0440974489501,771.165850862043,774.5821533203125,25621946
2020-06-30,780.8078522990025,782.6058621926095,762.1754070277087,766.018798828125,30276420
2020-07-01,773.1660690211988,786.201997392839,767.7943331649622,781.0775146484375,28464103
2020-07-02,786.6933471641555,797.7964291606368,783.1051378323464,794.524169921875,28789533
2020-07-03,803.3027790862244,809.2605842388523,797.9769338084662,806.9586791992188,29434266
2020-07-06,814.6767489280919,838.59798707909,808.8543846026165,835.7996826171875,47016185
2020-07-07,839.5007072874031,841.4640390934211,815.2635191046126,823.0040283203125,35189589
2020-07-08,823.2748204715693,828.1944614496679,807.9065609306946,811.517333984375,26204095
2020-07-09,816.4820787561033,828.2170013060332,806.2139692943585,823.3650512695312,36418942
2020-07-10,825.2832912510764,850.6037089763864,823.3650271392274,847.6473999023438,43759967
2020-07-13,859.066414273634,879.0835514065949,857.5544142629645,873.3515014648438,69608392
2020-07-14,872.9000495434234,876.3753807908606,851.8222470073741,865.2271728515625,67331128
2020-07-15,874.6829238098223,893.1203699369507,811.5173183412455,832.2791137695312,139669773
2020-07-16,833.6331798351821,843.5627758296462,818.0392246836387,832.0083618164062,60961724
2020-07-17,832.7304674212536,866.581298459645,829.5710262803591,862.8351440429688,49726765
2020-07-20,865.5884031998371,871.9974807956106,857.3965026239393,866.5361938476562,36592938
2020-07-21,875.1569121232839,892.3079949125722,874.0285529843062,889.84814453125,42173371
2020-07-22,895.0160590595337,907.2023737684211,884.9510810546108,904.4943237304688,59771457
2020-07-23,904.4716734406272,938.6610205330575,898.784750623047,928.776611328125,58333751
2020-07-24,928.8668185460966,976.2579590026274,928.776564146926,968.65283203125,120597372
2020-07-27,983.389199696608,992.4160717579479,960.4157553838029,973.1887817382812,80304827
2020-07-28,973.1888006028569,990.2496273324197,970.6838232619775,982.8927001953125,55114422
2020-07-29,982.9830381867582,985.1945694094204,934.4860429521891,946.311279296875,72663399
2020-07-30,947.3719425825504,965.7416374844678,935.1856290159112,951.8176879882812,72857444
2020-07-31,954.3678150249528,960.9122737981927,926.5198556854664,932.9740600585938,74958061
2020-08-03,925.8427641229805,928.4154321923008,904.0879333721077,906.7509155273438,46715383
2020-08-04,911.9865832893145,978.0633706821992,902.8017056351508,970.6613159179688,92041055
2020-08-05,978.9660801786949,991.152334357933,956.082888808404,959.7613525390625,74549993
2020-08-06,973.549911434821,978.3792977984335,951.3437476637285,963.214111328125,49322975
2020-08-07,961.2733354792168,973.9109808198931,956.9404677314833,968.7882080078125,32984416
2020-08-10,974.4978861326184,977.1608090987629,951.4793104438744,956.7825927734375,26958997
2020-08-11,963.5300059793976,974.9039101007246,947.9811795142966,963.0786743164062,46828306
2020-08-12,957.3015226996713,968.1338417220617,950.8924453804724,960.2803955078125,30264617
2020-08-13,960.4609378961798,965.3805786775785,952.3367286962583,957.7754516601562,24830322
2020-08-14,958.0011681580643,973.5499968825059,942.9714216597392,954.0519409179688,33224635
2020-08-17,950.0800687191717,950.0800687191717,934.328167937496,943.9192504882812,30979066
2020-08-18,941.0531171539242,963.3044077157676,939.8570673079405,956.1957397460938,30547672
2020-08-19,966.3284692913196,972.1959605908819,957.4595415393626,962.063232421875,34087543
2020-08-20,956.8501235506358,958.6103827292058,942.4070922309022,946.4917602539062,22537845
2020-08-21,955.9475802688171,957.7529668720355,937.4424422009146,939.6314697265625,25280895
2020-08-24,943.9416977644579,949.8542559602391,934.5085615853247,945.905029296875,32717218
2020-08-25,950.5313951315512,952.9235547016002,937.8937489378307,939.7442626953125,19388008
2020-08-26,941.0531605726751,969.4652701628314,923.9020783795879,964.658447265625,59870421
2020-08-27,969.4878648165206,970.3905879404774,949.2902183763626,952.6076049804688,28085062
2020-08-28,956.8501236807623,962.6724872841761,950.64417889511,955.1124877929688,27166900
2020-08-31,981.2227244337602,981.2227244337602,929.9274278526689,939.1123046875,62076132
2020-09-01,947.8233392331533,957.9334441866578,930.8527654130116,942.0687255859375,38616258
2020-09-02,944.2125354209737,964.9743904615849,941.0531538410881,960.5512084960938,26949439
2020-09-03,960.4609045761807,965.3128543894694,949.177314241105,953.2845458984375,18586429
2020-09-04,940.3987281070342,946.4467283078576,935.275954940486,937.5552368164062,28475945
2020-09-07,940.6017681981718,950.4184857636033,922.6607820696723,939.992431640625,21926473
2020-09-08,944.2124909097532,957.3014676946553,939.0220273942846,951.02783203125,27397082
2020-09-09,941.0531948204808,978.4244877673116,939.4508806683891,975.5133056640625,55310877
2020-09-10,985.3301307802309,1058.380270975466,981.832175492863,1044.4111328125,140304404
2020-09-11,1043.5083899488072,1055.175562246342,1032.269926063605,1047.0062255859375,59470807
2020-09-14,1049.3757689779331,1065.1727948098135,1029.967851123539,1039.2430419921875,44063445
2020-09-15,1043.4858431799203,1049.7143521325797,1032.7437783357252,1046.60009765625,27178393
2020-09-16,1047.1190836022542,1069.392939817957,1042.8539659959436,1049.1727294921875,33952295
2020-09-17,1047.1189158166728,1053.302416097168,1034.4135806713612,1037.5279541015625,25828669
2020-09-18,1044.52376716858,1046.8707395543606,1027.5080681415218,1040.664794921875,33074915
2020-09-21,1038.092106363457,1054.340524274349,1014.3288160609994,1018.1653442382812,33627381
2020-09-22,1027.7112740343982,1027.7112740343982,993.6573676500885,997.9902954101562,34792254
2020-09-23,1020.0384225209982,1027.5984225615102,995.3499037941469,1006.859130859375,42988708
2020-09-24,996.5233454684201,1004.6926220511629,982.1480045429355,984.4724731445312,29826318
2020-09-25,987.9929866283342,998.7349916951074,978.1988318727759,993.7250366210938,28374935
2020-09-28,1005.1440030800964,1010.1088306263572,996.1396943292455,1000.2920532226562,19666849
2020-09-29,1004.2413355722142,1021.8436888287242,1000.2920490892888,1013.290771484375,25842539
2020-09-30,1020.0383427428203,1023.1977241154949,1004.2413164953268,1008.46142578125,24465159
2020-10-01,1021.7534063617467,1021.7534063617467,999.276480594019,1004.3541259765625,20783227
2020-10-05,1012.8168908433682,1015.1412998899507,995.6658680054296,998.4641723632812,18922799
2020-10-06,1004.3541775876134,1008.2582772733267,993.7024274130506,997.629150390625,18412175
2020-10-07,1008.7548642742527,1042.154366526615,1001.9847094184659,1018.91015625,53170865
2020-10-08,1019.5870284539118,1023.6491928550894,1002.9324648078214,1010.6729736328125,21077808
2020-10-09,1008.7548278164428,1016.8790372265936,1000.6757456073183,1008.0552368164062,18545499
2020-10-12,1008.7548267067875,1018.1201535189876,1004.8055997006869,1009.6800537109375,14226473
2020-10-13,1006.7689180188713,1031.6606295627953,1004.6250177214829,1029.38134765625,23112012
2020-10-14,1028.5689032035948,1039.8976215416956,1023.8748385588287,1032.450439453125,26742011
2020-10-15,1033.5787209899615,1033.5787209899615,990.7010157207518,995.8914794921875,20036197
2020-10-16,999.7279451318866,1007.6263990747995,980.6134716986062,982.0352172851562,21583600
2020-10-19,988.4668301104947,1005.9112981674255,972.7149304876791,982.2156982421875,31200385
2020-10-20,983.479583144778,989.7984063552932,971.4060864555798,973.0535278320312,18482288
2020-10-21,978.5148226542062,989.3470825746206,946.8078286470422,958.9264526367188,34082321
2020-10-22,960.1901490428081,962.4919944695694,943.7612212611413,950.9601440429688,30802210
2020-10-23,950.5313131498879,963.6202899304686,946.1984454833869,953.7133178710938,23422125
2020-10-26,948.7033536754576,948.7033536754576,911.0386780241073,915.8229370117188,37324416
2020-10-27,918.4407627043238,929.7017897460652,904.9455811340416,918.26025390625,36478896
2020-10-28,921.5549423109278,928.7313602939352,906.0287395604777,907.856689453125,29924017
2020-10-29,901.3347749825296,921.6452970796064,898.6267252669395,914.8299560546875,30655304
2020-10-30,917.8089060679945,932.0714297828963,912.5281877849363,927.2871704101562,34021563
2020-11-02,914.8751840367496,914.8751840367496,839.1170566069392,847.3766479492188,99366895
2020-11-03,853.0409611809424,861.6165021715815,828.2621884933044,835.167724609375,88691623
2020-11-04,829.1196689111366,870.6433759833506,829.1196689111366,863.5120849609375,80180117
2020-11-05,882.35573229981,885.0637819795205,871.9973691521444,882.3782958984375,37205373
2020-11-06,898.175475948344,920.7426584675038,892.8270071314915,915.8455810546875,66674086
2020-11-09,930.7173580690493,933.831612463532,918.9372485037195,925.572021484375,35838510
2020-11-10,937.4423956918613,943.3098869382017,921.2842908558239,940.8500366210938,36934242
2020-11-11,942.858502861752,945.5665526357731,892.8043809348467,901.425048828125,56724780
2020-11-12,894.1133787125383,906.5027656017824,886.8918324917257,893.6619873046875,40046527
2020-11-13,894.564633496026,919.2305871473199,894.4518154997988,901.06396484375,45388670
2020-11-14,909.4139110537326,909.5944198559474,900.5901107359409,903.7269287109375,5226220
2020-11-17,941.0532293885002,941.0532293885002,895.9187427136874,899.642333984375,46542562
2020-11-18,899.6422957138947,905.6226647867821,884.6802404612616,896.9116821289062,30402290
2020-11-19,896.9116378432019,907.4053832429535,888.3360969077845,890.5702514648438,27796343
2020-11-20,891.405329502187,895.3771801930644,855.297775024968,857.328857421875,57471248
2020-11-23,880.5728815874659,889.1484217109697,869.402109859794,880.4375,45327567
2020-11-24,886.4404490954421,890.9538853742781,871.997417187929,886.4630126953125,30936268
2020-11-25,893.6618865906463,899.5068137121415,876.6011198738435,879.1286010742188,32637879
2020-11-26,881.4982981188252,886.891834503416,871.1173701719107,881.295166015625,25838637
2020-11-27,875.8338420233673,882.8748194602481,867.2131737985623,871.0044555664062,47336811
2020-12-01,875.7661090949532,887.4559636242224,871.1172913559293,882.3331909179688,19750687
2020-12-02,883.9581161119759,885.5378667077028,873.3515518250487,883.8001708984375,22188887
2020-12-03,890.0512219953362,894.1584537844419,884.0257260648682,886.4630126953125,27785372
2020-12-04,888.6971374121213,888.6971374121213,875.6081607043218,878.6547241210938,18464552
2020-12-07,875.8789913444388,886.8917588790096,875.8789913444388,883.8226318359375,18242188
2020-12-08,885.1541851802805,909.1205496272892,880.1216664908698,899.8679809570312,43403061
2020-12-09,907.179721423537,917.9442894095523,902.3503351540464,914.8525390625,29175254
2020-12-10,912.437789390786,915.5520433503464,903.1400950145863,905.84814453125,16065507
2020-12-11,908.5563377171925,919.8399885896688,891.0667415415232,905.3067016601562,26944202
2020-12-14,906.2770801525107,909.4590851843236,896.5280523361688,898.76220703125,17312747
2020-12-15,898.0399769590505,898.0399769590505,885.1315087967429,891.1118774414062,18551265
2020-12-16,897.2726359718845,900.4095133302656,887.2076595531021,892.104736328125,18561011
2020-12-17,895.6929942485893,904.9455622584525,892.3756079246118,896.189453125,20252358
2020-12-18,893.7070987327945,904.9004347378007,886.8917576008947,898.8749389648438,18466344
2020-12-21,907.2022710782971,912.6183705411303,837.3567098855556,875.4727172851562,44135540
2020-12-22,879.6703154945026,884.13862467934,852.3413781920493,874.1187744140625,28140001
2020-12-23,871.0946936975114,880.7760293674728,866.8745845082068,877.3458251953125,19501410
2020-12-24,878.7675857883312,902.1472362313513,878.2711268911072,900.0485229492188,20776988
2020-12-28,905.7129083554405,910.8131178458168,900.5675716632815,904.1783447265625,17221499
2020-12-29,906.7509753463718,908.2404117114976,894.8128611333499,898.197998046875,18611939
2020-12-30,900.544896853225,905.9384324891365,891.6534065904553,900.65771484375,22043630
2020-12-31,899.7550430883384,908.0597603382951,893.0300164591347,896.0540161132812,18781189
2021-01-01,897.27275515116,901.3348599535196,894.5647051802756,897.047119140625,10015175
2021-01-04,900.4772865018267,902.1923588792536,888.2458453983129,898.55908203125,24513534
2021-01-05,888.6971124168427,895.2867576296607,882.8296217394585,887.3882446289062,24123091
2021-01-06,887.297983512097,887.3431107117481,859.8788522034279,863.986083984375,46401468
2021-01-07,866.8070252352164,877.8649808483686,859.8789250447446,862.5869750976562,32325918
2021-01-08,865.678604878862,874.8860460383853,863.0156822176616,872.7647094726562,27540187
2021-01-11,875.0664443038766,875.0664443038766,854.1692104565021,856.3131103515625,33307825
2021-01-12,858.9084582491231,884.6350813991116,857.5092762592445,883.3036499023438,41161546
2021-01-13,886.2373626282811,891.3826993524976,865.8817711258671,875.0665893554688,26619458
2021-01-14,877.8649064942006,887.7493749036234,875.1794202704835,884.9058837890625,21553242
2021-01-15,884.9058318391973,890.86357691647,866.6038285437963,874.4572143554688,20593268
2021-01-18,879.7154269171596,901.3348178565226,868.093322463363,895.4447631835938,35100458
2021-01-19,900.2741645341835,916.6805284572496,900.2741645341835,910.0909423828125,32006615
2021-01-20,912.3476352561834,928.8668167227358,903.3207030552749,927.3773803710938,30924537
2021-01-21,939.6991642832317,956.8502475441711,936.5397824840384,947.5525512695312,39087742
2021-01-22,952.7880800202875,954.7514714069698,918.5536065523528,925.0755615234375,30532660
2021-01-25,918.4633177239738,918.4633177239738,871.9974047459384,876.0595092773438,54207104
2021-01-27,868.8380990078514,868.8380990078514,852.1383477435087,855.2977294921875,42370131
2021-01-28,848.5952770841457,868.0708291399083,844.0141496085763,846.970458984375,34067814
2021-01-29,854.9817319108826,863.4670185270817,825.9602859922227,831.3538818359375,43712383
2021-02-01,839.2298143671649,859.8111004411335,834.084477925657,855.43310546875,34180952
2021-02-02,863.9861301874793,875.6082351731134,837.2214015345261,869.1991577148438,41470034
2021-02-03,870.3274543100903,881.024271808645,857.5543678212887,871.3881225585938,30301696
2021-02-04,868.3866534338506,875.6081993096957,859.8111124753323,868.5220947265625,25626981
2021-02-05,871.1172947571725,877.7069402051127,866.5812949964159,868.2738037109375,20248046
2021-02-08,872.4713450669083,888.6972004305863,870.6660182415897,880.776123046875,21183400
2021-02-09,885.5152551213864,897.9948961529354,881.1597638793062,882.8973999023438,19604141
2021-02-10,881.814282391384,895.8059243068913,869.8761670362735,891.08935546875,21234156
2021-02-11,893.662011592591,931.6652653053177,890.1641160851152,927.8287963867188,42539278
2021-02-12,927.738416899162,937.8936480254456,909.6394857850835,921.4647216796875,30497029
2021-02-15,924.375996830397,930.3563061780627,913.9725053748315,917.4027099609375,15791099
2021-02-16,920.6298293819443,938.5256299749142,918.4859291608079,929.5438842773438,21421660
2021-02-17,929.7695004811927,945.9953555067547,925.5268870227972,940.2633056640625,23742994
2021-02-18,941.0531936529034,951.6146304224952,929.3633380518262,933.2449340820312,18646877
2021-02-19,928.4155145358285,950.0574695218014,926.745509641073,938.9318237304688,23403483
2021-02-22,938.7963735267837,943.2646823971752,900.4095436576987,906.3446655273438,23804335
2021-02-23,924.3534067368045,926.5649977273687,908.8271426020757,913.2728881835938,25644108
2021-02-24,916.22912574907,932.139029538801,914.4914301945876,930.2208251953125,10807663
2021-02-25,936.9909986645049,971.2931609562635,935.6369439506498,967.8403930664062,34855693
2021-02-26,955.4962007136306,963.123891576847,934.5989040579532,941.4142456054688,37481215
2021-03-01,952.4269850885058,953.2394537638484,930.897848571293,948.590576171875,17680764
2021-03-02,957.752856616694,961.3635697154016,942.9036206682259,950.5313110351562,17150760
2021-03-03,957.3240740262065,1001.9394719927689,951.0729423807295,993.905517578125,31924461
2021-03-04,983.9309387659747,988.4218118963864,973.8659605262909,982.057861328125,21435754
2021-03-05,973.0985692708165,998.3512962856287,971.7670781260525,983.3440551757812,25511666
2021-03-08,978.7403773670584,1007.3556183257853,978.5147413680846,988.9407958984375,19506841
2021-03-09,992.9577540495018,999.1863226399736,968.8560080852714,988.918212890625,15154484
2021-03-10,996.1171267701603,999.7730267712369,979.5301951697431,984.8109130859375,11519358
2021-03-12,990.7010162557301,995.8463528292266,958.6104430105866,964.7938842773438,16864952
2021-03-15,965.8997240046931,969.8940783739292,939.0221172112458,951.84033203125,16698099
2021-03-16,954.1421160708194,959.5582754400099,945.7922708635552,948.0941162109375,13873801
2021-03-17,946.9431947370554,949.1773492874154,918.5310260738679,927.6707763671875,19210236
2021-03-18,935.5918936777657,940.9629260845496,903.1402423037733,906.796142578125,20647480
2021-03-19,898.6267197251416,945.9501672736187,894.925692603433,939.6990356445312,41787429
2021-03-22,934.7343179799378,936.088313055874,917.6734905482226,930.8527221679688,18572478
2021-03-23,930.6496079854647,952.2013071535108,927.9641218620927,942.1814575195312,17421165
2021-03-24,938.6835805295864,938.6835805295864,920.9232211318065,924.0374755859375,16822814
2021-03-25,927.0614969311192,927.0614969311192,895.9187129062007,898.8298950195312,22001648
2021-03-26,908.1049312659724,908.8722130154059,890.8184686126791,900.2741088867188,20180202
2021-03-30,906.2996230548414,924.7596332154852,898.8750045089173,915.9132690429688,20441701
2021-03-31,910.8130382876154,925.2108826971944,902.2374380883726,904.0879516601562,16250796
2021-04-01,910.813084242052,916.2291839450849,904.1105608753422,912.5507202148438,11723312
2021-04-05,913.9499774544976,913.9725410564147,885.5829932474485,899.3489990234375,14875099
2021-04-06,904.4942743627021,904.9230424620014,888.6971873373794,895.602783203125,14009194
2021-04-07,902.6888544411458,923.8569132620463,899.6648545655975,903.9751586914062,24266353
2021-04-08,907.6536814191865,912.6184496390974,899.5294718287386,905.1035766601562,15369188
2021-04-09,901.9892122750459,905.5547980293608,893.6618715981054,894.587158203125,14037885
2021-04-12,884.1838040998745,885.2670360594527,857.6673339221142,862.5869750976562,20901482
2021-04-13,868.3867078045856,875.8790770428972,865.610966973059,871.9072265625,19411189
2021-04-15,869.4247410901053,885.0863863250735,863.421868505896,877.5489501953125,19723716
2021-04-16,874.0736848152176,880.0765578540482,869.4924977392149,872.0426025390625,15656948
2021-04-19,859.3597599294095,864.9564280013587,853.0409372873982,858.3216552734375,18478808
2021-04-20,862.2934748740392,866.1298835841033,853.2440391612164,858.0734252929688,17203668
2021-04-22,854.05647971313,864.0763296197583,847.0380660893645,860.4429931640625,14490954
2021-04-23,860.262540485022,866.0848449417196,855.4557174605446,859.517822265625,11828857
2021-04-26,866.5813583165724,885.5378273951245,862.7448895453444,874.6378173828125,20846778
2021-04-27,875.6081964100579,901.4250736005504,874.8183510247649,897.5661010742188,19992524
2021-04-28,901.7184130880825,906.2995399608012,893.729645559396,901.4701538085938,17122437
2021-04-29,913.0245579839406,922.7736442808828,905.9836407520165,913.5436401367188,17412606
2021-04-30,906.5253048610995,918.9372550182458,897.0696639164535,900.2064819335938,19828769
2021-05-03,887.3431780134558,893.2106694861402,877.007436823715,884.2063598632812,23640186
2021-05-04,880.1216239409943,888.1555786981006,862.5192105636345,865.0466918945312,21849830
2021-05-05,868.0932764991574,874.9311213941457,861.1876811156937,866.6264038085938,12393609
2021-05-06,867.4162861727356,873.351467984722,860.5332540943049,871.5460815429688,14624666
2021-05-07,874.5926935213764,882.6717759114722,869.2894115930914,871.8846435546875,12288548
2021-05-10,875.1568754240988,878.677334300937,867.010102487007,869.379638671875,13941237
2021-05-11,864.3245797004668,874.9537063750458,862.0678019203975,872.5164794921875,13478264
2021-05-12,871.1399384169831,872.4036791691951,860.7138832120156,863.4896240234375,13177961
2021-05-14,870.2146658138034,876.5109254598657,860.2625654598935,874.3896484375,13291616
2021-05-17,874.3895393110239,886.1921519936135,871.2752254332202,884.7930297851562,11873078
2021-05-18,894.1133042302491,903.8623311241566,890.2768357355067,897.2501220703125,12064918
2021-05-19,893.661980396703,910.1135316770341,890.0512670062741,901.357421875,16317002
2021-05-20,901.7411000663334,907.6085916449601,894.1134087677735,896.0993041992188,11422532
2021-05-21,899.0780871843959,907.0217278069957,896.3700373777015,903.8397827148438,10785605
2021-05-24,906.2995151967815,907.1119838096187,894.5645936578591,896.2119750976562,8551760
2021-05-25,901.0640676586617,901.33489057257,884.6351390826914,886.056884765625,14780102
2021-05-26,891.4052361303035,893.436318314461,887.0272410491106,889.1710815429688,7480204
2021-05-27,889.2839988316376,899.5294855338184,885.6506620923865,891.9017944335938,26819294
2021-05-28,898.1754320907405,950.0800090423911,898.1754320907405,945.476318359375,56469931
2021-05-31,948.7259715836556,989.2115769657272,941.0757172389948,975.0393676757812,59124142
2021-06-01,977.6120318921522,993.860450495012,968.8107952002592,978.9209594726562,28013832
2021-06-02,973.5499025688986,997.2455024822107,973.5499025688986,993.5219116210938,24630162
2021-06-03,1002.4358843892015,1015.5249208069228,991.1974809457165,997.3131713867188,23974257
2021-06-04,999.6376853522006,1000.382403586374,985.8491162192327,988.6700439453125,14468646
2021-06-07,993.8603642166437,1011.9141080373831,986.1874872775942,1005.324462890625,16336573
2021-06-08,1004.9635226595291,1005.2117222594065,992.1227450436447,999.54736328125,9674735
2021-06-09,1001.5332651004173,1002.4359284900111,973.9786921208427,981.6741333007812,11409161
2021-06-10,989.9788572705107,1006.4980988117626,982.8250618353879,985.284912109375,14155653
2021-06-11,988.6745798453265,1009.1011952964063,987.4063735342977,1002.3753051757812,13762778
2021-06-14,1003.2131430271446,1022.8018129970553,994.1773836624807,1016.75537109375,20332436
2021-06-15,1024.0474438114227,1030.3429509893165,1014.6719900296001,1019.0653076171875,15174215
2021-06-16,1016.7554197633551,1017.7291568032897,999.0689384128791,1001.6732177734375,10797349
2021-06-17,996.419402245226,1012.2715613635339,987.315775310826,1003.507568359375,15745975
2021-06-18,1007.9687553467284,1012.2715036865906,989.3311797612216,1008.0366821289062,29369026
2021-06-21,998.0046053152495,1017.9329096042337,996.4873342427861,1013.29052734375,12186448
2021-06-22,1020.877007795391,1024.047523693767,1005.1834033496904,1008.0820922851562,12871913
2021-06-23,1019.0653035968686,1019.3370107371757,997.1893446925246,998.842529296875,16653951
2021-06-24,999.5219522378009,1003.0320420254984,969.24439537304,975.3587646484375,91461975
2021-06-25,975.3587188779936,975.3587188779936,942.5674531142881,953.14306640625,55355022
2021-06-28,961.0918068108575,963.129909816626,942.5221576464701,944.7867431640625,20277042
2021-06-29,946.3719464304492,955.2038659394034,943.9262228096128,945.6019897460938,27144063
2021-06-30,949.4291224770184,961.3861531398231,947.0739679222726,955.951171875,19762858
2021-07-01,959.2802038142157,961.6127163035006,948.863085632743,950.19921875,12534407
2021-07-02,949.7688254664646,966.0286046961062,947.9345027993265,964.2848510742188,14086620
2021-07-05,967.6364952540457,975.3814069298204,965.3945518663345,973.8641357421875,11702287
2021-07-06,971.486252797126,973.2752309763289,960.2765368506975,962.3599243164062,10070124
2021-07-07,963.6961219133111,963.6961219133111,950.2218196134942,955.679443359375,10454892
2021-07-08,958.8045791709611,958.8045791709611,942.5221577829742,947.7760009765625,11185460
2021-07-09,945.692616426164,947.3684433649398,935.7737479702222,938.0836181640625,9037675
2021-07-12,941.9559723923293,951.8069732106677,939.5781755914345,943.9262084960938,8585292
2021-07-13,951.1276138236502,952.5090313833667,945.7152147930674,950.9917602539062,6717133
2021-07-14,951.2860904215172,954.2300635744198,942.6353689523012,944.7867431640625,8532544
2021-07-15,948.8631192701956,948.8631192701956,941.3899742142286,943.1337280273438,9448356
2021-07-16,945.5794632937067,957.8082625960851,945.5115365015023,956.743896484375,8828185
2021-07-19,951.1275859545519,961.9976083202988,947.6174964042133,950.6520385742188,8354449
2021-07-20,950.9010950356152,954.7509382666392,943.8809159970199,948.3194580078125,6741464
2021-07-22,959.7330340406753,961.9523350417173,950.289713605715,960.5029907226562,7972397
2021-07-23,966.7306870173245,966.7306870173245,952.0561048845019,953.7092895507812,9937030
2021-07-26,954.7510454031105,960.6389323639107,938.0383595793566,940.6426391601562,12389668
2021-07-27,940.6199818363403,943.7450933231961,924.8584510240973,930.746337890625,10824523
2021-07-28,932.1050710097164,932.1050710097164,913.1957274047861,922.7523193359375,12897848
2021-07-29,930.2933681370648,939.5329082786225,925.4924300252735,929.9536743164062,13765738
2021-07-30,932.1051183084293,936.6116474595756,919.9216040760916,921.8239135742188,11350608
2021-08-02,930.4293230086479,941.7975357253354,924.4734496016514,938.6724243164062,10925104
2021-08-03,946.5984882609035,947.051393415347,934.9132237953986,945.5794067382812,11817299
2021-08-04,948.5912889902256,957.468493410625,945.239695070289,952.8261108398438,13169800
2021-08-05,957.6043762856963,975.9475444073931,953.0525626247831,966.64013671875,21252078
2021-08-06,964.6925186543999,972.3921457790564,941.5031281309346,946.168212890625,16620987
2021-08-09,942.522196064497,946.5078930939915,935.9548618556917,940.7784423828125,7494143
2021-08-10,942.9750770172923,957.0155553586313,939.238504866793,945.7152099609375,11919198
2021-08-11,949.7461759426325,960.1859355324891,943.6091647712293,958.9630737304688,9184963
2021-08-12,962.4052906590396,962.9941092821113,953.3922326146494,955.88330078125,8137612
2021-08-13,958.9630848706249,973.7282353115995,955.181228214771,971.8032836914062,12780901
2021-08-16,973.4791039346753,997.7781437654177,963.8772277608733,984.4170532226562,21935444
2021-08-17,982.3111087496648,989.7162669243918,972.7998007947025,980.2276611328125,12658169
2021-08-18,984.6436264377176,990.4409443539315,974.9511803260805,984.0321655273438,10075860
2021-08-20,970.6031001945055,983.7377088016336,967.8856094241049,972.98095703125,9426282
2021-08-23,984.6436123486905,984.6436123486905,965.756910089194,979.3671264648438,9854395
2021-08-24,980.5899844960273,992.7961409161452,976.3098780018888,989.0369262695312,11864472
2021-08-25,989.8068486851395,1005.4778098902966,987.4063495975512,997.5969848632812,13380559
2021-08-26,1000.0427010414176,1016.7553848783828,998.6839258042111,1010.210693359375,18589616
2021-08-27,1013.1773175448565,1015.7816567389563,1003.6887127626729,1008.8292846679688,10480636
2021-08-30,1019.0653841621985,1030.7733511879242,1013.086868200183,1028.2369384765625,14027062
2021-08-31,1031.2488192815088,1034.351288521445,1015.5552151770501,1022.7566528320312,26485463
2021-09-01,1029.482446811587,1038.495504793424,1024.9532755584123,1026.8101806640625,11145486
2021-09-02,1021.3299483032399,1045.2440116453542,1021.3299483032399,1039.1749267578125,9956770
2021-09-03,1046.2403322593964,1084.7384068201698,1042.8435137983438,1081.79443359375,30664428
2021-09-06,1092.8909697996994,1123.2365131929273,1092.4380047519112,1098.5977783203125,33641710
2021-09-07,1100.5904921516135,1113.272195169168,1092.4379602260194,1105.52734375,17349882
2021-09-08,1110.554838373318,1111.4606486919852,1090.0149514607642,1101.2020263671875,14301651
2021-09-09,1099.6394421897962,1104.145971203985,1094.2950296674799,1098.5977783203125,8963249
2021-09-13,1101.9492019199529,1101.9492019199529,1072.5322338327235,1074.117431640625,16311160
2021-09-14,1075.6801166083583,1084.2854942866497,1071.6037904973264,1072.7135009765625,8908356
2021-09-15,1072.7360805602518,1085.0780298856923,1072.7360805602518,1077.1746826171875,9071075
2021-09-16,1078.6466838742622,1103.6476943262978,1072.0567074838173,1099.7752685546875,13448882
2021-09-17,1107.8371172912175,1112.2983612101125,1075.9516645338,1082.7227783203125,34882133
2021-09-20,1074.3666078022443,1095.3140549772365,1073.415512979037,1084.444091796875,11779819
2021-09-21,1089.2675674362638,1094.521410709491,1079.756260196694,1089.1317138671875,9915736
2021-09-22,1090.6264428510565,1106.0255780999046,1086.210482648724,1100.817138671875,10995912
2021-09-23,1108.4711801776828,1130.9358947742098,1107.6106545484265,1127.72021484375,15748397
2021-09-24,1133.9027316972313,1134.7632574948414,1119.6131874834832,1124.4593505859375,15192163
2021-09-27,1126.4067209127213,1145.8368935906276,1121.1075938005931,1143.368408203125,15373834
2021-09-28,1147.6940628547109,1161.6892580938154,1138.0921855961788,1154.0576171875,18035258
2021-09-29,1163.9989904714507,1163.9989904714507,1141.3757775989957,1144.9085693359375,9719875
2021-09-30,1143.617767070168,1147.965800183617,1132.4533348800387,1141.013427734375,13590654
2021-10-01,1133.1779894261922,1150.320936930379,1130.0302358504632,1143.0289306640625,8958928
2021-10-04,1156.2993722307872,1166.1955973057436,1149.075293250508,1157.72607421875,10918552
2021-10-05,1157.2506571555696,1183.021746414647,1153.7405072590436,1181.7535400390625,13533634
2021-10-06,1186.6221652780882,1186.6221652780882,1155.438860897584,1159.40185546875,10258881
2021-10-07,1175.3219190109808,1177.0204479976474,1162.9573276219362,1165.0860595703125,6336665
2021-10-08,1170.9058970806193,1215.8128063604343,1169.2074879845059,1209.85693359375,15772493
2021-10-11,1223.5124154081877,1231.9366542030143,1198.1263679197398,1201.4326171875,14768666
2021-10-12,1197.9680041586355,1215.1788796176056,1196.2694750157295,1208.29443359375,6682011
2021-10-13,1213.3671067441883,1231.7103344750674,1208.9737889938256,1220.5911865234375,9959762
2021-10-14,1223.0369280495506,1230.7818997818822,1217.0810544912147,1223.0595703125,8623469
2021-10-18,1208.6565974394791,1243.2594798164876,1205.8031936198447,1226.3204345703125,13594479
2021-10-19,1233.6577079515857,1246.1356302424738,1226.5016753447112,1237.3037109375,8833409
2021-10-20,1242.2406818392346,1242.2406818392346,1219.0286485058555,1223.0595703125,12710570
2021-10-21,1235.2883536749923,1235.5600608138357,1179.0358711096487,1187.7772216796875,20831669
2021-10-22,1186.6448064236538,1206.9809106504802,1182.7950231580921,1189.9964599609375,11027475
2021-10-25,1213.819979870448,1213.819979870448,1163.9989792562783,1178.4017333984375,17198417
2021-10-26,1185.3315195274101,1208.7926167498356,1179.013250231775,1205.2371826171875,9750178
2021-10-27,1201.1382490708493,1212.3706072222662,1186.6221641632774,1189.9964599609375,9896298
2021-10-28,1186.6449607541927,1194.7748510901267,1173.283988789091,1176.9525146484375,9886181
2021-10-29,1175.843002928945,1175.843002928945,1133.0649360229452,1148.7132568359375,14233025
2021-11-01,1148.7130092033958,1157.6581394917466,1129.6224692481335,1149.4150390625,15481114
2021-11-02,1152.6760985535552,1154.0348738636576,1130.143454028727,1132.6571044921875,10569130
2021-11-03,1135.034999269857,1141.353269066621,1114.6310849978502,1124.8670654296875,11989430
2021-11-04,1129.1016597099565,1134.514118637374,1127.7656464746356,1131.77392578125,1705656
2021-11-08,1141.0813257713814,1141.3531527093287,1112.5475239087214,1133.177978515625,20337183
2021-11-09,1134.5594552172417,1145.38413396809,1126.4295651226153,1142.1231689453125,15682497
2021-11-10,1139.8585280650227,1158.56403111527,1133.9479393972968,1154.8953857421875,10253470
2021-11-11,1150.4342522284085,1164.2255472479787,1148.3960890914113,1157.0015869140625,10722478
2021-11-12,1160.783343266853,1177.0204805624614,1158.1110771767962,1174.46142578125,8712341
2021-11-15,1177.5864592461573,1178.5829582987624,1163.9989466772256,1167.53173828125,4803269
2021-11-16,1164.9275032865714,1166.2636363626991,1130.0302662731583,1140.402099609375,11337581
2021-11-17,1131.819326460902,1131.819326460902,1114.631092727357,1115.9898681640625,10202029
2021-11-18,1114.1781038166205,1127.3127730233773,1109.6715745881545,1120.201904296875,8505625
2021-11-22,1103.353466536403,1109.1961291306902,1064.8101030658254,1070.5848388671875,24124307
2021-11-23,1056.6800550508478,1087.5691305828452,1045.7874503355001,1080.5941162109375,25326999
2021-11-24,1077.9446209027212,1091.4868494573443,1061.4357769402945,1064.9912109375,16820296
2021-11-25,1074.7742721480843,1133.2006528139436,1067.5954770563671,1129.1016845703125,42401936
2021-11-26,1117.7107252384765,1122.1493269988055,1087.6822964764374,1092.709716796875,15763138
2021-11-29,1104.7121238946838,1132.2948314861248,1086.5953193762673,1105.799072265625,24325354
2021-11-30,1117.8015201912658,1121.3795969947287,1081.9530649636156,1089.4488525390625,32172299
2021-12-01,1101.9492572911422,1120.5189065172979,1098.3711810133602,1117.3485107421875,10104610
2021-12-02,1118.5714698041102,1130.5737867535804,1114.9028239659328,1124.52734375,12720411
2021-12-03,1131.5699598889346,1131.6152444047298,1087.002808328186,1090.7393798828125,19222481
2021-12-06,1094.2497321105475,1098.3259382907745,1067.595476803198,1070.0638427734375,10332254
2021-12-07,1076.2008936152106,1088.814549469748,1068.8862454989733,1078.782470703125,11235122
2021-12-08,1097.9182338918165,1101.4056210006474,1089.8562718344901,1095.20068359375,8744178
2021-12-09,1102.85522364802,1120.926625884508,1098.326051956675,1112.5703125,13213547
2021-12-10,1105.2328712872275,1116.8955527047663,1100.7489847314073,1113.7025146484375,8364414
2021-12-13,1120.2924973928066,1120.5642045309762,1088.8146024741634,1091.3736572265625,12901733
2021-12-14,1077.9447685198427,1089.7206627192115,1074.9555104415622,1078.0126953125,12991523
2021-12-15,1079.7563157042177,1089.2676234327396,1069.38448219365,1074.8648681640625,9366969
2021-12-16,1089.5845283011158,1094.0231302341062,1072.8039773873268,1088.769287109375,9761279
2021-12-17,1086.1198166210095,1090.6263454753455,1050.7694958949853,1060.03173828125,21049821
2021-12-20,1049.7956192892589,1049.7956192892589,1017.751672013911,1031.4525146484375,14325846
2021-12-21,1046.8519251541745,1062.545530320319,1038.1786200134966,1046.806640625,12836561
2021-12-22,1052.988828746117,1074.276029474332,1051.6754577350616,1071.6490478515625,17658543
2021-12-23,1075.2271551661324,1077.944705915956,1068.0031950967277,1071.26416015625,9072401
2021-12-24,1073.4155095265614,1083.3796623765666,1058.718285237532,1074.6837158203125,7886494
2021-12-27,1069.588333994207,1077.0388360812635,1063.4966072069749,1073.5286865234375,4017223
2021-12-28,1075.9517717574063,1089.1996512774408,1074.7968966086662,1086.2783203125,6374613
2021-12-29,1082.926817028114,1095.6085205634522,1078.8957755234705,1088.1353759765625,15425312
2021-12-30,1087.0030029803643,1089.2449463146104,1062.3642685656102,1068.4786376953125,29333171
2021-12-31,1074.7741732718725,1079.710904759357,1068.8862272626782,1072.5775146484375,9477290
2022-01-03,1071.1509110384136,1090.603728995159,1070.4941656370397,1088.7467041015625,5421611
2022-01-04,1094.2044407783767,1114.6309956772857,1088.81462402871,1113.3175048828125,10847728
2022-01-05,1115.0840198447643,1121.877776996668,1101.9267085410534,1118.526123046875,11643813
2022-01-06,1110.1923187691705,1111.4605249543165,1091.0791361515087,1094.47607421875,14447422
2022-01-07,1101.020877531252,1113.2949007403674,1092.2342419850618,1103.30810546875,13112115
2022-01-10,1110.5547786779957,1112.8193642531028,1094.2723568788356,1104.2138671875,9246731
2022-01-11,1103.3080358803265,1120.9491128479206,1102.8550708538112,1112.16259765625,16205164
2022-01-12,1119.2959115588758,1143.595009691511,1116.4425076278837,1141.8511962890625,14800442
2022-01-13,1141.9194026287705,1150.8645340891296,1136.0993826537385,1148.2828369140625,11856712
2022-01-14,1148.146875628832,1162.776052313962,1144.0026230998735,1149.95849609375,19930176
2022-01-17,1149.5057137125311,1161.7344520199854,1149.0527486713804,1155.959716796875,8036453
2022-01-18,1157.0919805047831,1160.5340832716051,1139.4281422634044,1142.1683349609375,6215029
2022-01-19,1145.882379974198,1151.3173615953267,1136.3710722869748,1142.077880859375,9755485
2022-01-20,1132.3173998078944,1136.801286170844,1111.9133687702085,1122.0814208984375,16494486
2022-01-21,1110.5547274570392,1133.3137934671236,1110.5547274570392,1122.2625732421875,13338594
2022-01-24,1120.9718770080574,1134.4463001586594,1066.6671028591084,1076.99365234375,21868937
2022-01-25,1064.1532222498897,1081.8623458947789,1043.9757327083191,1074.887451171875,24510205
2022-01-27,1058.0163123551283,1067.119939925388,1046.7160258148951,1058.9674072265625,20020431
2022-01-28,1071.1508364816766,1076.087568078922,1054.5740661673967,1057.9482421875,14667727
2022-01-31,1068.9768076649402,1089.9016105598887,1067.1650674426833,1080.933837890625,12143683
2022-02-01,1090.6263567842825,1096.333045361315,1063.0436492942567,1077.3558349609375,13200509
2022-02-02,1090.1732649193555,1090.1732649193555,1075.7252273627023,1079.5523681640625,10017691
2022-02-03,1083.3795890325775,1087.6596951339798,1063.0888887078768,1065.6025390625,9572839
2022-02-04,1060.280768575064,1063.655064440526,1051.2677111603737,1055.887451171875,11061241
2022-02-07,1060.7336971993545,1067.4368843783152,1043.9756693517945,1049.4560546875,10714467
2022-02-08,1055.5931024543218,1068.8862659765236,1046.240291320876,1067.09716796875,12060849
2022-02-09,1073.9363098694528,1081.2056742872649,1067.9805561051007,1079.5299072265625,11486225
2022-02-10,1085.0554293647551,1085.0554293647551,1071.1962083846827,1078.4202880859375,12464491
2022-02-11,1074.887506839841,1079.982854527415,1061.6849113374171,1076.314208984375,15943370
2022-02-14,1059.9412213800138,1066.599124811997,1047.5991516117767,1059.1712646484375,10719633
2022-02-15,1064.9004831978962,1097.8277206759533,1057.8803043046898,1095.1328125,11212671
2022-02-16,1100.5904953127101,1101.9492706042658,1085.16871921443,1092.8682861328125,10392840
2022-02-17,1096.106699582626,1111.8682307103675,1091.5322435754686,1106.7049560546875,12853252
2022-02-18,1107.112541400613,1112.5475227496659,1096.1292475949579,1098.05419921875,6775458
2022-02-21,1092.4380298945582,1103.9875007758346,1080.0281530233087,1086.957763671875,11107193
2022-02-22,1065.6706454025614,1085.1462276183765,1063.0664255657716,1082.02099609375,13494914
2022-02-23,1087.5013796836981,1089.9697459260428,1072.5098045121515,1075.2498779296875,7310110
2022-02-24,1043.975778151862,1059.7827129241718,1016.0760782454672,1021.6695556640625,24846650
2022-02-25,1032.698081014629,1045.3118571320392,1030.9543872983322,1034.44189453125,14570089
2022-02-28,1015.894992677199,1072.2152872381166,1015.894992677199,1068.6824951171875,21297446
2022-03-02,1057.3142599474093,1087.4560239699686,1054.9364629191114,1086.3463134765625,21471786
2022-03-03,1087.002981514595,1093.7288113845136,1073.4381104672327,1077.1746826171875,10186748
2022-03-04,1065.7158442994964,1070.833834303542,1050.928170459011,1053.2833251953125,10805667
2022-03-07,1032.0640445664155,1047.1915918601796,1006.3836454479082,1014.3323974609375,17983310
2022-03-08,1001.6279629474421,1017.253699474235,987.3610616449254,1012.4979858398438,21289374
2022-03-09,1012.724579802494,1072.0567736389658,1011.8865764630572,1066.214111328125,20414228
2022-03-10,1087.0030697416826,1089.2676554769666,1068.8863838594104,1083.492919921875,17980493
2022-03-11,1076.1556390217638,1091.9852168591085,1076.1556390217638,1086.6180419921875,12257423
2022-03-14,1081.0696038594047,1098.0540530902786,1075.2269427815568,1095.540283203125,8340678
2022-03-15,1099.6620420875429,1099.6620420875429,1060.2128731362302,1070.4488525390625,15925769
2022-03-16,1078.850581492875,1090.581191192119,1076.6312801930274,1088.5203857421875,11149828
2022-03-17,1101.8361008572806,1131.1172183134404,1093.8420644373464,1124.0064697265625,21422098
2022-03-21,1106.9315283978274,1125.0482148088292,1104.6669425964524,1117.52978515625,11999466
2022-03-22,1114.2233926126817,1148.1243719419283,1111.2795389519592,1146.4033203125,22557065
2022-03-23,1142.7119015169374,1161.6664689349448,1142.7119015169374,1150.049072265625,15462187
2022-03-24,1136.823891628139,1170.407753742212,1136.823891628139,1167.9166259765625,13168266
2022-03-25,1169.6604672992412,1184.8331776508987,1167.169339474114,1175.7069091796875,14222488
2022-03-28,1182.1157391354113,1191.0608703717303,1171.472198621402,1187.5281982421875,9891424
2022-03-29,1194.7974641560254,1194.7974641560254,1180.9382429362058,1187.7999267578125,8684065
2022-03-30,1195.6581430818142,1217.4434746814534,1185.331593767139,1210.6270751953125,15811550
2022-03-31,1207.0036419353132,1209.1550162306944,1190.5400818204482,1193.325439453125,13223718
2022-04-01,1193.891542920345,1207.094137293246,1187.5507515318518,1202.8819580078125,7922880
2022-04-04,1202.7008059618925,1211.5553673825946,1196.4505836886062,1206.4373779296875,7929162
2022-04-05,1200.7307025551163,1209.2456310104756,1186.9620503043643,1189.3851318359375,13149870
2022-04-06,1171.7441602323938,1193.2123818265243,1171.7441602323938,1186.21484375,12257215
2022-04-07,1175.3672812713683,1180.3041331292436,1162.6402930619627,1165.2899169921875,15496499
2022-04-08,1159.4697737682463,1188.909504082465,1159.4697737682463,1184.6746826171875,15152495
2022-04-11,1177.5865608022991,1195.0466201854251,1169.8869936426172,1182.2064208984375,9254209
2022-04-12,1171.6986884850992,1178.7642727503164,1157.3865016457235,1159.945556640625,13217742
2022-04-13,1166.0373022107094,1174.2351195875087,1152.9026326764838,1155.6881103515625,10354235
2022-04-18,1147.2410619855225,1159.3792305452218,1142.1683569783831,1152.1551513671875,9974224
2022-04-19,1158.564096562945,1208.385101413979,1155.4163428280708,1196.065673828125,26141820
2022-04-20,1203.448371361662,1238.2778057381813,1199.8250099401396,1231.23486328125,25072240
2022-04-21,1245.9319403276972,1263.1880996959114,1237.3717275306717,1260.06298828125,21708633
2022-04-22,1249.5552942902013,1269.0760391912017,1242.8973909745034,1249.510009765625,15054154
2022-04-25,1242.0822318802027,1249.3288344946673,1206.41491600151,1220.6138916015625,17063215
2022-04-26,1227.4075203143414,1265.9055943331985,1226.3658564890222,1257.1416015625,12227666
2022-04-27,1248.1739283672139,1280.851985416539,1247.811532355269,1258.3646240234375,19338945
2022-04-28,1272.6767577965609,1291.269050141953,1261.874601680994,1277.16064453125,25614076
2022-04-29,1293.6016912062303,1293.6016912062303,1257.8890896131295,1263.75439453125,18214862
2022-05-02,1250.9592399328203,1270.6611211332292,1249.1701419744186,1259.3155517578125,9467006
2022-05-04,1261.3764403153348,1263.6410258882418,1212.1442565160846,1220.0023193359375,19247660
2022-05-05,1233.5218443509423,1236.4658174286478,1192.079918457506,1196.11083984375,17210669
2022-05-06,1183.1123115474356,1204.3088248386653,1174.6653095599413,1186.939453125,19649948
2022-05-09,1166.2410086662385,1176.2732081933118,1135.4652620079833,1140.583251953125,18083752
2022-05-10,1130.0301899582084,1144.3423749690376,1113.2721615832613,1120.813232421875,19511677
2022-05-11,1119.9073998813726,1125.4783543216395,1096.9444341111473,1109.331787109375,16643899
2022-05-12,1099.458311385817,1102.787203178042,1073.4155164726255,1086.7313232421875,20490321
2022-05-13,1098.7788299822744,1122.3304948076038,1093.9551898739935,1099.050537109375,19308778
2022-05-16,1102.6059947530612,1123.6892942266647,1094.54403200538,1099.3223876953125,13437911
2022-05-17,1102.9002734069516,1150.3661168047677,1101.4962137094635,1145.4971923828125,16551828
2022-05-18,1150.2530031709177,1163.9990123371506,1136.0313867118257,1149.6641845703125,17276788
2022-05-19,1125.0481241931686,1137.956250241304,1116.918234266966,1123.16845703125,14699118
2022-05-20,1137.9563467189944,1197.6962234407256,1133.200752456055,1188.6605224609375,21793091
2022-05-23,1191.8534622113486,1201.8403770570499,1174.4161648907582,1180.7117919921875,15252755
2022-05-24,1180.7569797022973,1194.7973375363194,1176.5448004718992,1184.7652587890625,13527818
2022-05-25,1193.4387237828619,1203.2670225299603,1178.2658929997126,1183.0216064453125,12714544
2022-05-26,1188.6375341211105,1193.3932467997477,1154.0346538361475,1171.7437744140625,17882023
2022-05-27,1174.4388502012214,1179.9191164627784,1150.4568600156867,1166.3089599609375,16521973
2022-05-30,1184.3802630005096,1211.1024440039564,1174.959644745959,1206.9356689453125,13853398
2022-05-31,1196.3373846577454,1213.2765527152142,1184.697464521731,1192.3743896484375,70620653
2022-06-01,1193.121675611818,1202.587698682473,1184.9238588339676,1192.7593994140625,9776989
2022-06-02,1192.9858825014019,1237.575687367432,1192.9858825014019,1233.8843994140625,22126569
2022-06-03,1242.8068535360608,1276.0283243723425,1241.9009234208313,1258.8853759765625,23939791
2022-06-06,1259.1119042533815,1274.5110388345443,1246.3395117355965,1253.4730224609375,11093152
2022-06-07,1254.5372764842177,1264.139152836091,1246.4527910651425,1255.828125,12358255
2022-06-08,1255.8281557796806,1259.564728048269,1230.260968517713,1233.7711181640625,12479250
2022-06-09,1227.4075206691546,1269.5288357275542,1227.4075206691546,1267.60400390625,17278305
2022-06-10,1255.4432409626409,1263.5957731905057,1223.5577842447772,1229.33251953125,18093057
2022-06-13,1200.2325310142617,1210.558959942895,1184.9691305419672,1206.0750732421875,17620803
2022-06-14,1200.2551062805883,1210.1286894158018,1183.6782159302647,1190.3134765625,14714312
2022-06-15,1185.5354082981676,1194.4805402025763,1170.5211912252462,1175.910888671875,11195535
2022-06-16,1188.0036507794862,1204.331357067944,1156.752298028243,1159.4698486328125,17111475
2022-06-17,1159.4697388409886,1188.8414216894157,1157.7034029954712,1173.0572509765625,24457187
2022-06-20,1179.8512897369692,1185.3316762636523,1141.8514592915058,1151.7930908203125,12066797
2022-06-21,1159.4698864092793,1174.5973137201734,1145.112415821389,1170.38525390625,11720049
2022-06-22,1158.6092618232658,1158.6998308652678,1132.747607320494,1134.8310546875,10617206
2022-06-23,1139.1110565611707,1143.6175847906034,1107.384101087392,1116.4197998046875,19446323
2022-06-24,1123.2365200121847,1137.2768791745684,1117.8014186070498,1132.3175048828125,14240234
2022-06-27,1152.6534598644344,1152.6534598644344,1123.9383995696694,1128.9658203125,15474529
2022-06-28,1124.187598454475,1147.67133814574,1124.187598454475,1144.840576171875,13572847
2022-06-29,1135.5557396776305,1176.2278290145132,1132.7476201425022,1168.5960693359375,19205146
2022-06-30,1168.5282289340553,1184.7880089664673,1162.1874370508547,1175.616455078125,23112959
2022-07-01,1166.2183382001654,1173.9631898181497,1071.150907551117,1090.943359375,81997149
2022-07-04,1077.4689986763794,1106.0254419629423,1071.648979247077,1093.2078857421875,41857728
2022-07-05,1097.42011751126,1116.3973279805082,1094.7478514073186,1102.0625,17647327
2022-07-06,1096.1064446391106,1106.0026688439268,1081.5678387167336,1092.369873046875,23943726
2022-07-07,1098.733462298577,1102.0623535548807,1075.6799289511744,1081.6131591796875,23301033
2022-07-08,1095.155510044553,1095.155510044553,1079.0995110804106,1083.10791015625,19010108
2022-07-11,1076.3594210782474,1100.046939975301,1073.4154479368833,1097.8277587890625,13847467
2022-07-12,1088.8146344584836,1104.983845261713,1088.8146344584836,1096.26513671875,10778989
2022-07-13,1099.3677256155834,1102.4022679488555,1074.7742754785731,1076.8349609375,14224132
2022-07-14,1081.5679036455379,1102.379494520794,1076.563125697215,1085.7120361328125,16970315
2022-07-15,1093.7968755659167,1093.7968755659167,1079.348834704648,1087.818359375,9603210
2022-07-18,1096.5142680086967,1098.3258884954794,1083.5154537448523,1097.0804443359375,15160908
2022-07-19,1087.1389350761635,1108.2902834767385,1087.1389350761635,1103.806396484375,16439888
2022-07-20,1150.4115948025603,1151.5438277746334,1126.0672081991272,1133.653564453125,23924246
2022-07-21,1129.577106403111,1132.294656611249,1117.484223617453,1126.089599609375,16523230
2022-07-22,1132.2947927493988,1139.6773678755283,1130.030207237111,1133.6988525390625,10969995
2022-07-25,1117.5523977830067,1117.5523977830067,1088.3618480432954,1096.2425537109375,23110452
2022-07-26,1096.5597066124965,1106.8862563190191,1092.1437462800975,1096.7408447265625,11303288
2022-07-27,1096.038608509345,1099.2316463703332,1087.90871936657,1095.698974609375,8655086
2022-07-28,1103.3081533989875,1117.7788361232904,1096.5143960795697,1112.86474609375,12496073
2022-07-29,1120.8359411287292,1140.0396942059215,1115.989778235377,1136.5748291015625,15130683
2022-08-01,1140.9681259695833,1172.038340631328,1135.7369249153332,1166.1956787109375,15700044
2022-08-02,1165.1313691654111,1181.1193216829413,1160.1718752661886,1170.63427734375,13917913
2022-08-03,1177.5865998850716,1182.1157712823,1162.8442104812696,1180.462646484375,14250977
2022-08-04,1182.1157790494954,1185.6259288355277,1148.1469933470867,1164.859619140625,14467127
2022-08-05,1166.7164604960217,1167.9845468317753,1144.5008098568317,1147.69384765625,13942438
2022-08-08,1146.3351396535795,1170.1359894573532,1146.3351396535795,1162.7081298828125,10165178
2022-08-10,1167.1241099957583,1173.0120563323646,1158.1336946618562,1169.6605224609375,10724688
2022-08-11,1178.9905230785732,1182.070349687536,1168.6186906335156,1173.5555419921875,8198226
2022-08-12,1173.193230375856,1196.3146936661199,1169.5247047340195,1192.5328369140625,12650587
2022-08-16,1198.511296976361,1203.5387175050762,1189.9512045412775,1200.8211669921875,6607378
2022-08-17,1207.0261894301318,1212.4158859762824,1202.7460834374597,1207.0941162109375,6595965
2022-08-18,1208.6925853891362,1212.7820913718717,1199.6955520359063,1209.2833251953125,7410035
2022-08-19,1204.148456169832,1209.4648732471105,1183.677852607992,1187.7220458984375,9460724
2022-08-22,1189.1535324408326,1195.651309470641,1175.0672431781986,1184.427734375,9471680
2022-08-23,1178.7024907985585,1205.6027266806439,1177.4982950302235,1202.694580078125,9678484
2022-08-24,1199.6499778722127,1213.236390851307,1197.4915843453323,1199.4908447265625,10369622
2022-08-25,1203.6715670494066,1210.0103318429638,1191.6982378249359,1195.9923095703125,7871946
2022-08-26,1196.4237108559755,1204.1485194816453,1184.6095168359632,1189.6077880859375,10742038
2022-08-29,1174.6126958822672,1206.4204546360302,1171.4546722003442,1180.36083984375,19838975
2022-08-30,1187.790261371782,1201.990130578996,1170.795826558723,1198.6729736328125,23139054
2022-09-01,1173.5451799548116,1183.6781414064537,1159.0271619171006,1163.434814453125,19909939
2022-09-02,1163.4346809089884,1170.2278880627014,1147.6671567250864,1149.8482666015625,12999345
2022-09-05,1150.0754462865928,1173.0224725362493,1150.0754462865928,1167.7060546875,11327815
2022-09-06,1169.1600343727337,1184.1550886922698,1168.705591439244,1179.997314453125,10899618
2022-09-07,1170.0689487334319,1179.1114147484413,1167.796974159679,1173.1361083984375,7488501
2022-09-08,1176.0896159479148,1180.519984126391,1168.2513462113554,1174.7945556640625,7057077
2022-09-09,1185.9727033347192,1185.9727033347192,1165.0704903678632,1167.4788818359375,8314850
2022-09-12,1168.04668408102,1186.8814864106484,1168.04668408102,1180.5426025390625,7435419
2022-09-13,1189.607769133953,1194.9241864060612,1181.8830808225475,1190.4029541015625,8888657
2022-09-14,1170.0688394223355,1185.9726599528265,1169.046493026583,1176.135009765625,8678219
2022-09-15,1173.7040529111878,1183.041828116281,1161.776157155841,1164.4798583984375,10365600
2022-09-16,1155.8689337357673,1160.0721402601105,1131.8995628990685,1135.6256103515625,20217708
2022-09-19,1135.6256276709717,1146.3038949822844,1127.5146444730447,1137.1024169921875,7580254
2022-09-20,1146.1903481529216,1153.119972213298,1133.5808482063046,1137.2841796875,8411448
2022-09-21,1134.5125199123227,1150.9843653188254,1133.7173348356014,1140.419677734375,9207309
2022-09-22,1129.6276634257686,1137.3523524884633,1123.3116153435435,1129.673095703125,10308170
2022-09-23,1129.1733426023927,1134.1488981287762,1106.9533532004177,1108.498291015625,9528051
2022-09-26,1087.845960638479,1098.6379294477279,1079.257938059937,1080.257568359375,12479523
2022-09-27,1087.8232365030442,1102.3639690673094,1072.4192906698377,1088.845703125,16154822
2022-09-28,1072.5328732525227,1080.5529923156532,1057.4242371952328,1059.855224609375,16997059
2022-09-29,1072.373723430393,1075.7816245647894,1051.017070236145,1056.606201171875,14671827
2022-09-30,1050.108360317172,1091.458340177691,1050.108360317172,1080.4393310546875,18613024
2022-10-03,1086.687337582096,1098.2516553264609,1073.7370949613044,1076.690673828125,11852723
2022-10-04,1089.5499554327275,1098.7287171700252,1086.0737854797874,1096.547607421875,8948850
2022-10-06,1103.7271026820092,1113.269322563035,1098.7968595905177,1100.5916748046875,13352162
2022-10-07,1097.2065545320427,1110.4976589700225,1097.2065545320427,1105.2493896484375,7714340
2022-10-10,1092.8217242927421,1098.5471532665001,1085.0970345592755,1093.185302734375,6329527
2022-10-11,1096.9110251312234,1096.9110251312234,1068.32955827905,1071.41943359375,9215177
2022-10-12,1068.7385368720138,1082.2340849282734,1064.6943435675623,1079.30322265625,7417103
2022-10-13,1077.5540097610362,1087.8232672093102,1072.4193209412924,1082.734130859375,7328492
2022-10-14,1097.3655839798673,1097.9790399185752,1076.5088032110611,1077.23583984375,9106089
2022-10-17,1070.1019383497958,1096.9111900194368,1064.9218171343564,1094.525634765625,16729355
2022-10-18,1100.5464186357249,1119.1766588278992,1099.705801236905,1113.8375244140625,12415820
2022-10-19,1115.314085328947,1148.6440655761994,1109.4977929604431,1133.21728515625,19247142
2022-10-20,1129.173323936751,1144.6227018334394,1129.173323936751,1136.2618408203125,8717053
2022-10-21,1139.4879233106462,1143.6229813098248,1120.994103570685,1123.084228515625,8243452
2022-10-24,1117.8133802746593,1137.1252236758137,1115.6778227953112,1126.8331298828125,3370033
2022-10-25,1135.5348605120162,1135.5348605120162,1107.8167232856267,1109.4298095703125,12233241
2022-10-27,1116.90446154382,1121.6529753517277,1105.4537260220727,1113.7918701171875,12513059
2022-10-28,1120.0852998000876,1151.893061521459,1117.5634478847232,1147.8717041015625,17609592
2022-10-31,1154.6194450652783,1163.6846262416873,1150.62068370947,1158.5272216796875,12419943
2022-11-01,1181.428644108962,1181.428644108962,1139.6243422706675,1149.5528564453125,13963166
2022-11-02,1150.666129478395,1158.7998289194838,1142.8051438822936,1156.7322998046875,8981896
2022-11-03,1149.5529038103175,1163.048452941367,1147.3717940343818,1161.049072265625,6693449
2022-11-04,1160.4810755593053,1181.428720196316,1159.2088516372303,1178.1343994140625,12575815
2022-11-07,1177.3392175630618,1186.1090891689403,1169.6145286927685,1184.427734375,11789748
2022-11-09,1186.1089296021858,1191.4026304086694,1176.9073324188514,1183.2462158203125,11254205
2022-11-10,1176.8848340514855,1179.8611290593667,1164.616195791804,1168.9329833984375,5966242
2022-11-11,1181.4286729917058,1197.7869359415272,1175.9759587388326,1195.8785400390625,12310132
2022-11-14,1195.4016235871597,1200.5135968204079,1183.769035949459,1190.085205078125,9043112
2022-11-15,1191.5617725862496,1193.4247362453084,1176.8847439241665,1184.745849609375,7086433
2022-11-16,1185.9727580356148,1188.6764594316192,1172.954366703904,1177.9527587890625,9716161
2022-11-17,1174.5901593039591,1187.3359568517499,1172.3409009131724,1180.9971923828125,6661451
2022-11-18,1184.4957775689334,1185.518244075579,1168.2966485184213,1180.36083984375,5303197
2022-11-21,1175.9760614312995,1175.9760614312995,1155.5737233322704,1159.1180419921875,6390268
2022-11-22,1156.4369938334312,1167.1152613187112,1152.5746494360667,1165.547607421875,6611488
2022-11-23,1170.0688915510787,1171.3866679891707,1159.7313656787815,1161.9124755859375,6413408
2022-11-24,1165.9794167577484,1178.7024981272687,1157.8911489931052,1171.9320068359375,9389439
2022-11-25,1176.430472976704,1192.7431844497548,1173.295044904841,1189.4261474609375,7349922
2022-11-28,1185.472920181286,1236.4333911015242,1136.8980043426527,1230.299072265625,31527484
2022-11-29,1228.6632233258865,1241.2500078770877,1224.1419904117938,1232.4119873046875,11058913
2022-11-30,1232.54834119291,1247.5206802015884,1226.0504438987869,1241.1136474609375,26164986
2022-12-01,1245.862104269674,1251.8601266305577,1234.1387734132652,1237.455810546875,9485801
2022-12-02,1240.5001400003844,1248.6792715763747,1227.1408877532265,1236.93310546875,11589592
2022-12-05,1232.3210781772725,1234.4794719283639,1216.871700030192,1218.8936767578125,14828536
2022-12-06,1211.0099786652759,1225.5051588426245,1209.146894711336,1222.415283203125,8594245
2022-12-07,1220.0523915216042,1224.5963402295367,1200.5815364526634,1204.375732421875,8462111
2022-12-08,1208.6925503476532,1210.9645247591304,1199.6500849785011,1203.8077392578125,7757008
2022-12-09,1202.330873974504,1208.6924740397408,1182.2692798901842,1185.563720703125,12655763
2022-12-12,1174.8401159938364,1191.8798642806923,1174.6128344148897,1187.38134765625,9479842
2022-12-13,1187.381293975718,1196.4237590933476,1184.473147579326,1192.7886962890625,8333348
2022-12-14,1198.5367354613884,1199.127475241392,1186.4271108317469,1188.471923828125,7268947
2022-12-15,1182.5648851623062,1188.2447615787812,1168.2514331327313,1171.5911865234375,8688551
2022-12-16,1168.2513090093973,1189.9714223850988,1162.412300039899,1165.7974853515625,15837349
2022-12-19,1172.7952889779006,1183.2463953663826,1166.2973916450521,1181.1107177734375,7729933
2022-12-20,1174.1129983269077,1193.242990634255,1165.9792991040035,1191.3345947265625,7467588
2022-12-21,1190.9710448813423,1196.4237592798247,1170.5687080191292,1174.3856201171875,8527550
2022-12-22,1180.5199485444361,1183.541675654874,1166.3200787009303,1171.3411865234375,7451122
2022-12-23,1164.7524600759673,1177.112082738486,1132.4676588679463,1136.9888916015625,10257115
2022-12-26,1142.6915558359974,1155.0737739248264,1132.5357596211306,1146.9173583984375,5990242
2022-12-27,1149.6211545027727,1158.1637450751377,1142.9188116159999,1156.30078125,5763271
2022-12-28,1153.2562711921107,1158.6181211536698,1145.7587436629801,1156.1871337890625,7459393
2022-12-29,1148.2578877514563,1158.209118855438,1147.5762834083114,1155.66455078125,6930648
2022-12-30,1156.4824475075623,1170.97762738263,1154.6649160603042,1157.4366455078125,7289476
2023-01-02,1158.7090222381169,1171.8865462707408,1157.8911210447166,1170.4779052734375,5316175
2023-01-03,1165.5476587645308,1169.160125804233,1157.7093889350726,1161.9124755859375,7658932
2023-01-04,1161.8896870062515,1163.7300547153022,1142.3506838068283,1144.418212890625,9264891
2023-01-05,1146.6674842652508,1152.5292093307505,1137.8067482537933,1142.3734130859375,13637099
2023-01-06,1148.0988183662998,1157.7774553339088,1144.3046224842542,1152.75634765625,6349597
2023-01-09,1156.5732620005954,1182.3375684218504,1155.687212453628,1179.974609375,10722753
2023-01-10,1184.155127696438,1184.155127696438,1156.891435377878,1162.52587890625,8047142
2023-01-11,1159.8450319996036,1162.3441677767541,1145.5768933771294,1147.8717041015625,11509553
2023-01-12,1147.280880250268,1150.7569299071174,1120.0852177263125,1123.084228515625,17688773
2023-01-13,1117.0863548772086,1123.675117069892,1106.2717897707075,1121.266845703125,20618583
2023-01-16,1123.584175159578,1126.7421991055548,1102.8182596793808,1110.5885009765625,13623855
2023-01-17,1116.9046027544262,1128.2644751675343,1113.5421334042796,1126.3560791015625,10751000
2023-01-18,1123.947854631307,1131.9451378363888,1117.9725482719243,1124.4930419921875,13448286
2023-01-19,1123.674992689111,1127.4237562572607,1116.2910462380278,1123.288818359375,11940054
2023-01-20,1124.6291897175156,1124.6291897175156,1107.4758620574123,1109.9295654296875,14930286
2023-01-23,1112.8151498129876,1120.630703944606,1101.9095996617807,1104.31787109375,10954118
2023-01-24,1108.7253859560433,1110.3839043654414,1084.8014472016187,1097.7972412109375,16488755
2023-01-25,1096.2067717974144,1097.2291180769223,1081.4615961665293,1082.6202392578125,12385018
2023-01-27,1083.4611595770739,1084.8015319770323,1050.403768536496,1062.081787109375,25830975
2023-01-30,1059.5144571522903,1077.781116815708,1045.564464693845,1072.26025390625,21772103
2023-01-31,1082.370452122445,1084.9378563899695,1063.7402148448057,1069.5792236328125,22691594
2023-02-01,1081.4391134749721,1081.4391134749721,1047.382090519888,1063.2406005859375,19347800
2023-02-02,1053.2891691648742,1066.9210156997124,1050.1084290116537,1057.3560791015625,13662663
2023-02-03,1067.3753725425988,1067.3753725425988,1041.929212987467,1058.2874755859375,24699575
2023-02-06,1051.9258301558875,1054.652247201578,1047.7454602358487,1050.312744140625,14837879
2023-02-07,1050.5627428744976,1057.5603943899198,1041.9291690153093,1047.7908935546875,15135435
2023-02-08,1051.017186057536,1072.3284093286718,1048.290888887822,1068.7159423828125,21160332
2023-02-09,1069.3974980927496,1077.3039157739506,1060.559478401166,1070.578857421875,13172763
2023-02-10,1070.0563840638993,1070.0563840638993,1054.7886158361225,1061.763671875,10790445
2023-02-13,1063.3768779331142,1067.8299624778901,1051.2672523692866,1055.7203369140625,10352493
2023-02-14,1058.7192622894795,1082.3250555378218,1055.8565481440585,1080.598388671875,14321920
2023-02-15,1079.6440602664363,1107.4531801088635,1078.2809718116707,1105.0675048828125,33503591
2023-02-16,1113.019527781497,1119.5401413378127,1101.9322491792432,1104.2042236328125,17264487
2023-02-17,1099.6375221146495,1112.1334412904273,1095.3661670147737,1108.8162841796875,11809520
2023-02-20,1110.9974583087273,1113.1558521216361,1095.1390690194628,1097.093017578125,8836937
2023-02-21,1101.4552961916092,1111.8154187780797,1096.1614739086865,1106.044677734375,13311592
2023-02-22,1102.34116225432,1104.181409716533,1079.2124090771258,1080.9617919921875,11024335
2023-02-23,1080.5529686414243,1088.1640768500556,1072.9872927091903,1075.78173828125,9851910
2023-02-24,1077.8264053087537,1088.8001014405165,1076.0088741166164,1083.142822265625,9434053
2023-02-27,1082.3705449963543,1085.8467152410444,1068.6024012348664,1075.9407958984375,11199715
2023-02-28,1070.6016220746747,1075.55458156191,1051.3126158801917,1055.356689453125,21994038
2023-03-01,1065.1035377480093,1065.7851421281152,1055.6747773158893,1065.05810546875,11551145
2023-03-02,1061.9226969308686,1068.5796069332716,1054.9249246750653,1056.947021484375,9333535
2023-03-03,1067.44368158329,1087.573426851757,1063.9903475271667,1083.91552734375,14643807
2023-03-06,1090.5495987349282,1101.7277412564927,1090.5495987349282,1094.5028076171875,10171916
2023-03-08,1094.5028585607813,1099.1832244435238,1083.7337262043,1098.4334716796875,15782657
2023-03-09,1097.8201071650074,1098.2289976932168,1070.1474010143947,1072.0330810546875,16235128
2023-03-10,1063.967514713159,1065.1034417835135,1051.9486346812796,1055.4248046875,13334091
2023-03-13,1058.2876262665352,1065.1035499544928,1033.7502288751577,1038.0670166015625,12771592
2023-03-14,1036.0220100653578,1047.359164622662,1031.0464552108242,1034.1817626953125,16027522
2023-03-15,1037.885231401589,1044.3375763114452,1012.1209234658597,1016.505859375,21728555
2023-03-16,1019.2095111682803,1024.2077825786946,1000.6701381392561,1011.4392700195312,18363159
2023-03-17,1020.0047033408911,1023.2763079373278,1005.4413153341551,1010.1670532226562,34014213
2023-03-20,1006.4864237654998,1008.7583980790381,990.5825434751304,1000.2384643554688,19524589
2023-03-21,1008.2811925498517,1033.2957451749278,1007.3951430408976,1031.341796875,21400360
2023-03-22,1038.294084967167,1041.2249475152355,1031.47816188993,1034.4771728515625,10920094
2023-03-23,1030.569386905087,1031.4327203269945,1019.2322313496287,1021.390625,16249370
2023-03-24,1020.2319499604101,1022.3903437977212,998.7617725722084,1001.1700439453125,12375945
2023-03-27,1007.6224178329715,1024.207782359069,999.7613722312702,1016.7329711914062,14054323
2023-03-28,1020.118297683826,1025.3438507677042,1016.4831146440141,1021.4815063476562,12576424
2023-03-29,1017.391938716083,1020.0274916428302,1004.71434981678,1015.4381103515625,18804065
2023-03-31,1024.6623383806666,1064.8536804760474,1024.5260415402947,1059.2191162109375,28171201
2023-04-03,1065.5579119993613,1067.3754434349298,1051.9259454677697,1059.4007568359375,10293043
2023-04-05,1066.9210129823457,1066.9210129823457,1048.995215362799,1056.856201171875,16262928
2023-04-06,1053.3572991214214,1069.6474143387793,1053.3572991214214,1063.9447021484375,18435046
2023-04-10,1067.829873819937,1068.0116029231133,1054.9022279148219,1056.4017333984375,12961408
2023-04-11,1060.559540630498,1063.7402807994256,1056.0383079017138,1061.6273193359375,10542367
2023-04-12,1061.6271300614383,1075.9178623263667,1058.764536534493,1066.3074951171875,18179087
2023-04-13,1069.1930541875877,1075.0093475188144,1064.1947822733791,1070.3291015625,12378208
2023-04-17,1101.8867990924884,1101.8867990924884,1067.3981721567704,1075.759033203125,17929479
2023-04-18,1080.0985197030036,1080.0985197030036,1056.9243329412964,1063.4449462890625,10405576
2023-04-19,1062.8542061722762,1071.4195123263064,1059.741614492453,1068.7386474609375,12273475
2023-04-20,1069.692811176778,1071.9193532094926,1059.6961482625013,1066.034912109375,7007330
2023-04-21,1068.1252410633845,1072.8282030082607,1061.6500596936005,1067.37548828125,7647317
2023-04-24,1079.1896539611616,1081.8705185788936,1066.9208972884767,1071.4649658203125,12936186
2023-04-25,1075.1002048906516,1081.7343994033272,1068.0571198634168,1079.6668701171875,9236126
2023-04-26,1081.0073822687018,1084.2336751201349,1069.6702254865136,1073.328125,8617834
2023-04-27,1079.189733985385,1083.2792397187284,1074.191342363561,1080.1212158203125,9167125
2023-04-28,1082.3704342762564,1101.409681900637,1082.2568535921685,1099.8646240234375,15565210
2023-05-02,1106.9986888116582,1111.3609082117491,1103.3180737047812,1109.2025146484375,12981805
2023-05-03,1110.9974233118683,1110.9974233118683,1096.4795270846325,1099.6829833984375,7061872
2023-05-04,1100.1601065895743,1114.564421653396,1097.1838117593734,1112.360595703125,8635233
2023-05-05,1109.1798878043744,1118.4267984938415,1106.9079133744922,1109.5206298828125,8746585
2023-05-08,1113.269352129285,1128.5598368262858,1110.6112034431017,1123.220703125,9153782
2023-05-09,1124.6292481933926,1129.9912183396398,1119.290114376559,1126.69677734375,6464721
2023-05-10,1131.4453248412979,1135.9211253467272,1127.446563252221,1134.4443359375,10872255
2023-05-11,1135.51203899488,1140.3058651251242,1125.3335267806174,1127.03759765625,10557860
2023-05-12,1122.2663301444138,1130.2637323324755,1116.2228762779578,1128.8778076171875,6955341
2023-05-15,1131.3998000896127,1138.056589765274,1123.7885720856236,1131.1043701171875,6833343
2023-05-16,1133.2627523170945,1135.8073202110538,1113.3374551908087,1114.99609375,8717229
2023-05-17,1119.1764803056624,1120.0852459817609,1103.7271032383842,1108.4073486328125,8798967
2023-05-18,1113.0649351771951,1116.4502407386783,1102.8864225456616,1106.0218505859375,10525531
2023-05-19,1106.0218196807168,1111.4291017814717,1099.1149119209986,1109.6114501953125,8050447
2023-05-22,1106.4534840047638,1120.5397737195674,1105.2494084549478,1115.5413818359375,7434906
2023-05-23,1118.1087637100431,1121.4485168171577,1113.9282731003457,1115.3369140625,6092034
2023-05-24,1111.4063935962217,1119.630957590089,1105.749113749558,1108.8389892578125,8112254
2023-05-25,1105.9537453747698,1112.8151011277312,1097.8427615845399,1108.7027587890625,11487863
2023-05-26,1116.9044905832286,1140.0786760550607,1113.6101699812016,1138.9427490234375,12626260
2023-05-29,1145.5314605509366,1149.6210865747194,1139.2608448772517,1145.3497314453125,10010304
2023-05-30,1145.349753161613,1153.1199946776444,1142.509755067562,1145.054443359375,11342504
2023-05-31,1135.9892890678166,1140.4650896335454,1118.2678159183406,1122.3118896484375,27107927
2023-06-01,1126.9694153626442,1129.1278089205925,1116.9044841377781,1119.2900390625,14592692
2023-06-02,1122.8117036497752,1128.1962696801756,1113.7238061790024,1115.6322021484375,15800644
2023-06-05,1121.085068396339,1128.6053121788445,1117.1090229973545,1125.6517333984375,10908682
2023-06-06,1128.4689187387335,1130.4000307352399,1118.7221336360576,1126.6058349609375,7493309
2023-06-07,1130.0821412207565,1135.9892989888378,1123.5388113588674,1135.148681640625,10312545
2023-06-08,1138.7156307485393,1143.6458744813403,1131.8997070078415,1135.8302001953125,12071109
2023-06-09,1139.1699412328312,1139.874261684162,1125.9924180855612,1127.787353515625,5877018
2023-06-12,1124.8564945620458,1131.0816777652867,1120.0852643496842,1128.7869873046875,6391969
2023-06-13,1133.7173319025067,1146.6448585440896,1129.741286337972,1145.46337890625,11248016
2023-06-14,1145.5314201372407,1160.9809175855808,1143.7138887627082,1159.549560546875,13277380
2023-06-15,1159.5268135380984,1164.4116242878063,1152.1201510303479,1159.86767578125,11813494
2023-06-16,1163.3437504987226,1173.4313981302719,1163.3437504987226,1171.159423828125,24171579
2023-06-19,1174.1585755296505,1174.1585755296505,1155.369322961202,1159.5269775390625,6798554
2023-06-20,1157.5957972211602,1165.070488566,1151.893084884151,1161.9351806640625,6921096
2023-06-21,1161.889630244124,1167.7286388194623,1157.8001247424693,1165.206787109375,6961603
2023-06-22,1161.4354185434336,1169.296404389101,1150.52986917785,1152.1202392578125,7619166
2023-06-23,1149.1212794125972,1151.1660925456156,1141.4420223330224,1142.691650390625,6628570
2023-06-26,1139.1700001634836,1142.9869124040958,1130.8545713330911,1133.9671630859375,12641159
2023-06-27,1134.4216529822017,1140.305974461151,1129.9231362063101,1134.376220703125,9689466
2023-06-28,1141.896393407388,1153.1881169201986,1135.0122016455275,1149.3939208984375,11354006
2023-06-30,1157.0732487107562,1161.7307784588775,1151.1888070463274,1158.8226318359375,11151555
2023-07-03,1162.3669506539804,1191.425580555085,1161.1400387375704,1188.5628662109375,12154387
2023-07-04,1192.7887391966194,1192.7887391966194,1169.2736896643748,1176.31689453125,8061643
2023-07-05,1185.5183304828597,1185.5183304828597,1170.432411192628,1174.3856201171875,10248062
2023-07-06,1170.546016490242,1201.6266214253383,1170.546016490242,1199.03662109375,19117987
2023-07-07,1197.3325831480681,1210.9417123971473,1194.15172307179,1196.6964111328125,13375267
2023-07-10,1221.8244401255106,1252.3144236363512,1215.508392547687,1242.7947998046875,33240016
2023-07-11,1250.905728718348,1258.6758491021378,1243.9535094175255,1256.267578125,20069348
2023-07-12,1256.9946762890331,1273.2166423107678,1254.8817149747802,1257.653564453125,18733835
2023-07-13,1264.9922784824523,1271.853634660212,1243.7947539621482,1246.407470703125,14682934
2023-07-14,1249.5879849572364,1254.5409440468316,1238.2735461254954,1245.3621826171875,15124144
2023-07-17,1248.225023984058,1279.1466167196916,1239.5914489485467,1270.8084716796875,22220040
2023-07-18,1280.0325658904894,1289.3249082218795,1269.1270172578058,1281.6002197265625,25867313
2023-07-19,1285.9397747939042,1297.7540895736324,1270.944719940005,1291.3243408203125,39122156
2023-07-20,1270.1422890108254,1295.2251136644823,1270.1422890108254,1289.7606201171875,38717624
2023-07-21,1284.4190157057792,1287.3235564344566,1242.3763715855305,1249.834716796875,30249238
2023-07-24,1221.4042392370138,1238.1179088392782,1215.6443158350814,1224.554931640625,23727866
2023-07-25,1227.8041962368873,1233.3179681079685,1220.9119513502328,1223.767333984375,12026020
2023-07-26,1223.3732632571832,1253.896056948107,1223.3732632571832,1243.6561279296875,12911012
2023-07-27,1247.5209111436616,1249.2931304965796,1226.0072859774648,1232.087158203125,17226898
2023-07-28,1236.6902137331379,1251.853175548335,1231.0287272255082,1244.4686279296875,20827852
2023-07-31,1244.4686660676819,1257.2930680054526,1239.594792375287,1255.00390625,8551174
2023-08-01,1257.8347690470637,1259.8039819927342,1233.3673222353511,1237.2564697265625,9536632
2023-08-02,1235.2871417271826,1236.665614699006,1212.8381883521488,1224.0380859375,12748214
2023-08-03,1218.5981228148664,1231.201012494138,1210.1058926997707,1218.8934326171875,10168350
2023-08-04,1230.1673350047402,1238.6349265214124,1216.7767111886983,1235.4595947265625,22885610
2023-08-07,1241.0963994857652,1244.7393951840495,1233.2195480808575,1242.49951171875,5982870
2023-08-08,1244.5423492739476,1247.7176805176769,1230.5363488514104,1235.0162353515625,9844072
2023-08-09,1233.145764124846,1245.034838767312,1221.453562693164,1243.1640625,11486586
2023-08-10,1243.0407844200602,1255.3730020668381,1234.9177826419805,1248.7022705078125,15470598
2023-08-11,1246.733138146324,1259.7300139419374,1236.837916549459,1253.969970703125,22179330
2023-08-14,1249.9577340453427,1271.274485095857,1243.065489745762,1268.788330078125,9575812
2023-08-16,1255.8654425931288,1271.5207081344915,1255.8654425931288,1267.7545166015625,10203112
2023-08-17,1263.791524524126,1269.2068594315797,1246.930140835009,1249.4654541015625,13673744
2023-08-18,1246.142454602955,1268.960755625946,1234.9671961841154,1258.7208251953125,18639978
2023-08-21,1254.8424457661688,1262.5000997685252,1242.8371963360953,1244.986328125,9221746
2023-08-22,1243.4548358358238,1253.8544488619668,1234.6115281978846,1244.68994140625,7713044
2023-08-23,1247.061326610869,1256.2752862282496,1243.4795205761563,1246.0732421875,9517952
2023-08-24,1254.8178429548684,1254.8178429548684,1220.778380707161,1225.1259765625,14140020
2023-08-25,1213.3677682361918,1237.5758385308063,1206.7476503203045,1219.46923828125,22222400
2023-08-28,1221.2722430466752,1227.2007490808824,1201.0659665597248,1207.3155517578125,12580826
2023-08-29,1211.4162410930335,1212.107851949824,1189.7277154191993,1195.755126953125,16876644
2023-08-30,1201.5107618049594,1206.9452265993075,1193.1120434864215,1194.618896484375,12168946
2023-08-31,1197.0643437840804,1198.0524282609965,1185.651919829385,1189.15966796875,21638600
2023-09-01,1188.937220765019,1198.3733539411996,1186.5163417372542,1191.9508056640625,18112842
2023-09-04,1191.950907028467,1197.3853714174265,1188.3197691016735,1190.987548828125,9347626
2023-09-05,1195.5822395056102,1202.4741047382813,1191.852196412095,1197.36083984375,8675876
2023-09-06,1196.125722417537,1203.5609616798479,1194.2236115362405,1199.88037109375,8200370
2023-09-07,1196.421961377583,1204.5983838407617,1191.1357340059783,1201.5106201171875,13652572
2023-09-08,1205.463038004146,1213.3677136631895,1197.039593881822,1209.51416015625,23109288
2023-09-11,1211.391482722607,1223.668479723262,1211.391482722607,1222.556884765625,13271074
2023-09-12,1226.7068128830886,1226.7068128830886,1203.462102676104,1204.8948974609375,16255666
2023-09-13,1205.4630504045967,1216.653058753229,1198.6699696902265,1210.9222412109375,12803338
2023-09-14,1215.3437498538372,1218.2092185904667,1207.933117232777,1212.03369140625,9209636
2023-09-15,1219.2960960745,1219.2960960745,1210.1563157757241,1214.2816162109375,25468592
2023-09-18,1205.487828880595,1210.8975674516837,1201.535490839137,1203.709228515625,7516300
2023-09-20,1197.089090701199,1199.3370070481767,1163.4694916701224,1176.8826904296875,57081884
2023-09-21,1173.3255153106452,1180.8103271156433,1165.9396084396587,1168.31103515625,12226182
2023-09-22,1173.8443150051187,1177.0308632017375,1160.9992172819989,1163.4447021484375,19176786
2023-09-25,1161.1968240581607,1166.2854832156668,1153.638074334712,1156.2811279296875,14254884
2023-09-26,1155.342502590839,1161.0980464311394,1153.8851021083722,1157.2939453125,10087782
2023-09-27,1157.7880446735417,1171.769464855697,1155.3178333556975,1170.336669921875,11722778
2023-09-28,1177.3026603074284,1177.3026603074284,1148.6482103293206,1153.14404296875,14518346
2023-09-29,1156.9481416896208,1170.435518964013,1153.1440405649926,1158.529052734375,12342014
2023-10-03,1151.0936382938999,1153.885049186791,1144.2017734963838,1145.263916015625,8859056
2023-10-04,1140.7434506187415,1145.683872665596,1133.8763122199225,1143.2877197265625,10286386
2023-10-05,1145.8074528562056,1150.8219332922222,1140.743519950406,1143.26318359375,10953682
2023-10-06,1144.7205033692,1148.5493304183171,1142.2502923697696,1145.1898193359375,5431026
2023-10-09,1140.2988590719287,1142.200849187487,1133.826857954507,1135.4324951171875,7576878
2023-10-10,1139.5331157395624,1145.1404226117538,1138.1497733893898,1140.447021484375,10236032
2023-10-11,1143.4359710357805,1160.8509589721596,1142.7196339530417,1158.5537109375,9814118
2023-10-12,1157.9609209243824,1165.6185754357678,1155.1447837404767,1160.7027587890625,12554450
2023-10-13,1156.058825491677,1164.7045645712087,1150.6984190160554,1160.6534423828125,10150316
2023-10-16,1158.5290083696577,1163.2471357038708,1154.0826283801794,1158.0596923828125,5929036
2023-10-17,1163.9634271590728,1165.791359182136,1156.701030917525,1163.5928955078125,7928180
2023-10-18,1163.5929949263082,1169.3979912920374,1146.6720480730119,1148.1541748046875,8918320
2023-10-19,1142.2256445327594,1147.0672825471008,1136.7911799610206,1139.33544921875,12032556
2023-10-20,1136.2971288231192,1143.559525479833,1134.4691966955595,1135.8525390625,8913312
2023-10-23,1131.356688684127,1139.3848747937852,1114.1887214650121,1118.1163330078125,7853962
2023-10-25,1111.6198194416302,1127.009187707913,1108.1367973597628,1115.522705078125,11620688
2023-10-26,1112.0888961356811,1115.5471912369471,1096.9218260289952,1099.98486328125,15222534
2023-10-27,1106.654565590137,1123.204979852311,1104.6536704890175,1119.40087890625,11771084
2023-10-30,1123.4520304054054,1148.6481841216216,1121.4511352518443,1142.47265625,16813304
2023-10-31,1150.1303563093797,1150.1303563093797,1127.8490026208185,1130.3192138671875,12808438
2023-11-01,1130.9367248364767,1144.9428703315039,1124.0448598372486,1135.0125732421875,10309190
2023-11-02,1143.1889695269997,1148.302354744411,1140.2247162104195,1146.2767333984375,10562104
2023-11-03,1149.7349795725816,1153.5638066087804,1144.078220526126,1146.0296630859375,8850156
2023-11-06,1152.2546386732256,1156.0587394619763,1148.9445800808262,1155.564697265625,10647304
2023-11-07,1153.1192304428853,1155.614167696399,1145.9556184844287,1148.0552978515625,6960204
2023-11-08,1152.1064866637696,1156.552866758098,1147.042553778562,1154.033203125,7884494
2023-11-09,1154.0085696526105,1154.0331752710283,1138.3720609954937,1141.50927734375,14513610
2023-11-10,1139.039102652828,1144.3747829309668,1135.3337858785344,1143.6583251953125,7734954
2023-11-13,1147.6107081381433,1148.4506764659145,1142.0774589944763,1143.51025390625,3854810
2023-11-15,1156.0588204395372,1166.9030232858888,1149.6362714370953,1164.185791015625,12220648
2023-11-16,1161.542667627995,1172.9302438744137,1159.4923201233041,1166.285400390625,13134910
2023-11-17,1162.4319266451018,1172.4857343750468,1162.012063114762,1163.7412109375,7758634
2023-11-20,1160.2828426994563,1165.1490860409533,1154.2801575494677,1160.6781005859375,4490186
2023-11-21,1168.9038812090425,1179.7728099438689,1166.0384122376151,1175.2769775390625,8214450
2023-11-22,1173.3502489811203,1182.9593458443583,1171.9669066696931,1179.87158203125,8534814
2023-11-23,1179.8716170501546,1185.7013394254852,1179.8716170501546,1183.4781494140625,8531542
2023-11-24,1181.5514214570694,1186.9858858764198,1181.2796741129466,1182.6876220703125,6749486
2023-11-28,1182.6876712625676,1185.5531403805655,1173.4738317237427,1182.9346923828125,13792174
2023-11-29,1189.6536514263266,1191.605094048659,1184.7379555197092,1186.047119140625,12531306
2023-11-30,1183.0828973645985,1186.0471507278282,1170.8306260067593,1174.5606689453125,28439984
2023-12-01,1174.8323419889748,1183.9226701483003,1174.6347733568996,1182.88525390625,14342842
2023-12-04,1210.4035134582498,1210.4035134582498,1185.0097900344595,1195.6810302734375,15590990
2023-12-05,1204.9689932142376,1205.8830195816831,1196.3973123183705,1204.3514404296875,12693624
2023-12-06,1208.9707381739393,1221.7416569101222,1202.9927791973269,1215.8873291015625,16422442
2023-12-07,1215.3437528349593,1215.813068778958,1206.4509936678744,1213.8863525390625,8142096
2023-12-08,1217.2459307176134,1223.5943006598802,1207.9331869400896,1213.244140625,10204894
2023-12-11,1213.367615499601,1219.098553135076,1211.5890153738967,1215.022705078125,7066138
2023-12-12,1215.3438006129375,1217.7892853568703,1195.6561708810905,1197.5830078125,9197124
2023-12-13,1196.570218805253,1204.6478570918039,1188.8137803209581,1202.4739990234375,10031182
2023-12-14,1212.3795628682321,1222.7297228698085,1206.7721356331074,1217.39404296875,16972354
2023-12-15,1224.236571728094,1235.1055001292314,1220.3089603608373,1232.9317626953125,15932152
2023-12-18,1232.9318442845902,1252.3476075388428,1230.6344755328585,1245.48046875,14165188
2023-12-19,1262.2777471951172,1271.6150959828576,1247.5552663727806,1263.809326171875,16820604
2023-12-20,1270.207325538083,1283.9417239360823,1244.9864450577063,1248.518798828125,17736722
2023-12-21,1248.44470925444,1271.4176728398502,1244.1218397625619,1266.0079345703125,13765454
2023-12-22,1264.550535970751,1275.0735389423144,1258.6466348491601,1267.2430419921875,16541784
2023-12-26,1268.7003790735205,1280.5326657287192,1266.0819312708138,1273.66552734375,7465664
2023-12-27,1275.6170305456778,1284.4603381656593,1271.2201029702012,1278.01318359375,9204156
2023-12-28,1279.4705441490948,1290.4382571270967,1278.0131437475463,1287.251708984375,12302636
2023-12-29,1289.9936165179902,1291.4262906293047,1274.2830506802181,1277.0743408203125,10864584
2024-01-01,1274.9006856426909,1287.8940202608817,1271.2447008145452,1279.69287109375,4030540
2024-01-02,1277.099135940161,1291.920402508132,1271.1706293129728,1290.2900390625,7448800
2024-01-03,1289.450180352941,1301.3071935056118,1273.2455715878027,1276.25927734375,9037536
2024-01-04,1278.5811975278393,1289.376067708453,1274.1842702494187,1282.8546142578125,9612778
2024-01-05,1285.9424160498672,1294.3165279752034,1283.521657474919,1288.3138427734375,8086406
2024-01-08,1289.4501393970402,1300.294341541995,1269.1696830048252,1278.2601318359375,7734652
2024-01-09,1284.5098000629723,1287.8693113555237,1273.245613077726,1274.8759765625,5403074
2024-01-10,1273.146817539874,1313.658280108081,1272.1834593214687,1309.2613525390625,11102740
2024-01-11,1313.6583733689063,1346.2651626289091,1312.6702888458758,1343.6961669921875,23725852
2024-01-12,1343.6960023683716,1356.9609630954171,1329.714583957277,1354.3919677734375,15012164
2024-01-15,1358.6161895727328,1379.8105538837538,1349.7234290591657,1377.5133056640625,8610594
2024-01-16,1373.412554424991,1379.662260463631,1354.169635353321,1358.2454833984375,9069024
2024-01-17,1343.3007252899447,1369.7567088979374,1338.879071777444,1345.3509521484375,12197382
2024-01-18,1335.2972997496222,1354.663730119792,1335.1490629645289,1351.6500244140625,10279438
2024-01-19,1359.6041759840746,1359.6041759840746,1342.8067406703178,1351.156005859375,10422704
2024-01-23,1355.4048574857818,1355.4048574857818,1306.791150318716,1312.7442626953125,20055420
2024-01-24,1319.314984194113,1333.4199132911328,1308.1497027138623,1327.8619384765625,21919128
2024-01-25,1326.9479158139593,1347.895377764627,1319.2902616038493,1336.9522705078125,11808872
2024-01-29,1348.241269998228,1435.192704047216,1343.9678528779282,1430.7957763671875,23893438
2024-01-30,1442.5537625848374,1442.5784888178382,1387.690473107798,1390.852294921875,14093978
2024-01-31,1387.2705659116798,1417.1601204834947,1385.788439238697,1409.6259765625,15130226
2024-02-01,1417.9011153905622,1426.1515960154993,1401.1531330404457,1409.650634765625,13349362
2024-02-02,1416.0978932450594,1457.3256902760372,1416.0978932450594,1440.33056640625,19652588
2024-02-05,1443.3442832345067,1452.9781061073709,1414.4675408489986,1421.878173828125,8814432
2024-02-06,1424.6693778058625,1424.6693778058625,1402.906796150729,1410.786865234375,9047984
2024-02-07,1418.8151411125152,1432.2283386037336,1412.2196294925052,1424.9659423828125,9296568
2024-02-08,1432.7224367107362,1442.0845126481563,1410.515263064875,1432.845947265625,14694634
2024-02-09,1436.6746688077615,1454.4354611714164,1433.660963243804,1443.34423828125,12556798
2024-02-12,1443.3443671360003,1443.5913882496639,1425.163589047209,1435.04443359375,6674430
2024-02-13,1438.1568697691962,1461.3768535820275,1436.6747431428453,1447.6424560546875,7715594
2024-02-14,1440.1329959711338,1465.9714268487612,1440.1329959711338,1463.7235107421875,7117888
2024-02-15,1465.674980481667,1467.0335965408115,1449.0505085860837,1453.076904296875,10006782
2024-02-16,1458.8819534815811,1459.4007219371786,1441.170612214809,1443.17138671875,9767498
2024-02-19,1444.6288410678121,1461.8708655513933,1436.2053974591388,1456.4364013671875,6729828
2024-02-20,1457.449408433713,1457.9187244624495,1444.3820146436099,1453.4970703125,7117496
2024-02-21,1456.4365283424868,1470.7884795851646,1440.1825868389801,1450.2115478515625,12720292
2024-02-22,1450.6560710255042,1467.2558158327358,1440.6269906914333,1464.093994140625,18493728
2024-02-23,1471.7517883622584,1479.7059164315408,1465.6750448712426,1475.82763671875,14438584
2024-02-26,1475.753583346703,1476.7169415654328,1464.8352018923576,1469.6026611328125,7513106
2024-02-27,1465.3539102526265,1482.0771665679397,1460.4382144226488,1467.9476318359375,10826044
2024-02-28,1465.3292067243183,1473.5056294891751,1432.8953836215212,1438.2803955078125,8647950
2024-02-29,1447.5437052316252,1461.352161163495,1437.1935448412644,1443.393798828125,23628976
2024-03-01,1446.061542580972,1482.1266237591103,1445.0734581651325,1474.345458984375,12132926
2024-03-04,1472.7150995331629,1494.4282305064353,1469.503825173054,1489.4384765625,10024420
2024-03-05,1487.8328618357061,1489.4384990399915,1468.3429205099196,1482.32421875,7107668
2024-03-06,1475.654687549837,1491.0194491388315,1460.8828731290673,1485.0909423828125,7805676
2024-03-07,1485.0662153094684,1485.1897258668157,1457.968071396935,1461.3028564453125,8315726
2024-03-11,1471.257625711574,1471.257625711574,1446.0614742974403,1449.12451171875,11277130
2024-03-12,1449.1246865128974,1470.269718687064,1447.5685016900354,1457.8446044921875,9432678
2024-03-13,1462.142657909758,1465.4279903850718,1410.7622676768488,1415.10986328125,13522134
2024-03-14,1422.5451836499767,1431.2651015924712,1408.5144322207132,1414.418212890625,18571102
2024-03-15,1408.9589780840722,1416.1473166057365,1396.0645483366263,1401.3260498046875,19223818
2024-03-18,1403.0798345242215,1424.5459437848976,1399.6462653903534,1422.32275390625,9169392
2024-03-19,1411.7256294896865,1420.4701525728194,1400.3626585436627,1408.267333984375,8275764
2024-03-20,1410.9349722530521,1427.7818583434794,1407.0568136232032,1426.5467529296875,8488806
2024-03-21,1435.2173701383908,1440.5283239841642,1427.460931435626,1433.685791015625,13006936
2024-03-22,1432.697625631682,1442.6031956703118,1430.1039041326171,1437.6875,19527608
2024-03-26,1427.7820647176966,1435.0939139473653,1421.853557874578,1424.3978271484375,11415906
2024-03-27,1430.7463249095808,1482.126717793074,1429.7582404310522,1475.0618896484375,16326644
2024-03-28,1475.0865810929813,1488.0057370987279,1461.0311038405712,1468.145263671875,21854364
2024-04-01,1474.691331987126,1476.1734586788064,1464.8352136106084,1467.0831298828125,5013880
2024-04-02,1466.3172549197961,1476.198098955644,1457.4244952875333,1469.2320556640625,8910166
2024-04-03,1464.4152240453116,1466.7619246317818,1451.397283687729,1454.0650634765625,7008292
2024-04-04,1462.1180033355356,1462.1180033355356,1432.7224901750476,1445.4935302734375,14490272
2024-04-05,1443.467815909923,1453.274601948929,1438.6509043996564,1442.7020263671875,7442298
2024-04-08,1445.5427357963142,1473.2090987059642,1443.5912932499484,1468.2686767578125,8357118
2024-04-09,1471.2577557160955,1472.0482715276003,1445.0735176190665,1446.2098388671875,7071414
2024-04-10,1448.8776750369068,1469.281643980642,1448.8776750369068,1461.945068359375,9138330
2024-04-12,1458.2891033204971,1468.7627741208264,1445.6415744118667,1449.6680908203125,15551012
2024-04-15,1443.591352839028,1464.4646364315843,1429.0911655763507,1447.3707275390625,12902062
2024-04-16,1436.0325186728678,1453.6451964542034,1433.6364862387566,1448.2847900390625,9366184
2024-04-18,1446.0614655607194,1468.2933637329888,1441.9608913302363,1446.8765869140625,19005692
2024-04-19,1439.4167626045175,1456.4364932961696,1425.8306012864564,1452.607666015625,15741778
2024-04-22,1454.9048261235944,1465.1562017707047,1450.3103301575065,1462.2166748046875,10350362
2024-04-23,1461.3770126451404,1475.7042382593086,1438.2064787775075,1441.9364013671875,14605554
2024-04-24,1446.0615625184662,1451.051437133562,1432.2283805059903,1432.8953857421875,10462776
2024-04-25,1425.3117405225619,1450.483166375014,1424.3236561270523,1442.5784912109375,15943926
2024-04-26,1446.5062542977878,1447.5437912682185,1432.7225237808307,1435.2421875,9413848
2024-04-29,1432.7223672737166,1450.4091019997668,1432.7223672737166,1447.568359375,7247974
2024-04-30,1450.507859763761,1465.4031834424802,1445.4439273514386,1449.519775390625,11474262
2024-05-02,1454.460329459568,1459.7218309784546,1446.6791643138517,1449.0753173828125,14512646
2024-05-03,1453.4722101911175,1457.3750954799905,1399.275802819383,1416.9130859375,17226958
2024-05-06,1418.3952205864964,1422.841600588335,1401.1037428015688,1402.610595703125,7394208
2024-05-07,1399.1028593353728,1403.8209867220144,1375.4135586957902,1384.775634765625,14517472
2024-05-08,1380.8481115524094,1415.8756594095175,1380.8481115524094,1401.6473388671875,9439002
2024-05-09,1396.1634006300155,1406.7853090212204,1373.4374570953444,1377.5133056640625,11009612
2024-05-10,1380.106935558881,1393.1990543318577,1371.535254832905,1390.65478515625,10505096
2024-05-13,1383.2195197456997,1390.2101693574684,1367.5089520262873,1385.986083984375,8456620
2024-05-14,1384.2814219881418,1410.0703989131912,1383.3427901196658,1403.15380859375,7188300
2024-05-15,1403.5740469957013,1412.9361236084007,1396.188139403763,1399.3994140625,5046534
2024-05-16,1401.6471872524828,1410.4904944706304,1381.3667306256436,1408.3660888671875,14711774
2024-05-17,1406.093722836626,1420.0750222861304,1396.4104463053004,1418.5928955078125,10916476
2024-05-21,1408.6132041549795,1424.6448506468714,1408.6132041549795,1419.0128173828125,11176128
2024-05-22,1419.1610465084934,1451.2737917888355,1419.1610465084934,1443.24560546875,10281604
2024-05-23,1441.1705740518107,1474.4442444107415,1437.6628261266358,1468.3428955078125,14608260
2024-05-24,1465.9467233388211,1470.7636348065282,1458.5113640783345,1462.6119384765625,7094776
2024-05-27,1462.587264504762,1467.2066075031105,1444.134859977049,1448.77880859375,6629010
2024-05-28,1450.5079553599196,1460.8828419616084,1435.4396676765145,1438.8485107421875,7820162
2024-05-29,1429.264181324664,1440.6271526936466,1421.310053120064,1423.607421875,7383556
2024-05-30,1418.3951935729253,1423.2368313836507,1403.178669288835,1407.8720703125,13206858
2024-05-31,1414.245257118902,1425.0647331073133,1405.3030450073677,1413.35595703125,31069832
2024-06-03,1465.3292536675044,1496.4539141466187,1441.6152266357983,1492.32861328125,21527942
2024-06-04,1480.1999676014107,1480.1999676014107,1343.1032493273078,1380.625732421875,36709098
2024-06-05,1405.0560283617258,1414.0970248192752,1367.6076051704213,1403.8209228515625,17464890
2024-06-06,1417.9011371144834,1426.4974232883105,1404.4137607114592,1414.5416259765625,17855722
2024-06-07,1411.478521453965,1454.4601915157414,1409.5023527154926,1452.4345703125,18558696
2024-06-10,1452.4346368701142,1475.5558362929214,1450.5819785928986,1453.867431640625,9251760
2024-06-11,1451.4960860069511,1456.1154291491666,1437.3418242246385,1439.3179931640625,11774902
2024-06-12,1440.1331280315808,1458.4126908916728,1437.835879864395,1445.888671875,10081742
2024-06-13,1454.4603416652449,1454.7073627830548,1442.7021123343332,1447.790771484375,9181160
2024-06-14,1452.4841280922399,1462.0438933040555,1439.8613252368543,1459.9442138671875,8157998
2024-06-18,1469.6273935638167,1469.6768460329972,1453.8180422457062,1463.3778076171875,7196766
2024-06-19,1469.7756214798555,1469.7756214798555,1438.650961260282,1441.2694091796875,8725874
2024-06-20,1441.6153422433538,1465.181134372769,1432.8213657240578,1456.14013671875,16113776
2024-06-21,1456.0659025463858,1457.1280450509373,1423.4096642387256,1436.872314453125,31170360
2024-06-24,1428.3007403004744,1432.2283517054532,1420.3713387903338,1424.2989501953125,8878386
2024-06-25,1425.8058325289194,1438.576872033328,1423.8296636688654,1436.822998046875,7045386
2024-06-26,1428.8194845866847,1500.875466568816,1427.905458276952,1495.9844970703125,22014882
2024-06-27,1495.7127559544517,1519.1797603831344,1488.0551018777237,1512.3126220703125,28383030
2024-06-28,1512.782033239127,1562.1615299634889,1512.782033239127,1546.7474365234375,28957336
2024-07-01,1543.9066370278445,1560.5805616644209,1537.138282854078,1541.5599365234375,7724306
2024-07-02,1550.7985635373939,1554.7509013864856,1538.4475077589818,1546.525146484375,7749246
2024-07-03,1547.661278880494,1556.2329594590622,1524.391963189475,1533.927001953125,9049620
2024-07-04,1538.447461634288,1548.822348177101,1532.321386398175,1535.5079345703125,6837176
2024-07-05,1535.3101717849263,1579.4528899457323,1529.5546284867023,1569.695556640625,12269710
2024-07-08,1570.0662334946016,1589.6303543798022,1563.6684106310508,1581.824462890625,9500806
2024-07-09,1578.5637202787966,1581.4291893561121,1561.6675000170792,1571.3260498046875,6960002
2024-07-10,1575.9946562525065,1578.4648673124634,1544.5241914718106,1565.3480224609375,7134578
2024-07-11,1568.5840280306456,1585.1344421846698,1551.786592769845,1561.815673828125,11940946
2024-07-12,1565.619788574804,1586.023756297877,1555.7389442164904,1577.6990966796875,12924784
2024-07-15,1585.332123675554,1586.7154660951303,1566.607970695329,1578.1932373046875,5329688
2024-07-16,1574.5125966882063,1580.9351457176842,1550.4280378276635,1557.4681396484375,9386838
2024-07-18,1557.2210712967385,1574.9078068261192,1539.2625884242743,1567.7689208984375,12298374
2024-07-19,1567.1018870092746,1571.0294984478235,1534.2975325767013,1536.6195068359375,13140390
2024-07-22,1518.9328421942273,1519.1798633102128,1481.4103587992008,1482.793701171875,19674376
2024-07-23,1483.1146576505776,1487.8080584659276,1445.5674511277782,1470.1707763671875,18052044
2024-07-24,1467.3053526491226,1491.5134207568017,1458.8078508242754,1477.8778076171875,11913362
2024-07-25,1463.3530011800513,1482.595920809754,1459.474721651074,1474.6171875,12519876
2024-07-26,1474.6172851615388,1494.4037007697482,1472.59166375446,1491.044189453125,9859940
2024-07-29,1493.9342700426573,1509.2990318372968,1493.7614276294273,1501.9871826171875,7538550
2024-07-30,1498.9486999408243,1506.8286485865085,1492.0073831905756,1495.119873046875,8228208
2024-07-31,1486.0788700242824,1492.4519658681731,1483.2628537354879,1487.4869384765625,10057346
2024-08-01,1493.983779705346,1499.9122867676688,1486.3755772216791,1497.2445068359375,10764222
2024-08-02,1487.0670219426547,1491.3404387261814,1475.481756476256,1481.4595947265625,10268248
2024-08-05,1462.3649300475706,1466.2184833782828,1416.1719837774867,1430.0792236328125,17046704
2024-08-06,1437.8111393077952,1459.8948030686215,1434.0316438440889,1438.700439453125,10236186
2024-08-07,1451.4960282823629,1454.954323788822,1444.0853950542364,1447.3707275390625,8174568
2024-08-08,1440.157843842289,1447.5437511456266,1428.6960880928925,1431.85791015625,12387192
2024-08-09,1442.603254689353,1458.9066476361847,1438.6509170052725,1456.73291015625,6249776
2024-08-12,1452.4841167562581,1455.4483700557605,1440.3800824499558,1443.2208251953125,8184584
2024-08-13,1443.3444377180147,1452.5582774619256,1440.6272053348387,1446.1851806640625,6265064
2024-08-14,1446.1110904012166,1454.4603560192809,1436.3783617708266,1444.4312744140625,6267466
2024-08-16,1451.1502913945535,1462.7602840003062,1440.676620060605,1460.58642578125,9416902
2024-08-19,1469.8067419652286,1485.47150978375,1467.8238660907393,1475.65625,13797742
2024-08-20,1484.4057091952604,1491.0484162933285,1477.2674041310693,1483.1416015625,8411808
2024-08-21,1480.464784262564,1494.964564922092,1477.2426107826689,1485.8433837890625,7769996
2024-08-22,1490.1312336221058,1493.6012664349316,1477.8869991875908,1485.2979736328125,10445782
2024-08-23,1490.8749048344312,1498.3849993365056,1485.5955458508122,1487.1322021484375,9249654
2024-08-26,1494.0723308917522,1509.9601498448217,1490.1313888488291,1499.649169921875,8816114
2024-08-27,1497.5671500638725,1500.516654009415,1486.6117113802566,1487.6031494140625,6251156
2024-08-28,1492.1142662167426,1494.5680511870519,1480.2170096090344,1485.4716796875,9610286
2024-08-29,1490.2303777286736,1523.8401488737275,1481.2083164719252,1507.90283203125,38335358
2024-08-30,1520.865886117465,1526.5418444404818,1490.4534771750382,1496.6995849609375,41620730
2024-09-02,1497.9389648135596,1513.7276641806195,1493.7253530981907,1503.2679443359375,11240852
2024-09-03,1508.2250430567562,1509.9600595401412,1494.5927706873033,1496.203857421875,10923800
2024-09-04,1487.850885016148,1504.50709100704,1486.6612078847159,1501.5823974609375,11983304
2024-09-05,1506.0439573959175,1512.7113538076746,1474.3179410781217,1480.192138671875,16264168
2024-09-06,1479.721175380084,1484.182646260627,1449.110527949692,1452.2830810546875,19394228
2024-09-09,1453.943839140462,1457.3395627288749,1443.1371406451965,1449.928466796875,9010298
2024-09-10,1447.995226435091,1459.446383962114,1445.0952218200862,1449.011474609375,10768260
2024-09-11,1450.5234230036904,1456.1745712275017,1435.1561339115874,1439.072265625,9760202
2024-09-12,1444.5250498204912,1473.2767495080643,1433.4953029575859,1467.1298828125,22349376
2024-09-13,1463.7590600068495,1470.451266381587,1456.918113729867,1460.016357421875,8711328
2024-09-16,1464.8993077290233,1468.2206009201684,1452.2088525514882,1458.7523193359375,5481774
2024-09-17,1461.3796100548857,1464.8248328952707,1454.0677548146177,1459.6942138671875,5935328
2024-09-18,1457.413766699014,1469.3110219373734,1448.0447266088618,1450.9197998046875,8574714
2024-09-19,1453.6959512825117,1463.8581906691413,1443.0876132109174,1457.0916748046875,16955902
2024-09-20,1461.3795684407844,1482.1997658201985,1458.7770437683578,1473.2025146484375,30897320
2024-09-23,1478.2340798324108,1488.6441789861601,1476.2015834923338,1480.5887451171875,8832314
2024-09-24,1475.7554165819738,1487.6526722077606,1475.1357678514642,1476.6229248046875,17137444
2024-09-25,1471.1948125268714,1483.6869066134093,1467.5264194610884,1481.15869140625,7069002
2024-09-26,1477.8870868947113,1491.122760061236,1475.309372285805,1485.12451171875,18818998
2024-09-27,1486.1655345930462,1520.345334807694,1479.2254687210307,1513.10791015625,20597478
2024-09-30,1506.3908994638518,1511.9181178232873,1461.7761901136828,1463.9324951171875,27008814
2024-10-01,1467.9726595996829,1475.2100841908111,1450.3002051077794,1452.2830810546875,16431642
2024-10-03,1424.2750076222521,1436.9902726871705,1390.070396353704,1394.928466796875,37757294
2024-10-04,1391.9046094477658,1405.2145916660443,1369.9442340651563,1374.653564453125,37072876
2024-10-07,1381.568793209071,1384.5431070803497,1349.7188488374588,1358.98876953125,22181340
2024-10-08,1361.2194430814652,1389.004514771482,1353.4118695241307,1385.3857421875,17020808
2024-10-09,1385.5594536683957,1388.979866453412,1360.7486928237201,1362.8306884765625,14310610
2024-10-10,1368.209166456891,1374.132983939481,1357.699948504806,1359.31103515625,22358646
2024-10-11,1358.2700551936466,1371.4314188021033,1357.1050671377104,1360.35205078125,7980122
2024-10-14,1367.6390728953818,1368.2587216327886,1356.5350159311083,1360.7734375,12221432
2024-10-15,1346.8933067731043,1359.9554295521655,1329.2208521541709,1332.5174560546875,33762794
2024-10-16,1328.5270030007441,1352.3215164873245,1326.1723376036346,1342.4814453125,20034438
2024-10-17,1354.0067695283685,1356.7332239102464,1340.4737382347967,1344.811279296875,15543660
2024-10-18,1340.5976258716714,1356.70849216764,1329.840427555484,1347.66162109375,12082452
2024-10-21,1355.4197431686716,1362.2358797577067,1346.1002013000875,1357.4769287109375,14067408
2024-10-22,1357.4767913068545,1364.2186177698431,1328.749900940748,1331.84814453125,15831960
2024-10-23,1326.048205061888,1345.8521531156357,1323.5696102860716,1327.064453125,17214742
2024-10-24,1323.8424540123256,1332.1952468902052,1311.7964576126847,1328.3287353515625,22155934
2024-10-25,1331.996862815434,1332.8395608533488,1310.6809472586556,1316.4808349609375,18597496
2024-10-28,1325.552505604476,1341.4155124030337,1310.7800563182918,1322.9251708984375,10824350
2024-10-29,1316.728719636798,1331.6994085045892,1308.995576227512,1328.52685546875,12008361
2024-10-30,1323.569732267355,1338.4413022928309,1314.0023313459362,1332.3935546875,11984423
2024-10-31,1328.5269031210519,1331.5012170832633,1314.7955112005386,1320.64501953125,9331650
2024-11-01,1321.6364480777281,1330.4601492824747,1321.5868277686543,1327.1884765625,2127335
2024-11-04,1326.3952636738204,1328.52687951389,1274.0969107675833,1291.0009765625,19796890
2024-11-05,1281.9292880644173,1298.337634786513,1275.1379622128013,1294.1240234375,16267479
2024-11-06,1298.7837703539942,1316.9271340293028,1289.0676296160968,1314.0023193359375,21625209
2024-11-07,1312.6639327180499,1312.6639327180499,1291.4471349781516,1294.4710693359375,9611974
2024-11-08,1286.5394340693545,1290.505185727704,1264.0833410989228,1272.7584228515625,19814406
2024-11-11,1267.9994654475693,1274.9891511168566,1256.151830843746,1261.802978515625,9056552
2024-11-12,1264.6287615317467,1278.2610337323058,1256.6476373969983,1263.33984375,10671091
2024-11-13,1259.374078659472,1264.5295076822267,1238.8017408266169,1241.3299560546875,14633633
2024-11-14,1242.866693712679,1261.7040163358736,1240.38809863068,1256.746826171875,12612633
2024-11-18,1256.7467703539512,1262.0014401044657,1233.24973843027,1249.9554443359375,13620611
2024-11-19,1249.9553610165642,1270.5276979121372,1224.5745744010292,1231.0189208984375,14183746
2024-11-21,1231.0190296194417,1233.299264427905,1206.8279179645579,1212.5286865234375,19433843
2024-11-22,1218.8737871048172,1257.9859641270039,1211.983221035894,1254.5655517578125,20471957
2024-11-25,1278.9549045518283,1293.2811339485756,1271.4694999174592,1275.9805908203125,28923341
2024-11-26,1283.8626226527838,1286.737817131633,1273.2046638791435,1284.606201171875,9247557
2024-11-27,1282.4250432843673,1292.6864023015983,1274.9892583407009,1282.1275634765625,9572746
2024-11-28,1278.905374093644,1285.4984608667178,1258.184417128475,1259.91943359375,15027412
2024-11-29,1269.0406134614407,1288.3736540571424,1264.3312830599236,1281.1361083984375,13202307
2024-12-02,1276.9722229086012,1300.1222774340952,1266.1160245478172,1297.941162109375,11024152
2024-12-03,1305.7237413234882,1315.4398813546288,1295.8093621182986,1311.9698486328125,16869482
2024-12-04,1314.6467414933138,1317.0262168141671,1292.884726573221,1297.74267578125,19608540
2024-12-05,1303.0964459866593,1318.5628538088617,1294.966703202915,1310.7305908203125,16858723
2024-12-06,1312.5646685095264,1312.5646685095264,1298.783657405313,1300.3204345703125,9037514
2024-12-09,1291.8436769577456,1303.7409326166044,1282.0284168341586,1284.0609130859375,14650002
2024-12-10,1278.2113501165884,1283.812998621138,1269.238788448007,1273.8489990234375,16043729
2024-12-11,1273.9978081396894,1278.9549980546296,1265.1244866020038,1267.2559814453125,11724373
2024-12-12,1259.1262215126183,1267.25596445406,1249.8066803924569,1252.0870361328125,20906813
2024-12-13,1249.2119494931856,1264.2817595214547,1228.986588963027,1261.951904296875,28630222
2024-12-16,1264.0835044447913,1270.0321327010022,1255.7059013940218,1257.44091796875,9486781
2024-12-17,1250.2528426173371,1253.078416496042,1232.1591005022085,1234.6376953125,17462791
2024-12-18,1230.027558928225,1249.162239402372,1230.027558928225,1242.5196533203125,12670179
2024-12-19,1228.3916379278016,1234.2411461229626,1218.4772582835096,1219.914794921875,14244653
2024-12-20,1213.5200660980383,1228.8873545167635,1191.2127119418244,1194.980224609375,20312896
2024-12-23,1204.5971709809228,1216.6926661807136,1202.8125341694108,1211.834716796875,10052824
2024-12-24,1211.834663048231,1222.9883400626134,1210.5457452942906,1212.28076171875,6734917
2024-12-26,1213.767935093776,1217.1883476811242,1203.8535553911518,1206.1339111328125,10016178
2024-12-27,1207.86900439277,1217.3867853075249,1206.5800865394056,1210.595458984375,7000397
2024-12-30,1205.9852538075309,1212.7269598518426,1197.756269680847,1200.333984375,8818766
2024-12-31,1197.6570485426987,1208.6619856280877,1195.8229125326573,1205.043212890625,6405475
2025-01-01,1204.4483521073844,1215.800389087432,1201.2261788160188,1210.7935791015625,5892590
2025-01-02,1210.7936258321927,1233.7949384205442,1209.554328364606,1231.167724609375,15486276
2025-01-03,1233.2498182568117,1251.244443122699,1224.921714407087,1240.437744140625,15521102
2025-01-06,1243.213556672038,1251.1946805005002,1204.5970973122883,1207.5714111328125,14816766
2025-01-07,1211.5371275851955,1233.8444805890147,1210.7935491517349,1230.2257080078125,10070505
2025-01-08,1238.3060678446636,1260.167324257905,1234.6872949225542,1254.664794921875,19346579
2025-01-09,1256.1518282285128,1258.8782824728921,1237.364128300027,1244.0067138671875,12794704
2025-01-10,1243.114481097643,1245.9896754309787,1225.4173374439545,1231.266845703125,8120332
2025-01-13,1219.4687349455062,1234.5881643828388,1215.899582365329,1229.234375,13764861
2025-01-14,1233.4479678208604,1242.6187691440975,1216.742262047884,1228.143798828125,13095266
2025-01-15,1234.2905907014622,1246.2374660533972,1231.2171573529768,1241.478515625,9578856
2025-01-16,1248.1212833322295,1264.0834104275011,1240.586378973141,1255.6065673828125,14117603
2025-01-17,1310.9288585996749,1314.6467509950228,1273.997794139219,1291.19921875,29366277
2025-01-20,1304.7324245206253,1304.7324245206253,1289.1172758229052,1294.272705078125,14040244
2025-01-21,1299.2795231523412,1301.7581181984158,1259.324522599558,1262.7945556640625,14562976
2025-01-22,1267.3552034506358,1271.9157939003728,1257.83730213362,1266.1654052734375,10273590
2025-01-23,1259.126173066555,1266.4132176584087,1250.7980702365203,1252.83056640625,8720682
2025-01-24,1255.1605533566642,1262.1006196074513,1232.8531975505623,1235.6292724609375,14235970
2025-01-27,1228.4907387555406,1229.8291557820492,1209.5542981292017,1218.82421875,9536019
2025-01-28,1227.400329601704,1234.0925365684338,1208.0672872533735,1223.8311767578125,10568025
2025-01-29,1225.4173498520336,1232.1095562529247,1217.53546627882,1224.921630859375,5928156
2025-01-30,1224.971246456504,1246.237542749693,1221.8481926097397,1242.3214111328125,9269259
2025-01-31,1245.09738698474,1256.1519448799122,1238.306060895825,1254.2681884765625,6584612
2025-02-01,1254.2681799336815,1259.6715896071485,1230.374548522757,1253.7724609375,7118453
2025-02-03,1240.2889757645512,1245.2461659154887,1226.9541826685895,1235.232666015625,9252345
2025-02-04,1237.3642207434832,1277.7653184740125,1235.9265630557768,1274.196044921875,16691069
2025-02-05,1271.6679530846961,1279.4507170461238,1265.7688244708304,1267.2559814453125,10112028
2025-02-06,1262.7945076095025,1276.9721191435924,1259.4732145791813,1270.577392578125,9956001
2025-02-07,1265.2236540965398,1272.7089385364054,1251.1947819010975,1255.8544921875,8764283
2025-02-10,1253.673337746878,1255.6562137259161,1234.8856362555493,1242.916259765625,6970972
2025-02-11,1253.7230036544372,1253.7230036544372,1219.567891058193,1224.2772216796875,8859714
2025-02-12,1209.0089844264594,1216.3952699200001,1183.1324776076385,1206.1339111328125,21131654
2025-02-13,1206.629682868639,1217.4858807075602,1201.622872489872,1205.687744140625,8511216
2025-02-14,1208.56289732395,1213.5200872227356,1195.1288642881832,1206.827880859375,10298145
2025-02-17,1200.7304615718228,1216.9900679473901,1194.1869953911457,1214.412353515625,8166683
2025-02-18,1214.362863790828,1219.3696743222742,1205.6877809072391,1214.908203125,6673250
2025-02-19,1209.0586678925579,1222.1952216847485,1207.125412159616,1216.9405517578125,6217338
2025-02-20,1213.4704313005311,1228.738599945727,1211.5371757067999,1222.4429931640625,7795582
2025-02-21,1218.1797397323817,1229.3830367840985,1211.6858938870325,1217.634521484375,6904025
2025-02-24,1206.1338768607443,1212.7764626626977,1200.1356289010387,1204.1510009765625,7172498
2025-02-25,1200.6313497853835,1210.5457292220917,1191.2126893205104,1193.6912841796875,11552182
2025-02-27,1202.416039651657,1204.597154814102,1190.370043898487,1196.7647705078125,11509215
2025-02-28,1191.7084634163882,1206.9270123506615,1183.0830013175257,1189.82470703125,23007298
2025-03-03,1193.6912720117396,1196.1202465389174,1146.1022512006402,1161.2216796875,17944938
2025-03-04,1152.2491409974891,1163.948157257321,1149.6219272411693,1151.9517822265625,11377373
2025-03-05,1151.0595745918054,1172.8712116641736,1147.0938223968292,1165.5345458984375,8664095
2025-03-06,1186.75131332057,1203.5561393973805,1175.002796955133,1199.243408203125,14468014
2025-03-07,1205.5885908312287,1244.0564330934674,1201.622838887705,1239.0992431640625,16474965
2025-03-10,1234.3402190424754,1247.2289120927182,1224.8224391488623,1227.7967529296875,11931051
2025-03-11,1229.3830600118497,1238.801720552263,1219.2208210077197,1236.62060546875,10089838
2025-03-12,1247.2289270068015,1252.1861167007874,1233.3487958636417,1246.287109375,11977555
2025-03-13,1249.2615727756533,1253.326444606414,1233.2002036288977,1237.215576171875,9505270
2025-03-17,1231.5145912773855,1246.6340190017775,1222.5420300210542,1228.2427978515625,16640917
2025-03-18,1228.2427978515625,1228.2427978515625,1228.2427978515625,1228.2427978515625,0
2025-03-19,1230.4241762433128,1242.5196714129374,1228.1934407470596,1236.471923828125,16162399
2025-03-20,1241.1316434245866,1262.1005814534499,1239.347127629136,1258.2835693359375,15971477
2025-03-21,1264.0833359554676,1270.0319634187874,1259.2252659887295,1265.4217529296875,21780769
2025-03-24,1279.9463572168718,1294.8179260458828,1273.254151243817,1290.9512939453125,20299319
2025-03-25,1296.50346593687,1296.50346593687,1271.6183955406093,1274.4439697265625,13713899
2025-03-26,1279.9464094999762,1282.7224842048433,1257.8869148358597,1262.150146484375,12074747
2025-03-27,1267.2064821612498,1273.9978081396894,1260.4151561828103,1267.2559814453125,15028056
2025-03-28,1269.0405652360093,1284.6557128160619,1258.1347478785124,1264.1824951171875,18147129
2025-04-01,1253.7723771839194,1266.9585500115554,1238.603449529153,1241.8751220703125,12099648
2025-04-02,1236.8685913550723,1244.8000957785905,1233.2498182568117,1240.437744140625,10142590
2025-04-03,1222.4927580494818,1241.08222182284,1222.4927580494818,1238.0086669921875,7434366
2025-04-04,1230.473619610667,1234.7863505024063,1182.9342181609516,1194.38525390625,17908652
2025-04-07,1122.5059464290011,1161.2216449878495,1105.304523000697,1155.7191162109375,22156106
2025-04-08,1161.9653833278503,1186.3547349162204,1153.3399207865864,1172.0780029296875,19555040
2025-04-09,1159.4867811653644,1179.613021672609,1157.9996241138485,1175.2010498046875,10223104
2025-04-11,1184.917153801556,1212.1816988912137,1184.917153801556,1208.5133056640625,11224242
2025-04-15,1240.288998738938,1240.288998738938,1226.5079856590305,1229.4822998046875,13378535
2025-04-16,1223.5336585713449,1230.2754856402491,1218.477348782242,1228.689208984375,8248464
2025-04-17,1229.5813957339365,1269.238916912585,1217.0893007676923,1263.5877685546875,15398401
2025-04-21,1259.126169726638,1289.7616259352505,1256.1518559398821,1284.4078369140625,10429964
2025-04-22,1288.8694787336528,1292.7361113748846,1275.2868257139828,1280.144775390625,13051707
2025-04-23,1285.8950708007812,1294.8180126953125,1274.3944143417477,1288.869384765625,10480888
2025-04-24,1281.3345072026398,1293.3308829080645,1279.2525115884996,1290.4556884765625,10468940
2025-04-25,1292.3394247863746,1313.85358083958,1277.071255478384,1289.2659912109375,14431012
2025-04-28,1328.5269802313521,1362.8307123815491,1308.8964585313056,1357.0804443359375,31104496
2025-04-29,1359.2614765022709,1398.8198762816546,1358.2700385179512,1387.7156982421875,32538970
2025-04-30,1389.9960230274132,1400.3070020394923,1357.2785702742715,1392.9703369140625,25480745
2025-05-02,1401.8932881277126,1414.4845019236116,1397.0352178747166,1407.6436767578125,13007841
2025-05-05,1418.747808269532,1427.1750314493302,1414.6829365878357,1419.0452880859375,12685649
2025-05-06,1418.7477523435755,1419.7391903256466,1398.5223933042987,1408.7342529296875,14084117
2025-05-07,1408.7342420156256,1412.2042749259901,1390.6899982666434,1393.9617919921875,13440169
2025-05-08,1392.0780527042998,1408.6351396947061,1386.030305191398,1394.9532470703125,16106175
2025-05-09,1373.637308764333,1382.8577303043132,1362.731491083779,1365.4083251953125,13668904
2025-05-12,1388.013077711669,1426.6791563050656,1388.013077711669,1424.2005615234375,10674081
2025-05-13,1421.226256646525,1435.304626683893,1400.3069407641844,1403.57861328125,11407896
2025-05-14,1407.8419941921477,1417.6572548355593,1403.3805230837922,1412.204345703125,5570160
2025-05-15,1412.7992032271827,1448.8875719918406,1400.6044669576877,1441.7491455078125,20177211
2025-05-16,1440.757623701411,1448.4908883531898,1434.9082364412498,1443.9302978515625,9036695
2025-05-19,1439.667043567546,1442.1456384779733,1425.886031660542,1428.4638671875,6195791
2025-05-20,1425.88599760598,1432.6278240113834,1409.6265122020175,1412.4024658203125,11270560
2025-05-21,1411.708464386899,1423.9030780659657,1405.9580760983038,1416.9630126953125,6136364
2025-05-22,1409.031659643212,1411.6094953044076,1384.9397884743898,1397.332763671875,12134466
2025-05-23,1394.5567410207764,1421.5239286750705,1394.5567410207764,1414.5838623046875,6474883
2025-05-26,1419.7391840414937,1428.6621258406371,1412.898237790455,1422.5152587890625,4842944
2025-05-27,1413.8897021801247,1424.696400543767,1401.794207036506,1409.9239501953125,12640414
2025-05-28,1407.9411620533203,1410.4197571984832,1398.621620102477,1400.8028564453125,5944611
2025-05-29,1400.0096192804465,1407.842003929875,1396.5395861721686,1405.660888671875,13771917
2025-05-30,1405.8590585766528,1418.3511529457182,1397.6300749154059,1408.7342529296875,13788484
2025-06-02,1400.0095486308933,1405.3633379328091,1383.650821945961,1401.5958251953125,8098668
2025-06-03,1410.1222707307113,1414.2862617875367,1391.3840689247124,1393.466064453125,11252626
2025-06-04,1402.5871874772963,1413.493004678654,1394.0608455067168,1411.3118896484375,8126827
2025-06-05,1415.7734397380668,1442.244785474372,1411.4110884077945,1430.0501708984375,13716817
2025-06-06,1428.6620302216834,1439.0721282906131,1424.6962785763767,1431.140625,8182161
2025-06-09,1444.5251287223314,1445.0208477095387,1432.9253528317358,1436.3953857421875,7885125
2025-06-10,1437.5850079496329,1441.4516401070769,1423.704876838395,1426.1834716796875,7913181
2025-06-11,1433.4210733170682,1456.0257865422643,1430.7441181682645,1436.4945068359375,8195700
2025-06-12,1441.055094094315,1444.5251270006308,1422.1186530105915,1429.2569580078125,8828114
2025-06-13,1411.8076840776937,1423.2092208521976,1402.1907840779525,1415.67431640625,9757276
2025-06-16,1414.6828043278585,1430.050092219024,1412.204209506703,1425.489501953125,8458093
2025-06-17,1435.602128554236,1435.602128554236,1413.5922548276174,1418.9459228515625,10366599
2025-06-18,1417.7563491543892,1430.4468040463896,1413.4931173168031,1417.85546875,6681735
2025-06-19,1417.8554020854735,1427.5715425014369,1413.4930508573852,1421.028076171875,10007230
2025-06-20,1418.7477927518771,1458.4053131642288,1415.8725983169522,1453.6463623046875,29010635
2025-06-23,1440.5593915455418,1451.266970188698,1429.6535737155343,1444.326904296875,5989078
2025-06-24,1452.4565437947847,1462.3709229333156,1430.7440292763747,1438.378173828125,16402744
2025-06-25,1451.4652666586912,1459.7933702625824,1447.9952335758323,1454.737060546875,7525851
2025-06-26,1456.5214458748073,1485.9672251547677,1452.55569413543,1482.4971923828125,14657893
2025-06-27,1486.5620421012081,1508.9685148979506,1484.0834473001275,1502.425048828125,11117052
2025-06-30,1500.838885203447,1511.7447031481738,1483.191240482831,1487.7518310546875,8409527
2025-07-01,1487.7518183386467,1518.2881567329412,1487.256099345396,1515.3138427734375,10368523
2025-07-02,1515.3139235508756,1516.9002002088087,1495.7825215605471,1505.796142578125,6361002
2025-07-03,1507.7788792727886,1518.783816287235,1500.0456148706696,1504.8045654296875,11283291
2025-07-04,1510.9515946827762,1516.900223008299,1504.2097675037892,1514.223388671875,6603501
2025-07-07,1513.5291857359532,1531.5734294639212,1511.9429091838053,1528.3016357421875,7251074
2025-07-08,1522.8487819842126,1531.6726044702705,1517.0983931213486,1524.43505859375,7171261
2025-07-09,1523.5426661942138,1537.7202774459709,1497.1704406377573,1505.9942626953125,8870660
2025-07-10,1506.688311848956,1511.6455019531181,1494.5928164048603,1504.209716796875,10047129
2025-07-11,1499.0542783474266,1502.0285923917668,1477.540121836759,1482.3980712890625,7234991
2025-07-14,1479.4236826617216,1487.1569471972039,1466.4358695278945,1470.9964599609375,10311846
2025-07-15,1473.4750846086956,1483.6869442622558,1469.7076928815193,1472.6820068359375,8132454
2025-07-16,1460.388154594461,1478.234038357326,1458.9009976142222,1472.8802490234375,10409983
2025-07-17,1474.6648507992907,1476.845965908467,1461.2804382949055,1463.759033203125,11854613
2025-07-18,1472.0871292027396,1472.0871292027396,1456.521480639079,1463.3624267578125,10296318
2025-07-21,1452.4566531183941,1463.362470991638,1410.9153771961905,1416.3682861328125,22442744
2025-07-22,1415.178583447059,1419.640054314783,1398.6214967228645,1400.70361328125,20396320
2025-07-23,1413.7905031420296,1413.7905031420296,1402.2898472373465,1412.4024658203125,8354596
2025-07-24,1407.0486714179167,1410.8161839876018,1384.0473596954969,1390.8883056640625,14740507
2025-07-25,1386.9226057137396,1389.0046012536307,1372.2492752918665,1379.7841796875,11854722
2025-07-28,1380.379191620021,1395.746480796028,1373.1416457270684,1375.7193603515625,7748361
2025-07-29,1371.1587845273314,1408.0402305383973,1371.1587845273314,1404.966796875,10750072
2025-07-30,1405.9582375902166,1411.1137879299629,1389.3021514025702,1398.0267333984375,7209849
2025-07-31,1376.215001569177,1390.5908519212596,1370.365493427784,1378.2969970703125,17065827
2025-08-01,1375.025384070285,1393.8627060383,1372.4476694796913,1381.76708984375,10321171
2025-08-04,1383.155066191865,1403.975263237478,1379.7841529413568,1399.4146728515625,6312820
2025-08-05,1398.918980991344,1398.918980991344,1376.2150271869518,1379.7841796875,9315972
2025-08-06,1379.9825595355662,1383.9483114870873,1371.456217044825,1380.8748779296875,5834312
2025-08-07,1375.818389126872,1381.7670168023217,1354.3042341107182,1377.50390625,9976705
2025-08-08,1373.1415514013454,1385.2370458989403,1353.312792536344,1356.0888671875,8793606
2025-08-11,1358.2700517359046,1376.1159356273254,1349.5453489789295,1374.331298828125,9997486
2025-08-12,1370.0682117041065,1389.8969719255274,1363.4255044148417,1368.5810546875,12244664
2025-08-13,1376.115874093997,1379.8833867126677,1365.7057756228248,1370.7620849609375,7457021
2025-08-14,1370.961308962897,1374.3455639562076,1363.794372575189,1367.4774169921875,7126128
2025-08-18,1383.602791829514,1388.4802648218374,1370.6626218339861,1375.3409423828125,11785109
2025-08-19,1383.6027633741608,1414.460091190419,1382.7068811681168,1413.564208984375,14384719
2025-08-20,1406.4969482421875,1418.342205158243,1403.510755146132,1406.4969482421875,8725641
2025-08-21,1418.4417067156319,1425.3099750709036,1413.7633861810953,1418.24267578125,11021323
2025-08-22,1413.464698965694,1416.84907536351,1401.4204113959267,1402.71435546875,5818868
2025-08-25,1408.1890657335161,1412.9670232567023,1399.230486508923,1406.0987548828125,5979407
2025-08-26,1401.519906786198,1403.5107021083375,1375.241384232256,1378.5262451171875,12145259
2025-08-28,1383.50331940736,1385.7926612650012,1360.2109883890075,1379.521728515625,13161813
2025-08-29,1374.7437651325777,1397.0406983353935,1343.7869203796088,1350.9537353515625,18758842
2025-09-01,1349.759256141992,1356.9260708455383,1334.430107544873,1347.6689453125,11232238
2025-09-02,1348.5648331807902,1378.128095842481,1348.2661652716795,1360.2109375,11517006
2025-09-03,1363.3961593284287,1370.1649121838109,1354.2385492379765,1366.2828369140625,7847563
2025-09-04,1365.4865379446771,1367.6763641601647,1350.8541196588233,1353.0440673828125,13223177
2025-09-05,1356.7271022727273,1374.6442613636364,1353.0441792852228,1368.671875,5777575
2025-09-08,1373.6488583038629,1379.6212446443146,1366.0838599076599,1372.15576171875,6986720
2025-09-09,1370.2643943031567,1374.843199236951,1362.4007284883235,1369.8662109375,9754452
2025-09-10,1377.5308659113482,1382.1096709119122,1367.7759200987732,1370.66259765625,7790815
2025-09-11,1369.6672638548873,1379.1235422027225,1368.6718661340626,1376.9337158203125,9766072
2025-09-12,1376.9337291414593,1389.873899637371,1374.146566892781,1388.579833984375,7403368
2025-09-15,1386.5889315301856,1394.3530818320328,1382.2091575524387,1392.8599853515625,5396697
2025-09-16,1398.2350616507645,1401.5199225726963,1391.7649767809332,1398.8323974609375,8686961
2025-09-17,1400.5245819104894,1409.6821922648512,1400.4250664409112,1407.2933349609375,7519417
2025-09-18,1413.8628424954393,1415.4554544293837,1404.2074124117412,1408.4876708984375,9332642
2025-09-19,1408.3882121473878,1410.4785229891424,1397.1401696768169,1400.9227294921875,13461373
2025-09-22,1397.4387885526373,1404.2074196840813,1381.6119415772491,1384.199951171875,7757970
2025-09-23,1384.5982372618869,1388.5798281670254,1370.4636381520502,1383.40380859375,14014702
2025-09-24,1378.9244730635044,1389.5751797778832,1374.0470000648747,1376.635009765625,5922759
2025-09-25,1374.942926360271,1378.128150477363,1362.6994857374575,1366.0838623046875,11411143
2025-09-26,1365.685684712474,1376.3363918134596,1359.7132983361805,1371.2598876953125,9879109
2025-09-29,1375.2413599514077,1382.6073268149732,1361.7039763015719,1366.48193359375,14231999
2025-09-30,1370.7620971908361,1370.7620971908361,1356.5279835173724,1357.722412109375,14604684
2025-10-01,1360.7086293823172,1372.255218175594,1356.4283707523282,1362.4007568359375,12045916
2025-10-03,1356.926091696157,1365.287456651113,1350.6551591113212,1357.125244140625,12842347
2025-10-06,1353.740909090909,1371.0608538471567,1352.7455113636363,1368.671875,12396580
2025-10-07,1369.667209612737,1389.47564777439,1369.5676941462978,1378.4267578125,11244040
2025-10-08,1378.426755451918,1382.6073771032557,1358.2201339506064,1361.1068115234375,8525081
2025-10-09,1367.676424553763,1373.6488106871855,1362.7989515764332,1371.458984375,8826633
2025-10-10,1371.45898859096,1381.6119964455866,1368.7713419175536,1375.3409423828125,6373084
2025-10-13,1370.5631549835205,1371.3594002602317,1361.505059967041,1368.671875,7600682
2025-10-14,1373.6488553790207,1381.612037149334,1363.7943936365562,1369.5677490234375,9768174
2025-10-15,1376.6350089791804,1377.6304066718624,1366.382364141153,1367.97509765625,10882743
2025-10-16,1368.7713249510273,1394.0544503152107,1368.671809484766,1391.8646240234375,12315932
2025-10-17,1394.5522084059296,1416.7496262080865,1392.6609284325848,1410.279541015625,19335561
2025-10-20,1433.3726108781723,1467.0170999313523,1426.7034952504036,1460.04931640625,24721978
2025-10-21,1461.2438272093502,1467.2162134241023,1453.2806455896807,1458.4566650390625,2066169
2025-10-23,1468.2115624957596,1476.0752283864208,1437.9514490416038,1441.7340087890625,18707090
2025-10-24,1443.3266994671071,1453.0816457634617,1434.3681199531734,1444.9193115234375,9700837
2025-10-27,1456.266786847925,1478.16553552233,1451.289798512833,1477.2696533203125,14113867
2025-10-28,1477.26972256393,1485.1333888036675,1470.79963742504,1480.056884765625,17631577
2025-10-29,1483.1425015536738,1501.3583271895798,1481.2512217130793,1497.277099609375,11884745
2025-10-30,1493.0964871305005,1496.1821955688695,1477.1701246011085,1481.6494140625,9318663
2025-10-31,1483.540795005222,1490.6080945575152,1475.4780977270138,1479.5592041015625,8758053
2025-11-03,1479.1610089962214,1488.1195884585134,1472.4918928888083,1477.866943359375,8452085
2025-11-04,1477.07065615293,1485.9297198935935,1463.334119430687,1466.3203125,10007806
2025-11-06,1477.1701896475465,1494.6891648996161,1469.406038969176,1489.2144775390625,16772678
2025-11-07,1487.7213309001133,1491.5038906434634,1469.1074431042953,1471.19775390625,7821765
2025-11-10,1471.0982430243503,1494.0919049344996,1468.7092643110286,1482.44580078125,7068438
2025-11-11,1490.1103850249956,1491.9021495222175,1473.3876547459602,1486.5269775390625,7127506
2025-11-12,1498.0734942427068,1517.6827797499902,1493.0965058897411,1504.5435791015625,12384459
2025-11-13,1508.0275174062697,1515.0948167835015,1499.8653048593553,1503.9464111328125,7196443
2025-11-14,1498.5711928131457,1513.900341239272,1498.5711928131457,1511.9095458984375,7682823
2025-11-17,1513.900387650411,1516.6874283079178,1504.5436249599409,1511.3123779296875,5871416
2025-11-18,1514.696568271851,1520.7685911952462,1503.5481631005248,1512.4072265625,11045042
2025-11-19,1510.4164493928117,1515.2939222795571,1505.0412776708577,1511.9095458984375,5692366
2025-11-20,1522.9585089376258,1543.7623455509595,1519.6736478639639,1541.9705810546875,18171724
2025-11-21,1533.9078528560988,1550.6305827884978,1533.0119706260582,1539.4820556640625,9615271
2025-11-24,1542.8663816107544,1542.8663816107544,1524.7501927010492,1528.831298828125,18433951
2025-11-25,1528.8313312270848,1552.4222077972818,1518.0809876078647,1532.61376953125,15033482
2025-11-26,1535.2018536795324,1564.3669320995493,1533.4100892950657,1562.6748046875,14054299
2025-11-27,1567.7513003642512,1568.2489991897637,1548.8387449947777,1556.2047119140625,9794643
2025-11-28,1560.7835875199362,1574.0224254817672,1555.806599039324,1560.285888671875,8959508
2025-12-01,1567.7513979315313,1570.2398922139623,1556.403839701944,1558.892333984375,8920233
2025-12-02,1553.9152843475838,1560.2858537619331,1534.9032130787248,1539.1834716796875,11389150
2025-12-03,1538.0884656023031,1545.2554018922647,1525.9446623591427,1531.718017578125,6090883
2025-12-04,1528.9308982335338,1553.3181423785347,1510.6155558800758,1528.53271484375,11867930
2025-12-05,1523.356635808528,1538.685784402705,1513.6016899280953,1533.5096435546875,10183266
2025-12-08,1532.1161217020071,1543.861863398969,1527.9354998822807,1535.898681640625,11301491
2025-12-09,1533.211064854301,1535.4008911036892,1513.1039592099478,1522.3612060546875,11503971
2025-12-10,1526.9401045329791,1540.3779737710465,1524.3520947592017,1529.8267822265625,7991629
2025-12-11,1529.826707449835,1542.8663926602953,1516.9860531705099,1537.889404296875,4706197
2025-12-12,1543.6628294631555,1552.62140892391,1538.9843872841,1549.3365478515625,5106655
2025-12-15,1544.060853330096,1551.4268205626304,1539.3825327747268,1549.037841796875,5774543
2025-12-16,1537.8894294536826,1544.5585453663573,1531.7180123854912,1535.201904296875,11731856
2025-12-17,1542.8664391614582,1542.8664391614582,1532.2157323461342,1537.292236328125,7116649
2025-12-18,1528.1345045583196,1544.3595357154854,1528.1345045583196,1537.292236328125,6580829
2025-12-19,1547.2461442463334,1566.9549449740825,1543.8617679066683,1557.8968505859375,13937275
2025-12-22,1566.2582562309594,1570.2398469681211,1558.0960438231807,1568.1495361328125,10184852
2025-12-23,1573.6241984599117,1573.6241984599117,1560.8830596994947,1563.4710693359375,7506564
2025-12-24,1565.4619535362338,1568.448146711295,1546.4498812900458,1551.0286865234375,8815745
2025-12-26,1547.5447581940155,1553.8158123179846,1547.1466963201515,1552.0240478515625,2311495
2025-12-29,1547.7439417510202,1550.9291658570105,1536.495898892566,1538.4866943359375,5972105
2025-12-30,1539.8801935176687,1546.449793829553,1530.7225835687998,1532.71337890625,8815884
2025-12-31,1533.9078900841737,1569.7422080874378,1533.9078900841737,1563.172607421875,5771830
2026-01-01,1566.457230908256,1585.1707553042595,1563.8692213237453,1568.3485107421875,6408128
2026-01-02,1572.7283614795997,1587.2611435561273,1570.9365970213464,1584.9718017578125,6602230
2026-01-05,1585.6684856930358,1604.3820104615531,1568.049995566515,1570.8370361328125,8704973
2026-01-06,1561.77894010158,1561.77894010158,1489.4135782872731,1500.6614990234375,27417125
2026-01-07,1503.0504545946628,1513.004431115157,1491.1056827700695,1497.277099609375,11199340
2026-01-08,1493.0965028672745,1496.9785780764303,1462.040144211037,1463.831787109375,16518684
2026-01-09,1458.2576091430024,1473.0890589574892,1458.2576091430024,1468.51025390625,8335311
2026-01-12,1468.5102348906719,1478.4642116159973,1444.322022844729,1476.373779296875,8883745
2026-01-13,1478.165525590484,1478.9618923221497,1438.050951275772,1446.11376953125,13499760
2026-01-14,1437.3542473990606,1460.2483939989072,1433.5716876182923,1452.086181640625,8321764
2026-01-15,1452.086181640625,1452.086181640625,1452.086181640625,1452.086181640625,0
2026-01-16,1452.0861898343726,1473.1885721290346,1448.4031454989463,1451.1903076171875,17167161
2026-01-19,1443.9238298491432,1443.9238298491432,1396.8415931572963,1407.0941162109375,20392765
2026-01-20,1404.207443054835,1409.4830993039366,1383.6027599099377,1387.5843505859375,13189498
2026-01-21,1383.105138772638,1406.3974698374059,1366.681076311502,1398.1356201171875,17352720
2026-01-22,1403.610286379211,1412.9670491536458,1388.5798052619484,1396.0452880859375,15721693
2026-01-23,1395.348519642108,1400.5245389866304,1374.6441992470054,1379.720703125,9837802
2026-01-27,1373.6487855396595,1385.195374217857,1361.7040134914885,1374.146484375,26302396
2026-01-28,1378.6257466723232,1403.4111724845945,1378.526231208921,1390.2718505859375,11121657
2026-01-29,1396.4434009824272,1396.4434009824272,1377.6303609139109,1384.59814453125,20846683
2026-01-30,1376.236766748553,1391.5659148620384,1372.1556606847782,1388.9779052734375,11239835
2026-02-02,1333.8329085367304,1386.4894707948447,1329.35361891851,1384.0009765625,15711165
2026-02-03,1467.1166446366906,1482.6448239290096,1423.6176937150067,1430.4859619140625,25456171
2026-02-04,1437.3543194605445,1457.2622740237098,1433.6713964697635,1450.095458984375,8333387
2026-02-05,1450.2944646433757,1454.7737543419996,1432.8750047042822,1436.757080078125,11763658
2026-02-06,1434.865799564727,1446.113842295832,1426.9026178813986,1444.123046875,8277304
2026-02-09,1451.2898835062008,1459.153549837875,1446.3128948796364,1454.873291015625,5775864
2026-02-10,1464.2299462371711,1464.2299462371711,1445.5164217743147,1451.7874755859375,10259630
2026-02-11,1452.882456999606,1463.234617369774,1446.91007080626,1461.9405517578125,7106877
2026-02-12,1463.2345557130195,1466.2207486838624,1438.8473131178025,1442.231689453125,11135399
2026-02-13,1438.8473526451965,1444.0233720001163,1409.7817888672503,1413.0665283203125,10755693
2026-02-16,1413.564201587246,1432.9744560797708,1402.8139796964888,1430.4859619140625,5896514
2026-02-17,1424.5136248062843,1425.2104761017015,1412.0711535507119,1416.450927734375,10731630
2026-02-18,1420.4325123887006,1435.4629932986807,1412.6683617554224,1434.666748046875,5521096
2026-02-19,1436.3588845536149,1436.3588845536149,1393.5567833507007,1403.0130615234375,11884664
2026-02-20,1403.013091941889,1420.8307355027325,1399.6287153786739,1412.8675537109375,8177670
2026-02-23,1418.4416634695872,1428.2961245911818,1411.772547760535,1421.4278564453125,7758856
2026-02-24,1418.7403513100855,1426.7035326906043,1408.4877066792656,1422.2242431640625,12529409
2026-02-25,1428.395737725409,1433.8704252219175,1387.0867320699354,1392.063720703125,10728792
2026-02-26,1392.0637118415314,1406.397463315574,1385.4941111892442,1400.3255615234375,16683858
2026-02-27,1391.5659695052796,1403.9089251530934,1381.711508080472,1387.48486328125,12031440
2026-03-02,1369.1694587628867,1372.2551671563263,1335.3259388807069,1351.75,23728722
2026-03-04,1323.8789706886037,1346.5740873609554,1300.9848230751916,1338.8099365234375,32495007
2026-03-05,1346.8726294272453,1392.5614090361375,1346.8726294272453,1383.005615234375,25957532
2026-03-06,1390.0728674061675,1417.7449716586152,1383.9014503612218,1398.334716796875,19311971
2026-03-09,1368.6718029922313,1422.8214608086796,1363.6948146177142,1417.4462890625,24870822
2026-03-10,1424.015880450879,1424.9117626543534,1394.1539503917586,1402.3162841796875,18071259
2026-03-11,1418.34212900751,1427.4002232775151,1377.2321576556008,1383.8017578125,21848087
2026-03-12,1383.6027762448114,1404.4066120742223,1374.7437125844203,1385.7926025390625,20939959
2026-03-13,1378.8248707870416,1394.3531723993444,1372.0562392077015,1374.3455810546875,17265090
2026-03-16,1373.6488401657623,1390.8692691567512,1357.224777946389,1388.6793212890625,22837802
2026-03-17,1392.5613056143347,1399.429573667814,1381.8109624429321,1391.167724609375,19007744
2026-03-18,1390.7696473738063,1406.3974645008152,1390.7696473738063,1401.6195068359375,9559327
2026-03-19,1381.6119817895922,1409.1844489610974,1369.7667250791762,1378.4267578125,16498373
2026-03-20,1391.5659566755692,1423.4186824363833,1389.6746767818195,1407.8905029296875,22994918
2026-03-23,1393.5567722314413,1409.0849519631759,1384.598192981382,1401.3209228515625,18979554
2026-03-24,1413.4647025895886,1415.8536813182018,1400.1263494042955,1405.302490234375,18620893
2026-03-25,1413.464703831985,1423.9163794589117,1401.9181150601291,1406.596435546875,19041331
2026-03-27,1394.552193095842,1398.235116023098,1338.809921280448,1341.8956298828125,23266517
2026-03-30,1328.855902170806,1358.7178325566667,1327.960019957529,1337.7149658203125,24393861
2026-04-01,1377.8294025098971,1378.028554948465,1356.6275051009459,1362.8984375,14404619
2026-04-02,1350.7546307176451,1351.9490593116357,1321.8880984473344,1344.2845458984375,21280051
2026-04-06,1352.7454554606609,1352.7454554606609,1284.0630151171836,1298.6953125,29274881
2026-04-07,1289.040031502862,1302.2788696189978,1285.058440671965,1298.5958251953125,28388922
2026-04-08,1342.7914745147666,1344.3840865060406,1320.0963587364665,1341.5970458984375,21817543
2026-04-09,1339.8052690319548,1343.7868597274437,1320.195983460075,1323.87890625,20725390
2026-04-10,1330.8467605257397,1346.0763943468285,1325.3720730291864,1343.9859619140625,19364461
2026-04-13,1315.1193869938081,1321.4899565481755,1303.970981405046,1309.0474853515625,28753269
2026-04-15,1330.8467629297493,1340.8007402141902,1328.059600686701,1337.9140625,15313779
2026-04-16,1345.7777093601655,1347.5694738488123,1323.8789596516422,1337.1177978515625,30211012
2026-04-17,1333.832952366644,1362.1022720767137,1333.832952366644,1358.7178955078125,13869105
2026-04-20,1356.9261198573818,1366.6810660920328,1346.5740808024586,1357.0257568359375,13614733
2026-04-21,1352.7454957201878,1363.4958396538184,1343.8864317482064,1347.07177734375,27293629
2026-04-22,1344.085556855853,1359.7132520720183,1342.8910067161314,1355.8311767578125,9525953
2026-04-23,1339.8052948565,1349.261572940554,1334.529638479888,1337.21728515625,16385079
2026-04-24,1333.8328899956957,1339.7057606040942,1318.9019248091768,1321.6890869140625,11744802
2026-04-27,1306.9571155871217,1365.2873936261717,1304.9663202853897,1359.51416015625,24673098
2026-04-28,1351.7500009887617,1388.7787447541255,1350.75460334444,1382.5078125,41027699
2026-04-29,1385.5935377241706,1427.2012083655534,1384.896807968084,1418.83984375,30542143
2026-04-30,1402.5153692729207,1430.386505071105,1386.6885214286783,1424.215087890625,30957881
2026-05-01,1424.215087890625,1424.215087890625,1424.215087890625,1424.215087890625,0
2026-05-04,1426.8030702776819,1460.6465916696056,1426.8030702776819,1456.3663330078125,24035700
2026-05-05,1453.280606341501,1466.6189594959255,1443.3266295857375,1456.864013671875,23543341
2026-05-06,1456.2668061036345,1466.519450812893,1420.9301884572374,1431.2823486328125,14221786
2026-05-07,1432.1782190445704,1442.828925531327,1423.717338832762,1429.590087890625,19816903
2026-05-08,1419.4371163507371,1436.1598462687914,1410.9762359236815,1428.5947265625,8663105
2026-05-11,1413.4647305422184,1421.427912122738,1375.6396180347506,1381.81103515625,15261787
2026-05-12,1385.593546668805,1387.0866431630602,1354.0394893602804,1357.722412109375,24357500
2026-05-13,1355.1343963286624,1366.0837705701026,1346.1758174038478,1352.54638671875,13797989
2026-05-14,1358.9168476375535,1371.6579863902991,1352.148216400817,1355.5325927734375,17303059
2026-05-15,1350.5556491178086,1358.5188307246153,1323.082575367519,1330.24951171875,19976192
2026-05-18,1327.860551095503,1335.8237328112184,1312.6309174607939,1329.7518310546875,13022473
2026-05-19,1332.5387892026445,1337.8144453658963,1312.3322897558653,1316.6124267578125,21665501
2026-05-20,1312.6308349443716,1356.6274840630256,1306.558933569541,1353.442138671875,13248515
2026-05-21,1360.9076465750106,1364.590690861155,1339.0088978228712,1343.388671875,17150630
2026-05-22,1343.7868238683554,1361.106767233248,1342.8909416840763,1348.26611328125,7105813
2026-05-25,1360.5095872329855,1364.7897243191815,1350.7546414401118,1360.7086181640625,6750071
2026-05-26,1353.8404218493883,1362.2017870434288,1346.1759079681497,1350.0579833984375,13769747
2026-05-27,1346.7730400596713,1354.736221375619,1342.393266034199,1344.2845458984375,13215138
2026-05-28,1344.2845458984375,1344.2845458984375,1344.2845458984375,1344.2845458984375,0
2026-05-29,1357.7224546740495,1362.6994431442622,1310.9387630540493,1315.119384765625,42634247
2026-06-01,1326.3673976551404,1329.353590670499,1312.4318302501333,1313.9249267578125,10700603
2026-06-02,1301.6815361898255,1321.689127358814,1294.3156903458798,1308.5498046875,23302785
2026-06-03,1308.9480145168118,1317.906594083847,1295.0124463014238,1307.15625,20012293
2026-06-04,1295.0124259474096,1305.1654340270677,1287.1487597049047,1297.699951171875,23474327
2026-06-05,1304.5,1306.0,1288.0,1291.0,17785223
2026-06-08,1277.0,1282.5999755859375,1259.199951171875,1263.300048828125,16494759
2026-06-09,1269.0,1274.199951171875,1257.5,1269.199951171875,23620214
2026-06-10,1275.0,1300.5,1254.4000244140625,1258.800048828125,21012796
2026-06-11,1258.0,1276.0,1253.199951171875,1263.0,13117486
2026-06-12,1277.0,1297.0,1262.5,1293.0,11988785
2026-06-15,1315.300048828125,1325.0,1303.300048828125,1307.0,18633321
2026-06-16,1313.4000244140625,1333.4000244140625,1306.4000244140625,1328.800048828125,18513223
2026-06-17,1333.0,1334.0,1317.0,1332.699951171875,10029170
2026-06-18,1330.0,1333.9000244140625,1322.0,1328.0999755859375,15494549
2026-06-19,1328.0,1338.199951171875,1305.300048828125,1309.5,24887034
2026-06-22,1316.699951171875,1344.9000244140625,1314.0999755859375,1326.5,12931213
2026-06-23,1328.9000244140625,1333.0,1304.0,1309.5,15400184
2026-06-24,1305.699951171875,1322.0,1297.5,1313.5999755859375,11030917
2026-06-25,1318.0,1328.0,1314.5999755859375,1318.0999755859375,12694362
2026-06-26,1318.0999755859375,1318.0999755859375,1318.0999755859375,1318.0999755859375,0
2026-06-29,1308.0,1313.699951171875,1292.5999755859375,1301.0,13757656
2026-06-30,1306.9000244140625,1306.9000244140625,1290.0,1293.9000244140625,15695263
2026-07-01,1298.9000244140625,1312.199951171875,1296.5,1308.0,7001401
2026-07-02,1310.0,1313.199951171875,1299.0,1303.5,17795024
2026-07-03,1312.0,1312.0,1302.0,1304.0,7839550
2026-07-06,1304.0,1325.5999755859375,1299.4000244140625,1321.300048828125,7610709
2026-07-07,1323.5,1328.0,1304.0999755859375,1308.4000244140625,14335554
2026-07-08,1297.0,1302.300048828125,1271.5999755859375,1275.9000244140625,19960868
2026-07-09,1277.0999755859375,1296.5,1274.199951171875,1279.800048828125,14651963
2026-07-10,1291.9000244140625,1311.0999755859375,1287.800048828125,1307.800048828125,8412537
2026-07-13,1300.0,1306.4000244140625,1295.0,1296.9000244140625,9488352
2026-07-14,1290.0,1308.0,1286.9000244140625,1293.0,13511284
2026-07-15,1294.0999755859375,1310.9000244140625,1294.0999755859375,1295.5,9577965
2026-07-16,1295.5,1309.4000244140625,1291.800048828125,1296.5999755859375,15631046
2026-07-17,1300.0,1330.300048828125,1296.0999755859375,1327.199951171875,18302218
2026-07-20,1317.199951171875,1345.9000244140625,1314.9000244140625,1323.0999755859375,14305844
2026-07-21,1321.0,1326.9000244140625,1302.699951171875,1303.699951171875,12753410
2026-07-22,1302.0,1304.5999755859375,1280.699951171875,1288.5999755859375,10840383
2026-07-23,1283.0,1287.300048828125,1268.0,1272.199951171875,12580741
2026-07-24,1265.0,1283.4000244140625,1249.800048828125,1278.0,9817000
2026-07-27,1288.199951171875,1288.699951171875,1278.0,1280.0,7163132
2026-07-28,1275.0,1279.199951171875,1265.9000244140625,1267.699951171875,9312184
2026-07-29,1275.0,1282.4000244140625,1268.699951171875,1275.9000244140625,9448307
2026-07-30,1279.800048828125,1297.0,1275.300048828125,1292.9000244140625,12158451
2026-07-31,1295.0,1309.699951171875,1293.5999755859375,1307.800048828125,8624996
2026-08-03,1315.199951171875,1319.0,1306.0,1319.0,7508023
2026-08-04,1315.0,1315.0,1286.4000244140625,1290.9000244140625,10759546
2026-08-05,1293.0,1299.0,1270.0999755859375,1280.0,24820782
2026-08-06,1285.0,1325.199951171875,1281.199951171875,1325.0,20342297
2026-08-07,1320.0,1337.0,1316.5999755859375,1334.800048828125,9885638
2026-08-10,1330.0999755859375,1332.9000244140625,1321.300048828125,1327.300048828125,8207102
2026-08-11,1326.5999755859375,1328.699951171875,1314.0999755859375,1323.9000244140625,9953124
2026-08-12,1323.9000244140625,1329.0,1309.199951171875,1329.0,7901012
2026-08-13,1327.800048828125,1327.800048828125,1307.199951171875,1317.0,9397301
2026-08-14,1317.0,1317.5,1301.5,1310.0,10497358
2026-08-17,1314.0,1320.800048828125,1298.0999755859375,1316.0,13383867
2026-08-18,1314.0,1328.5999755859375,1311.199951171875,1322.0,10180567
2026-08-19,1320.300048828125,1321.5999755859375,1303.5,1311.0,7489365
2026-08-20,1315.5,1316.5,1307.0,1313.199951171875,5546227
2026-08-21,1314.0,1316.0,1308.0,1316.0,5434871
2026-08-24,1316.5999755859375,1320.0,1302.4000244140625,1309.800048828125,7277167
2026-08-25,1304.300048828125,1317.0999755859375,1300.0,1317.0,7115355
2026-08-26,1310.0,1315.5999755859375,1298.0,1298.0,5744474
2026-08-27,1305.0,1308.4000244140625,1282.199951171875,1282.199951171875,11271497
2026-08-28,1284.9000244140625,1291.800048828125,1280.0,1287.0,6830228
2026-08-31,1278.699951171875,1297.5999755859375,1271.0,1277.0,34871137
2026-09-01,1285.0,1311.800048828125,1280.0,1309.0,12617528
2026-09-02,1298.0,1321.9000244140625,1293.0999755859375,1313.0999755859375,13497841
2026-09-03,1313.0999755859375,1316.800048828125,1302.5,1302.5,9721454
2026-09-04,1304.0999755859375,1333.0,1304.0999755859375,1322.0,13031534
2026-09-07,1323.0999755859375,1324.199951171875,1301.9000244140625,1309.5,10210522
2026-09-08,1304.0999755859375,1306.800048828125,1288.0,1294.9000244140625,9799528
2026-09-09,1283.5,1294.699951171875,1277.199951171875,1279.0,12152819
2026-09-10,1278.5,1285.300048828125,1266.300048828125,1274.0,9296079
2026-09-11,1267.0,1267.4000244140625,1253.0,1257.5,8777736
2026-09-14,1257.5,1257.5,1257.5,1257.5,0
2026-09-15,1252.5,1259.4000244140625,1235.300048828125,1235.300048828125,13754376
2026-09-16,1243.0,1255.0,1240.0,1240.0,10023997
2026-09-17,1244.800048828125,1253.4000244140625,1238.5,1243.9000244140625,7752895
2026-09-18,1245.0,1247.300048828125,1226.4000244140625,1226.4000244140625,15122715
2026-09-21,1234.0999755859375,1249.0999755859375,1232.5,1247.4000244140625,10007218
2026-09-22,1247.5999755859375,1251.9000244140625,1237.4000244140625,1240.4000244140625,10684376
2026-09-23,1242.0,1252.800048828125,1238.9000244140625,1248.0,8352048
2026-09-24,1236.5999755859375,1241.5999755859375,1219.199951171875,1219.199951171875,13923795
2026-09-25,1210.5,1227.4000244140625,1210.5,1226.0,13138735
2026-09-28,1218.0,1219.699951171875,1197.0,1197.5999755859375,13602349
2026-09-29,1193.800048828125,1198.300048828125,1181.800048828125,1182.0,24191416
2026-09-30,1182.0,1196.5,1181.699951171875,1187.0,16376789
2026-10-01,1180.0999755859375,1183.9000244140625,1160.800048828125,1167.699951171875,16771221
2026-10-02,1167.699951171875,1167.699951171875,1167.699951171875,1167.699951171875,0
2026-10-05,1171.199951171875,1193.0,1171.199951171875,1186.4000244140625,14254907
2026-10-06,1188.0999755859375,1219.0999755859375,1188.0999755859375,1218.0,17995025
